-- File di popolamento fittizio per test su FilmSphere
-- Creato da Ciucci Riccardo e Gallo Simone

USE `FilmSphere`;

/*!SET @OLD_UNIQUE_CHECKS=@@UNIQUE_CHECKS, UNIQUE_CHECKS=0*/;
/*!SET @OLD_FOREIGN_KEY_CHECKS=@@FOREIGN_KEY_CHECKS, FOREIGN_KEY_CHECKS=0*/;
/*!SET @OLD_SQL_MODE=@@SQL_MODE, SQL_MODE='STRICT_TRANS_TABLES,NO_ZERO_IN_DATE,NO_ZERO_DATE,ERROR_FOR_DIVISION_BY_ZERO,NO_ENGINE_SUBSTITUTION'*/;

-- Procedure chiamate dagli scirpt di inserimento per inserire relazioni tra tabelle

DELIMITER $$

DROP PROCEDURE IF EXISTS `EsclusioneCasuale` $$

CREATE PROCEDURE `EsclusioneCasuale`(IN abb VARCHAR(50))
BEGIN
    REPLACE INTO `Esclusione` (`Genere`, `Abbonamento`)
        SELECT `Genere`.`Nome`, abb
        FROM `Genere`
        ORDER BY RAND()
        LIMIT 1;
END $$

DROP PROCEDURE IF EXISTS `RecensioneCasuale` $$

CREATE PROCEDURE `RecensioneCasuale`(IN utente VARCHAR(100))
BEGIN
    REPLACE INTO `Recensione` (`Film`, `Utente`, `Voto`)
        WITH `FilmCasuale` AS (
            SELECT `Edizione`.`Film` AS "ID"
            FROM `Edizione`
            ORDER BY RAND()
            LIMIT 1
        )
        SELECT F.`ID`, utente, RAND() * 5
        FROM `FilmCasuale` F;
END $$

DROP PROCEDURE IF EXISTS `VisualizzazioneCasuale` $$

CREATE PROCEDURE `VisualizzazioneCasuale`(IN utente VARCHAR(100), IN IP INT UNSIGNED, IN Inizio TIMESTAMP)
BEGIN
    REPLACE INTO `Visualizzazione` (`Timestamp`, `Utente`, `IP`, `InizioConnessione`, `Edizione`)
        WITH `RandEdizione` AS (
            SELECT E.`ID`
            FROM `Edizione` E
            ORDER BY RAND()
            LIMIT 1
        )
        SELECT TIMESTAMPADD(SECOND, FLOOR(RAND() * 1024), Inizio), utente, IP, Inizio, E.`ID`
        FROM `RandEdizione` E;
END $$

DROP PROCEDURE IF EXISTS `RandPoP` $$

CREATE PROCEDURE `RandPoP`(IN server_id INT)
BEGIN
    REPLACE INTO `PoP` (`File`, `Server`)
        WITH `RandFile` AS (
            SELECT F.`ID`
            FROM `File` F
            ORDER BY RAND()
            LIMIT 1
        )
        SELECT F.`ID`, server_id
        FROM `RandFile` F;
END $$

DROP PROCEDURE IF EXISTS `AggiungiErogazioni` $$

CREATE PROCEDURE `AggiungiErogazioni`()
BEGIN
    REPLACE INTO `Erogazione` (`Timestamp`, `Edizione`, `Utente`, `IP`, `InizioConnessione`, `InizioErogazione`, `Server`)
        WITH `VisualizzazioniInCorso` AS (
            SELECT V.*
            FROM `Visualizzazione` V
                INNER JOIN `Edizione` E ON E.`ID` = V.`Edizione`
            WHERE TIMESTAMPDIFF(SECOND, CURRENT_TIMESTAMP, `Timestamp`) <= E.`Lunghezza`
        )
        SELECT V.*, V.`TimeStamp`, `PoP`.`Server`
        FROM `VisualizzazioniInCorso` V
            INNER JOIN `File` F USING(`Edizione`)
            INNER JOIN `PoP` ON `PoP`.`File` = F.`ID`;
END $$

DELIMITER ;

REPLACE INTO `Genere` (`Nome`) VALUES
('Cartoni Animati'),
('Anime'),
('Basato su un libro'),
('Basato su un fumetto'),
('Basato su un manga'),
('Basato su un gioco'),
('Adattato dal teatro'),
('Documentari'),
('Ispirato a eventi reali'),
('Sport'),
('Storico'),
('Guerra'),
('Tragedia'),
('Catastrofico'),
('Apocalittico'),
('Fantascienza'),
('Fantasy'),
('Noir'),
('Polizesco'),
('Giallo'),
('Neo-Noir'),
('Thriller'),
('Horror'),
('Azione'),
('Corse'),
('Western'),
('Commedia'),
('Satirico'),
('Dramma');


REPLACE INTO `Lingua` (`Nome`) VALUES 
('Afrikaans'),
('Albanese'),
('Arabo'),
('Armeno'),
('Bielorusso'),
('Bislamo'),
('Bodo'),
('Bosniaco'),
('Bulgaro'),
('Caroliniano'),
('Catalano'),
('Ceco'),
('Chamorro'),
('Chichewa'),
('Chuukese'),
('Comoriano'),
('Coreano'),
('Creolo'),
('Croato'),
('Curdo'),
('Danese'),
('Ebraico'),
('Estone'),
('Faroese'),
('Figiano'),
('Filippino'),
('Finlandese'),
('Francese'),
('Georgiano'),
('Giapponese'),
('Giavanese'),
('Gilbertese'),
('Greco'),
('Groenlandese'),
('Guaraní'),
('Gujarati'),
('Hawaiano'),
('Hindi'),
('Indonesiano'),
('Inglese'),
('Irlandese'),
('Islandese'),
('Italiano'),
('Kannada'),
('Kashmiri'),
('Kosraese'),
('Ladino'),
('Lao'),
('Latino'),
('Lettone'),
('Lituano'),
('Lussemburghese'),
('Macedone'),
('Maithili'),
('Malayalam'),
('Malese'),
('Malgascio'),
('Maltese'),
('Mandarino'),
('Manipuri'),
('Maori'),
('Marathi'),
('Marshallese'),
('Mirandese'),
('Moldavo'),
('Monegasco'),
('Mongolo'),
('Nauruana'),
('Nepalese'),
('Norvegese'),
('Occitano'),
('Olandese'),
('Oriya'),
('Pashto'),
('Palauano'),
('Papiamento'),
('Persiano'),
('Pohnpeiano'),
('Polacco'),
('Portoghese'),
('Punjabi'),
('Romancio'),
('Romaní'),
('Rumeno'),
('Russo'),
('Ruteno'),
('Shona'),
('Somalo'),
('Sindhi'),
('Singalese'),
('Slovacco'),
('Spagnolo'),
('Svedese'),
('Swahili'),
('Tamil'),
('Tataro'),
('Tedesco'),
('Telugu'),
('Tetum'),
('Thai'),
('Tosco'),
('Tsonga'),
('Tswana'),
('Turco'),
('Turkmeno'),
('Ucraino'),
('Ungherese'),
('Urdu'),
('Uzbeko'),
('Venda'),
('Xhosa'),
('Yapese'),
('Yiddish'),
('Yorube'),
('Yue'),
('Zulu');



REPLACE INTO `Paese` (`Codice`, `Nome`, `Posizione`) VALUES
('AD', 'Andorra', POINT(1.601554,42.546245)),
('AE', 'United Arab Emirates', POINT(53.847818,23.424076)),
('AF', 'Afghanistan', POINT(67.709953,33.93911)),
('AG', 'Antigua and Barbuda', POINT(-61.796428,17.060816)),
('AI', 'Anguilla', POINT(-63.068615,18.220554)),
('AL', 'Albania', POINT(20.168331,41.153332)),
('AM', 'Armenia', POINT(45.038189,40.069099)),
('AO', 'Angola', POINT(17.873887,-11.202692)),
('AQ', 'Antarctica', POINT(-0.071389,-75.250973)),
('AR', 'Argentina', POINT(-63.616672,-38.416097)),
('AT', 'Austria', POINT(14.550072,47.516231)),
('AU', 'Australia', POINT(133.775136,-25.274398)),
('AZ', 'Azerbaijan', POINT(47.576927,40.143105)),
('BA', 'Bosnia and Herzegovina', POINT(17.679076,43.915886)),
('BB', 'Barbados', POINT(-59.543198,13.193887)),
('BD', 'Bangladesh', POINT(90.356331,23.684994)),
('BE', 'Belgium', POINT(4.469936,50.503887)),
('BF', 'Burkina Faso', POINT(-1.561593,12.238333)),
('BG', 'Bulgaria', POINT(25.48583,42.733883)),
('BO', 'Bolivia', POINT(-63.588653,-16.290154)),
('BR', 'Brazil', POINT(-51.92528,-14.235004)),
('BS', 'Bahamas', POINT(-77.39628,25.03428)),
('BT', 'Bhutan', POINT(90.433601,27.514162)),
('BV', 'Bouvet Island', POINT(3.413194,-54.423199)),
('BW', 'Botswana', POINT(24.684866,-22.328474)),
('BY', 'Belarus', POINT(27.953389,53.709807)),
('BZ', 'Belize', POINT(-88.49765,17.189877)),
('CA', 'Canada', POINT(-106.346771,56.130366)),
('CF', 'Central African Republic', POINT(20.939444,6.611111)),
('CH', 'Switzerland', POINT(8.227512,46.818188)),
('CK', 'Cook Islands', POINT(-159.777671,-21.236736)),
('CL', 'Chile', POINT(-71.542969,-35.675147)),
('CM', 'Cameroon', POINT(12.354722,7.369722)),
('CN', 'China', POINT(104.195397,35.86166)),
('CO', 'Colombia', POINT(-74.297333,4.570868)),
('CR', 'Costa Rica', POINT(-83.753428,9.748917)),
('CU', 'Cuba', POINT(-77.781167,21.521757)),
('CY', 'Cyprus', POINT(33.429859,35.126413)),
('CZ', 'Czech Republic', POINT(15.472962,49.817492)),
('DE', 'Germany', POINT(10.451526,51.165691)),
('DZ', 'Algeria', POINT(1.659626,28.033886)),
('EC', 'Ecuador', POINT(-78.183406,-1.831239)),
('EE', 'Estonia', POINT(25.013607,58.595272)),
('EG', 'Egypt', POINT(30.802498,26.820553)),
('ER', 'Eritrea', POINT(39.782334,15.179384)),
('ES', 'Spain', POINT(-3.74922,40.463667)),
('ET', 'Ethiopia', POINT(40.489673,9.145)),
('FI', 'Finland', POINT(25.748151,61.92411)),
('FO', 'Faroe Islands', POINT(-6.911806,61.892635)),
('FR', 'France', POINT(2.213749,46.227638)),
('GA', 'Gabon', POINT(11.609444,-0.803689)),
('GB', 'United Kingdom', POINT(-3.435973,55.378051)),
('GD', 'Grenada', POINT(-61.604171,12.262776)),
('GE', 'Georgia', POINT(43.356892,42.315407)),
('GF', 'French Guiana', POINT(-53.125782,3.933889)),
('GG', 'Guernsey', POINT(-2.585278,49.465691)),
('GH', 'Ghana', POINT(-1.023194,7.946527)),
('GI', 'Gibraltar', POINT(-5.345374,36.137741)),
('GL', 'Greenland', POINT(-42.604303,71.706936)),
('GM', 'Gambia', POINT(-15.310139,13.443182)),
('GR', 'Greece', POINT(21.824312,39.074208)),
('GY', 'Guyana', POINT(-58.93018,4.860416)),
('GZ', 'Gaza Strip', POINT(34.308825,31.354676)),
('HK', 'Hong Kong', POINT(114.109497,22.396428)),
('ID', 'Indonesia', POINT(113.921327,-0.789275)),
('IE', 'Ireland', POINT(-8.24389,53.41291)),
('IL', 'Israel', POINT(34.851612,31.046051)),
('IQ', 'Iraq', POINT(43.679291,33.223191)),
('IR', 'Iran', POINT(53.688046,32.427908)),
('IS', 'Iceland', POINT(-19.020835,64.963051)),
('IT', 'Italy', POINT(12.56738,41.87194)),
('KH', 'Cambodia', POINT(104.990963,12.565679)),
('KP', 'North Korea', POINT(127.510093,40.339852)),
('KR', 'South Korea', POINT(127.766922,35.907757)),
('KW', 'Kuwait', POINT(47.481766,29.31166)),
('KZ', 'Kazakhstan', POINT(66.923684,48.019573)),
('LA', 'Laos', POINT(102.495496,19.85627)),
('LB', 'Lebanon', POINT(35.862285,33.854721)),
('LI', 'Liechtenstein', POINT(9.555373,47.166)),
('LK', 'Sri Lanka', POINT(80.771797,7.873054)),
('LR', 'Liberia', POINT(-9.429499,6.428055)),
('LS', 'Lesotho', POINT(28.233608,-29.609988)),
('LT', 'Lithuania', POINT(23.881275,55.169438)),
('LU', 'Luxembourg', POINT(6.129583,49.815273)),
('LV', 'Latvia', POINT(24.603189,56.879635)),
('LY', 'Libya', POINT(17.228331,26.3351)),
('MA', 'Morocco', POINT(-7.09262,31.791702)),
('MC', 'Monaco', POINT(7.412841,43.750298)),
('MD', 'Moldova', POINT(28.369885,47.411631)),
('ME', 'Montenegro', POINT(19.37439,42.708678)),
('MG', 'Madagascar', POINT(46.869107,-18.766947)),
('MH', 'Marshall Islands', POINT(171.184478,7.131474)),
('MK', 'Macedonia', POINT(21.745275,41.608635)),
('ML', 'Mali', POINT(-3.996166,17.570692)),
('MM', 'Myanmar', POINT(95.956223,21.913965)),
('MN', 'Mongolia', POINT(103.846656,46.862496)),
('MY', 'Malaysia', POINT(101.975766,4.210484)),
('MZ', 'Mozambique', POINT(35.529562,-18.665695)),
('NI', 'Nicaragua', POINT(-85.207229,12.865416)),
('NL', 'Netherlands', POINT(5.291266,52.132633)),
('NO', 'Norway', POINT(8.468946,60.472024)),
('NP', 'Nepal', POINT(84.124008,28.394857)),
('NR', 'Nauru', POINT(166.931503,-0.522778)),
('NU', 'Niue', POINT(-169.867233,-19.054445)),
('NZ', 'New Zealand', POINT(174.885971,-40.900557)),
('OM', 'Oman', POINT(55.923255,21.512583)),
('PA', 'Panama', POINT(-80.782127,8.537981)),
('PE', 'Peru', POINT(-75.015152,-9.189967)),
('PF', 'French Polynesia', POINT(-149.406843,-17.679742)),
('PG', 'Papua New Guinea', POINT(143.95555,-6.314993)),
('PH', 'Philippines', POINT(121.774017,12.879721)),
('PK', 'Pakistan', POINT(69.345116,30.375321)),
('PL', 'Poland', POINT(19.145136,51.919438)),
('PY', 'Paraguay', POINT(-58.443832,-23.442503)),
('QA', 'Qatar', POINT(51.183884,25.354826)),
('RE', 'Réunion', POINT(55.536384,-21.115141)),
('RO', 'Romania', POINT(24.96676,45.943161)),
('RS', 'Serbia', POINT(21.005859,44.016521)),
('RU', 'Russia', POINT(105.318756,61.52401)),
('RW', 'Rwanda', POINT(29.873888,-1.940278)),
('SA', 'Saudi Arabia', POINT(45.079162,23.885942)),
('SB', 'Solomon Islands', POINT(160.156194,-9.64571)),
('SC', 'Seychelles', POINT(55.491977,-4.679574)),
('SD', 'Sudan', POINT(30.217636,12.862807)),
('SE', 'Sweden', POINT(18.643501,60.128161)),
('SG', 'Singapore', POINT(103.819836,1.352083)),
('SH', 'Saint Helena', POINT(-10.030696,-24.143474)),
('SI', 'Slovenia', POINT(14.995463,46.151241)),
('SK', 'Slovakia', POINT(19.699024,48.669026)),
('SL', 'Sierra Leone', POINT(-11.779889,8.460555)),
('SN', 'Senegal', POINT(-14.452362,14.497401)),
('SO', 'Somalia', POINT(46.199616,5.152149)),
('SR', 'Suriname', POINT(-56.027783,3.919305)),
('TR', 'Turkey', POINT(35.243322,38.963745)),
('UA', 'Ukraine', POINT(31.16558,48.379433)),
('UG', 'Uganda', POINT(32.290275,1.373333)),
('US', 'United States', POINT(-95.712891,37.09024)),
('UY', 'Uruguay', POINT(-55.765835,-32.522779)),
('UZ', 'Uzbekistan', POINT(64.585262,41.377491)),
('VA', 'Vatican City', POINT(12.453389,41.902916)),
('VC', 'Saint Vincent and the Grenadines', POINT(-61.287228,12.984305)),
('VE', 'Venezuela', POINT(-66.58973,6.42375)),
('VG', 'British Virgin Islands', POINT(-64.639968,18.420695)),
('VI', 'U.S. Virgin Islands', POINT(-64.896335,18.335765)),
('VN', 'Vietnam', POINT(108.277199,14.058324)),
('VU', 'Vanuatu', POINT(166.959158,-15.376706)),
('WF', 'Wallis and Futuna', POINT(-177.156097,-13.768752)),
('WS', 'Samoa', POINT(-172.104629,-13.759029)),
('XK', 'Kosovo', POINT(20.902977,42.602636)),
('YE', 'Yemen', POINT(48.516388,15.552727)),
('YT', 'Mayotte', POINT(45.166244,-12.8275)),
('ZA', 'South Africa', POINT(22.937506,-30.559482)),
('ZM', 'Zambia', POINT(27.849332,-13.133897)),
('ZW', 'Zimbabwe', POINT(29.154857,-19.015438));

REPLACE INTO `Artista` VALUES
('Vincenzino', 'Fiore', 8.43),
('Fernando', 'De Simone', 3.79),
('Sara', 'Scognamiglio', 8.84),
('Giulio', 'Esposito', 9.12),
('Luca', 'Zannelli', 2.1),
('Luca', 'Fiore', 3.15),
('Loris', 'Zannelli', 5.55),
('Sara', 'Della Valle', 2.33),
('Jasmine', 'Gallo', 4.48),
('Giada', 'Della Valle', 7.67),
('Giacomo', 'Rossi', 1.66),
('Gianmarco', 'Fabbricatore', 0.58),
('Pasquale', 'Fabbricatore', 6.24),
('Jacopo', 'Fabbricatore', 2.88),
('Antonio', 'Scognamiglio', 5.84),
('Alessio', 'Gallo', 7.21),
('Lorenzo', 'Fiore', 6.48),
('Costanza', 'Gallo', 3.68),
('Lorenza', 'Fiore', 8.0),
('Diego', 'Scognamiglio', 8.32),
('Tom', 'Rossi', 1.28),
('Tom', 'Fabbricatore', 7.18),
('Vincenzino', 'Esposito', 9.05),
('Lorenzo', 'Zannelli', 1.65),
('Alessio', 'Zannelli', 3.09),
('Jasmine', 'Zannelli', 2.87),
('Boris', 'Esposito', 7.47),
('Giulio', 'Fabbricatore', 5.01),
('Giacomo', 'Zannelli', 0.16),
('Carmen', 'Zannelli', 6.18),
('Alessio', 'Fabbricatore', 9.97),
('Guido', 'Bianchi', 6.92),
('Costanza', 'Esposito', 0.48),
('Gabriele', 'Fabbricatore', 7.66),
('Guido', 'Fabbricatore', 4.18),
('Gabriele', 'Rossi', 0.17),
('Simone', 'Bianchi', 4.17),
('Letizia', 'De Simone', 2.74),
('Lorenza', 'Bianchi', 3.58),
('Michele', 'Fiore', 2.78),
('Giacomo', 'Fabbricatore', 8.53),
('Jasmine', 'Esposito', 3.13),
('Yarov', 'Gallo', 7.84),
('Lorenzo', 'De Simone', 1.92),
('Lorenza', 'Della Valle', 1.56),
('Costanza', 'Della Valle', 4.96),
('Antonino', 'Rossi', 1.19),
('Diego', 'Della Valle', 9.53),
('Michele', 'Scognamiglio', 5.84),
('Carmen', 'Bianchi', 4.71),
('Michele', 'Fabbricatore', 3.89),
('Antonio', 'De Simone', 7.3),
('Christian', 'Zannelli', 6.62),
('Gabriele', 'Della Valle', 0.8),
('Luca', 'Esposito', 1.96),
('Giuseppe', 'Della Valle', 7.42),
('Federico', 'Gallo', 6.31),
('Tom', 'Bianchi', 2.32),
('John', 'Gallo', 0.77),
('Letizia', 'Scognamiglio', 1.17),
('Fernando', 'Zannelli', 1.51),
('Costanza', 'Fiore', 7.72),
('Jim', 'De Simone', 7.34),
('Riccardo', 'Scognamiglio', 9.54),
('John', 'De Simone', 7.01),
('Antonio', 'Della Valle', 2.88),
('Giuseppe', 'De Simone', 8.93),
('Gabriele', 'Gallo', 4.05),
('Yarov', 'Fiore', 5.57),
('Lorenzo', 'Della Valle', 5.16),
('Diego', 'Fabbricatore', 4.21),
('Gabriele', 'Gallo', 0.54),
('Vincenzo', 'Fabbricatore', 2.8),
('Boris', 'De Simone', 2.62),
('Federico', 'Della Valle', 7.03),
('Jacopo', 'Zannelli', 1.38),
('Luca', 'Fabbricatore', 7.64),
('Federico', 'Fiore', 6.48),
('Gabriele', 'Zannelli', 0.7),
('Giulio', 'Scognamiglio', 3.61),
('Riccardo', 'Esposito', 5.0),
('Lorenza', 'Zannelli', 4.08),
('Carmen', 'De Simone', 0.04),
('Gianmarco', 'Fiore', 6.2),
('Fernando', 'Esposito', 4.05),
('Letizia', 'Bianchi', 4.67),
('Costanza', 'Bianchi', 8.02),
('Pasquale', 'Zannelli', 6.6),
('Vincenzo', 'De Simone', 0.55),
('Simone', 'Zannelli', 4.92),
('Simone', 'Della Valle', 4.6),
('Loris', 'Fabbricatore', 7.9),
('Marcello', 'De Simone', 3.13),
('Sara', 'Rossi', 0.16),
('Guido', 'Della Valle', 7.73),
('Jim', 'Scognamiglio', 3.51),
('Jim', 'Esposito', 4.55),
('Michele', 'Esposito', 2.15),
('Gianmarco', 'Bianchi', 0.42),
('Antonino', 'Scognamiglio', 2.02),
('Alessandro', 'Gallo', 6.25),
('Carmen', 'Della Valle', 2.48),
('Diego', 'Rossi', 9.82),
('Christian', 'Scognamiglio', 4.88),
('Gabriele', 'Della Valle', 9.38),
('Marcello', 'Gallo', 8.33),
('Sara', 'Zannelli', 5.61),
('Giulia', 'Esposito', 0.93),
('Giacomo', 'De Simone', 9.3),
('Pasquale', 'Della Valle', 6.68),
('Vincenzo', 'Della Valle', 3.69),
('Jacopo', 'Esposito', 5.81),
('Pasquale', 'Fiore', 2.18),
('Fernando', 'Gallo', 3.4),
('Giuseppe', 'Rossi', 8.36),
('Tom', 'Gallo', 4.11),
('Lorenzo', 'Bianchi', 5.5),
('Giada', 'Gallo', 6.41),
('Michele', 'Zannelli', 2.32),
('Carmen', 'Fiore', 4.09),
('Michele', 'De Simone', 4.26),
('Boris', 'Gallo', 0.67),
('Alessio', 'Rossi', 3.61),
('Imma', 'Della Valle', 3.53),
('Alessandro', 'Esposito', 9.12),
('Pasquale', 'De Simone', 7.77),
('Antonino', 'Esposito', 3.31),
('Jim', 'Fabbricatore', 2.43),
('Christian', 'Della Valle', 2.47),
('Simone', 'Fabbricatore', 1.59),
('Giulio', 'Rossi', 0.45),
('Federico', 'De Simone', 4.81),
('Pasquale', 'Rossi', 5.04),
('Michele', 'Gallo', 5.57),
('Luca', 'Scognamiglio', 5.88),
('Antonino', 'Della Valle', 7.2),
('Lorenzo', 'Rossi', 2.36),
('Giulia', 'Bianchi', 3.97),
('John', 'Fiore', 4.14),
('Giuseppe', 'Esposito', 6.11),
('Tom', 'Fiore', 8.05),
('Vincenzino', 'Gallo', 0.49),
('Giada', 'Fiore', 7.5),
('Giulia', 'Fiore', 4.0),
('Loris', 'Rossi', 4.35),
('Riccardo', 'Zannelli', 2.6),
('Letizia', 'Zannelli', 4.38),
('Diego', 'Bianchi', 7.27),
('Sara', 'Bianchi', 7.33),
('Antonio', 'Gallo', 6.18),
('Gabriele', 'Fiore', 1.57),
('Jacopo', 'De Simone', 0.63),
('Guido', 'Scognamiglio', 0.26),
('Pasquale', 'Esposito', 0.85),
('Giuseppe', 'Zannelli', 4.6),
('Lorenza', 'Scognamiglio', 1.36),
('Letizia', 'Fiore', 5.7),
('Vincenzino', 'Fabbricatore', 2.7),
('Jacopo', 'Bianchi', 4.85),
('Alessandro', 'Scognamiglio', 1.29),
('Jasmine', 'De Simone', 2.0),
('Marcello', 'Bianchi', 0.44),
('Giacomo', 'Esposito', 3.53),
('Giada', 'Bianchi', 1.34),
('Antonino', 'Fabbricatore', 2.12),
('Gianmarco', 'De Simone', 7.2),
('Alessandro', 'Della Valle', 7.63),
('Sara', 'De Simone', 6.15),
('Riccardo', 'Fiore', 2.34),
('Marcello', 'Fiore', 9.86),
('Giulia', 'Della Valle', 1.09),
('Jim', 'Bianchi', 0.4),
('Giulia', 'Rossi', 3.18),
('Marcello', 'Esposito', 4.74),
('Jim', 'Fiore', 6.19),
('Alessio', 'Bianchi', 5.99),
('John', 'Bianchi', 4.92),
('Jasmine', 'Scognamiglio', 5.41),
('Luca', 'De Simone', 2.74),
('Christian', 'De Simone', 5.86),
('Boris', 'Bianchi', 1.86),
('Giacomo', 'Della Valle', 8.7),
('Gabriele', 'De Simone', 0.67),
('Fernando', 'Fabbricatore', 0.3),
('Antonino', 'Gallo', 7.79),
('Tom', 'De Simone', 7.81),
('Jacopo', 'Rossi', 2.11),
('Tom', 'Esposito', 1.63),
('Alessio', 'Esposito', 3.87),
('Loris', 'De Simone', 1.11),
('Costanza', 'Fabbricatore', 7.55),
('Christian', 'Fabbricatore', 3.98),
('Loris', 'Bianchi', 9.78),
('Guido', 'Rossi', 2.88),
('Federico', 'Rossi', 0.47),
('Marcello', 'Zannelli', 9.73),
('Federico', 'Zannelli', 5.72),
('Alessandro', 'Fiore', 4.37),
('Carmen', 'Fabbricatore', 7.43),
('Jasmine', 'Bianchi', 0.02),
('Antonio', 'Esposito', 3.56),
('Antonino', 'Fiore', 6.84),
('Giulio', 'Bianchi', 1.65),
('John', 'Rossi', 5.03),
('Lorenza', 'Esposito', 1.54),
('Jacopo', 'Della Valle', 8.45),
('Luca', 'Della Valle', 3.33),
('Simone', 'De Simone', 8.77),
('Vincenzo', 'Fiore', 7.39),
('Simone', 'Gallo', 8.55),
('Yarov', 'Zannelli', 8.95),
('Carmen', 'Gallo', 9.84),
('John', 'Esposito', 9.34),
('Vincenzo', 'Gallo', 9.52),
('Jacopo', 'Fiore', 5.72),
('Antonio', 'Bianchi', 9.0),
('Loris', 'Esposito', 7.96),
('Michele', 'Bianchi', 5.62),
('Boris', 'Zannelli', 4.29),
('Carmen', 'Esposito', 5.5),
('Gabriele', 'Scognamiglio', 7.8),
('Luca', 'Gallo', 5.71),
('Federico', 'Bianchi', 5.59),
('Alessio', 'De Simone', 2.44),
('Fernando', 'Della Valle', 6.57),
('Letizia', 'Esposito', 7.6),
('Giada', 'Zannelli', 2.7),
('Diego', 'De Simone', 0.4),
('Sara', 'Fiore', 0.29),
('Riccardo', 'Della Valle', 2.71),
('Simone', 'Esposito', 4.98),
('Vincenzino', 'Bianchi', 4.73),
('Loris', 'Scognamiglio', 6.25),
('Gabriele', 'Fabbricatore', 2.02),
('Vincenzo', 'Bianchi', 9.29),
('Federico', 'Fabbricatore', 2.42),
('Federico', 'Scognamiglio', 9.12),
('Christian', 'Bianchi', 7.59),
('Antonino', 'De Simone', 4.27),
('Imma', 'Fiore', 6.48),
('Riccardo', 'Rossi', 0.07),
('Riccardo', 'Gallo', 0.27),
('Vincenzo', 'Rossi', 5.44),
('Christian', 'Rossi', 4.04),
('Giulio', 'Zannelli', 5.76),
('Lorenzo', 'Gallo', 1.6),
('Marcello', 'Rossi', 4.5),
('Simone', 'Fiore', 3.63),
('Guido', 'Gallo', 2.39),
('Loris', 'Gallo', 0.39),
('Costanza', 'Scognamiglio', 2.95),
('Lorenzo', 'Esposito', 9.2),
('Vincenzino', 'Rossi', 3.61),
('Alessio', 'Scognamiglio', 6.36),
('Diego', 'Zannelli', 5.63),
('Riccardo', 'Bianchi', 5.67),
('Letizia', 'Della Valle', 8.4),
('Vincenzino', 'Della Valle', 4.38),
('Pasquale', 'Gallo', 2.64),
('Luca', 'Rossi', 1.86),
('Giada', 'Scognamiglio', 8.54),
('Giulio', 'Gallo', 2.2),
('Gianmarco', 'Zannelli', 0.8),
('Jacopo', 'Scognamiglio', 1.57),
('Giuseppe', 'Scognamiglio', 8.08),
('Imma', 'Bianchi', 4.76),
('Letizia', 'Fabbricatore', 0.3),
('Vincenzo', 'Zannelli', 7.94),
('Vincenzo', 'Esposito', 8.8),
('Alessio', 'Fiore', 6.08),
('Christian', 'Fiore', 0.4),
('Gabriele', 'Bianchi', 5.29),
('Giacomo', 'Bianchi', 0.1),
('Costanza', 'De Simone', 5.95),
('Fernando', 'Rossi', 3.53),
('John', 'Della Valle', 2.88),
('Giada', 'De Simone', 4.52),
('Jasmine', 'Della Valle', 6.37),
('Lorenza', 'Rossi', 4.0),
('Lorenzo', 'Scognamiglio', 2.74),
('Guido', 'Zannelli', 0.29),
('Jasmine', 'Fabbricatore', 8.93),
('Diego', 'Gallo', 3.46),
('Giuseppe', 'Gallo', 4.38),
('Jim', 'Gallo', 3.5),
('Jasmine', 'Rossi', 1.15),
('Jim', 'Zannelli', 4.48),
('Marcello', 'Della Valle', 1.29),
('Vincenzo', 'Scognamiglio', 1.95),
('Imma', 'Scognamiglio', 7.6),
('Sara', 'Gallo', 1.04),
('Guido', 'Esposito', 3.13),
('Letizia', 'Gallo', 4.43),
('Costanza', 'Zannelli', 1.47),
('Loris', 'Fiore', 8.9),
('Giacomo', 'Gallo', 2.16),
('Vincenzino', 'Zannelli', 5.22),
('Antonio', 'Fiore', 6.0),
('Antonino', 'Bianchi', 3.91),
('Giulio', 'Fiore', 2.29),
('Simone', 'Scognamiglio', 2.9),
('Loris', 'Della Valle', 4.66),
('Giuseppe', 'Fabbricatore', 5.93),
('Luca', 'Bianchi', 2.94),
('Riccardo', 'De Simone', 9.96),
('Imma', 'Fabbricatore', 3.87),
('Gabriele', 'Bianchi', 6.95),
('Gianmarco', 'Esposito', 6.18),
('Yarov', 'Bianchi', 3.17),
('Gabriele', 'Rossi', 5.26),
('Imma', 'Zannelli', 9.68),
('Giacomo', 'Fiore', 2.27),
('Tom', 'Della Valle', 6.64),
('Yarov', 'Scognamiglio', 5.37),
('Fernando', 'Scognamiglio', 2.75),
('Tom', 'Zannelli', 6.48),
('Vincenzino', 'Scognamiglio', 6.59),
('Carmen', 'Rossi', 4.86),
('Giulio', 'De Simone', 5.99),
('Gabriele', 'Esposito', 0.83),
('Jim', 'Della Valle', 0.73),
('Diego', 'Esposito', 4.15),
('Antonio', 'Rossi', 3.47),
('Marcello', 'Scognamiglio', 1.24),
('Lorenza', 'Gallo', 8.32),
('Gabriele', 'De Simone', 0.81),
('Boris', 'Scognamiglio', 7.19),
('Tom', 'Scognamiglio', 0.24),
('Gianmarco', 'Rossi', 9.96),
('Yarov', 'De Simone', 8.62),
('Alessio', 'Della Valle', 5.76),
('Antonio', 'Zannelli', 8.6),
('Gabriele', 'Scognamiglio', 6.99),
('Antonino', 'Zannelli', 4.33),
('Yarov', 'Fabbricatore', 7.26),
('Federico', 'Esposito', 9.86),
('Imma', 'Esposito', 6.16),
('John', 'Fabbricatore', 8.67),
('Lorenza', 'Fabbricatore', 7.71),
('Imma', 'Gallo', 0.73),
('Vincenzino', 'De Simone', 3.58),
('Giulia', 'Zannelli', 5.77),
('Lorenza', 'De Simone', 1.96),
('Giada', 'Esposito', 1.3),
('Jim', 'Rossi', 0.95),
('Alessandro', 'Fabbricatore', 0.34),
('Pasquale', 'Bianchi', 6.8),
('Boris', 'Fabbricatore', 1.66),
('Alessandro', 'Bianchi', 4.61),
('Sara', 'Esposito', 0.72),
('Giacomo', 'Scognamiglio', 9.95),
('Yarov', 'Esposito', 7.57),
('Jacopo', 'Gallo', 4.24),
('Alessandro', 'Rossi', 8.51),
('Yarov', 'Della Valle', 2.86),
('Michele', 'Rossi', 5.23),
('Guido', 'Fiore', 5.46),
('Boris', 'Della Valle', 3.44),
('Fernando', 'Fiore', 4.85),
('Boris', 'Fiore', 0.06),
('Imma', 'Rossi', 4.86),
('John', 'Scognamiglio', 7.1),
('Riccardo', 'Fabbricatore', 2.01),
('Gabriele', 'Zannelli', 4.59),
('Gianmarco', 'Scognamiglio', 0.52),
('Fernando', 'Bianchi', 7.02),
('Letizia', 'Rossi', 0.49),
('Christian', 'Esposito', 5.08),
('Giulia', 'Gallo', 9.78),
('Marcello', 'Fabbricatore', 3.21),
('Gabriele', 'Fiore', 4.82),
('Simone', 'Rossi', 1.05),
('Lorenzo', 'Fabbricatore', 1.76),
('Diego', 'Fiore', 0.36),
('Giuseppe', 'Bianchi', 6.61),
('Sara', 'Fabbricatore', 1.99),
('Giada', 'Rossi', 1.88),
('Michele', 'Della Valle', 4.44),
('Pasquale', 'Scognamiglio', 2.36),
('Alessandro', 'Zannelli', 9.05),
('Giada', 'Fabbricatore', 3.85),
('Giulio', 'Della Valle', 7.38),
('Giulia', 'De Simone', 9.67),
('Giulia', 'Scognamiglio', 4.94),
('Giulia', 'Fabbricatore', 7.84),
('Boris', 'Rossi', 0.91),
('Jasmine', 'Fiore', 4.64),
('Alessandro', 'De Simone', 7.93),
('Costanza', 'Rossi', 1.2),
('Carmen', 'Scognamiglio', 4.68),
('Imma', 'De Simone', 2.12),
('Christian', 'Gallo', 9.53),
('Guido', 'De Simone', 1.12),
('Gianmarco', 'Della Valle', 6.35),
('Antonio', 'Fabbricatore', 7.19),
('Gianmarco', 'Gallo', 2.91),
('Gabriele', 'Esposito', 2.42),
('Yarov', 'Rossi', 9.74),
('John', 'Zannelli', 3.55),
('Giuseppe', 'Fiore', 9.14);

REPLACE INTO CasaProduzione VALUES
('Cartoon One', 'US'),
('Cemofilm', 'BG'),
('Cinecittà', 'CO'),
('Colonna', 'CO'),
('Cristaldifilm', 'BG'),
('Mad Entertainment', 'BG'),
('Maga Animation Studio', 'US'),
('Mari Film', 'FR'),
('Medusa Film', 'CF'),
('Mikado Film', 'BG'),
('Milano Films', 'ES'),
('Minerva Film', 'ES'),
('Mood Film', 'CA'),
('Morgana film', 'CN'),
('Moviemax', 'IT'),
('Leone Film', 'FR'),
('Latium Film ', 'DE'),
('Lucky Red', 'ES'),
('Fandango', 'ES'),
('Warner', 'CA');

REPLACE INTO Critico (`Nome`, `Cognome`) VALUES
('Luca', 'Barbieri'),
('Luca', 'Lombardi'),
('Alessio', 'Ricci'),
('Simone', 'Martinelli'),
('Alessandro', 'Ferrari'),
('Simone', 'Romano'),
('Simone', 'Cassano'),
('Alessandro', 'Fontana'),
('Riccardo', 'Romano'),
('Giulio', 'Leone'),
('Giulio', 'De Luca'),
('Alessandro', 'Costa'),
('Francesco', 'Ricci'),
('Giulio', 'Mancini'),
('Luca', 'Bianchi'),
('Francesco', 'Longo'),
('Alessio', 'Fontana'),
('Riccardo', 'Leone'),
('Francesco', 'De Luca'),
('Riccardo', 'Cassano'),
('Alessio', 'Lombardi'),
('Pasquale', 'Moretti'),
('Francesco', 'Giordano'),
('Riccardo', 'Ferrari'),
('Lorenzo', 'Costa');

REPLACE INTO `Film` (`ID`, `Titolo`, `Descrizione`, `Anno`, `CasaProduzione`, `NomeRegista`, `CognomeRegista`) VALUES
(1, 'Il ritorno del re 1', 'Una storia folgorante ed entusiasmante incentrata sul travagliato ed arduo ritorno di un sovrano al potere', 1991, 'Lucky Red', 'Luca', 'Esposito'),
(2, 'Il ruggito del leone 4', 'Quando un umile lavoratore di ufficio si ritrova coinvolto in uno scandalo internazionale si trova costretto a diventare un agente segreto', 2003, 'Cemofilm', 'Letizia', 'Esposito'),
(3, 'Un drago per amico 4', 'Quando Arlon ritrova un misterioso uovo dentro il suo armadio la sua vita viene stravolta', 2002, 'Mad Entertainment', 'Gabriele', 'Rossi'),
(4, 'Il mio nome è vendetta 4', 'John ha solamente 8 anni quando sua madre viene brutalmente assalita ed uccisa da un noto serial killer', 2012, 'Minerva Film', 'Vincenzino', 'Fiore'),
(5, 'Il ladro inaspettato 5', 'Un uomo che ruba non per necessita ma per puro piacere', 1991, 'Maga Animation Studio', 'Alessio', 'Fiore'),
(6, 'Storia di un Pugile 5', 'Creed si impone come astro nascente del pugilato', 2002, 'Mikado Film', 'Vincenzino', 'Gallo'),
(7, 'Il successo di Arm Strong 6', 'Storia di un uomo che ha trasformato il suo sogno nella sua vita', 2014, 'Cinecittà', 'Gianmarco', 'Esposito'),
(8, 'Il risvolto della medaglia 2', 'Da una domanda poco chiara possono spesso sorgere dubbi incertezze e preoccupazioni', 1984, 'Mari Film', 'Simone', 'Della Valle'),
(9, 'Dentro al Water 6', 'Riccardo si sarebbe aspettato veramente di tutto ma una cosa del genere mai', 2002, 'Morgana film', 'Michele', 'Bianchi'),
(10, 'Non per primo 1', 'Amato thriller che riesce a intrattenere e far rabbrividire anche i piu impavidi', 2013, 'Warner', 'Tom', 'Gallo'),
(11, 'V per Vittoria 2', 'Storia di un generale della seconda guerra mondiale', 2023, 'Mikado Film', 'Jasmine', 'Fiore'),
(12, 'Il risveglio di Nicola 2', 'Un ragazzino delle elementari correndo nel giardino di casa inciampa sbattendo contro un sasso e perdendo la memoria', 1984, 'Lucky Red', 'Giulia', 'Della Valle'),
(13, 'Una pistola per due 1', 'Descrizione non disponibile', 2022, 'Milano Films', 'Giada', 'Della Valle'),
(14, 'Si salvi chi può 5', 'Impossibile salvarsi dal temuto mostro marino risvegliato a seguito di misteriosi esperimenti sovietici', 2007, 'Maga Animation Studio', 'Gabriele', 'Gallo'),
(15, 'Un rientro improbabile 1', 'Quando Muan torna a casa incontra un suo vecchio amico di infanzia', 2001, 'Morgana film', 'Imma', 'Fiore'),
(16, 'L\'ascesa della regina 5', 'Da un umile paesana a regina di un impero gigantesco', 1973, 'Mad Entertainment', 'John', 'Esposito'),
(17, 'T-rex 2', 'A seguito degli esperimenti di uno scienziato pazzo un dinosauro viene riportato in vita', 2002, 'Moviemax', 'Gabriele', 'De Simone'),
(18, 'La storia di un campione 1', 'Storia del campione di calcio Diego Maradona', 2008, 'Moviemax', 'Vincenzo', 'Zannelli'),
(19, 'Il tutto per tutto 1', 'Un agente segreto si ritrova bloccato in una base militare sovietica durante la guerra fredda', 2021, 'Cristaldifilm', 'Antonio', 'Bianchi'),
(20, 'Se continui mi fermo 5', 'Antonio perde completamente il senno per la bella e affascinante Sofia', 1982, 'Mari Film', 'Lorenzo', 'Esposito'),
(21, 'Sherlock 4', 'Storia di un famosissimo detective inglese', 1961, 'Morgana film', 'Lorenzo', 'Zannelli'),
(22, 'Il Disperato Faedo 4', 'Tutti cercano di scappare dalla terra arida e desolata del Faedo', 2003, 'Milano Films', 'Lorenzo', 'Esposito'),
(23, 'Il Relais inospitale 5', 'A causa di forze superiore un gruppo di studenti universitari si ritrova in un ex hotel sperduto', 2002, 'Mikado Film', 'Carmen', 'Scognamiglio'),
(24, 'Attenti a Fossabanda 1', 'Si vocifera l imminente arrivo del famigerato Fossabanda', 2003, 'Milano Films', 'Imma', 'Fabbricatore'),
(25, 'La corsa per scuola 6', 'Tutti vorrebbero arrivarci ma purtroppo i posti sono limitati', 2002, 'Milano Films', 'Giulio', 'Bianchi'),
(26, 'Tutti alle Imma 4', 'Tutti provano ad andarci ma non tutti riescono nell impresa', 2010, 'Minerva Film', 'Jacopo', 'De Simone'),
(27, 'Spaccaossa 3', 'Un serial killer riesce a scappare da un carcere di massima sicurezza', 2020, 'Moviemax', 'Marcello', 'Zannelli'),
(28, 'La sposa nel vento 5', 'Quando Anna viene lasciata all altare la sua vita cade a pezzi', 2022, 'Milano Films', 'Antonio', 'De Simone'),
(29, 'Stessi Battiti 4', 'Descrizione non disponibile', 2000, 'Morgana film', 'Simone', 'Zannelli'),
(30, 'Vicini di Casa 3', 'Nobita scopre che il suo vicino di casa risulta essere un extraterrestre', 2002, 'Leone Film', 'Imma', 'De Simone'),
(31, 'Il ritorno del re 3', 'Una storia folgorante ed entusiasmante incentrata sul travagliato ed arduo ritorno di un sovrano al potere', 1995, 'Colonna', 'Antonino', 'Della Valle'),
(32, 'Il ruggito del leone 6', 'Quando un umile lavoratore di ufficio si ritrova coinvolto in uno scandalo internazionale si trova costretto a diventare un agente segreto', 2002, 'Moviemax', 'Imma', 'Zannelli'),
(33, 'Un drago per amico 6', 'Quando Arlon ritrova un misterioso uovo dentro il suo armadio la sua vita viene stravolta', 2002, 'Medusa Film', 'Sara', 'Della Valle'),
(34, 'Il mio nome è vendetta 3', 'John ha solamente 8 anni quando sua madre viene brutalmente assalita ed uccisa da un noto serial killer', 2011, 'Warner', 'Antonio', 'Della Valle'),
(35, 'Il ladro inaspettato 3', 'Un uomo che ruba non per necessita ma per puro piacere', 1993, 'Colonna', 'Guido', 'Zannelli'),
(36, 'Storia di un Pugile 5', 'Creed si impone come astro nascente del pugilato', 2002, 'Colonna', 'Giuseppe', 'Fiore'),
(37, 'Il successo di Arm Strong 6', 'Storia di un uomo che ha trasformato il suo sogno nella sua vita', 2015, 'Colonna', 'Vincenzo', 'Fiore'),
(38, 'Il risvolto della medaglia 5', 'Da una domanda poco chiara possono spesso sorgere dubbi incertezze e preoccupazioni', 1983, 'Mikado Film', 'Fernando', 'Gallo'),
(39, 'Dentro al Water 6', 'Riccardo si sarebbe aspettato veramente di tutto ma una cosa del genere mai', 2001, 'Leone Film', 'Fernando', 'De Simone'),
(40, 'Non per primo 4', 'Amato thriller che riesce a intrattenere e far rabbrividire anche i piu impavidi', 2013, 'Fandango', 'Giulia', 'Esposito'),
(41, 'V per Vittoria 2', 'Storia di un generale della seconda guerra mondiale', 2023, 'Morgana film', 'Jacopo', 'Della Valle'),
(42, 'Il risveglio di Nicola 3', 'Un ragazzino delle elementari correndo nel giardino di casa inciampa sbattendo contro un sasso e perdendo la memoria', 1980, 'Mad Entertainment', 'Diego', 'Della Valle'),
(43, 'Una pistola per due 4', 'Descrizione non disponibile', 2021, 'Mad Entertainment', 'Tom', 'Zannelli'),
(44, 'Si salvi chi può 1', 'Impossibile salvarsi dal temuto mostro marino risvegliato a seguito di misteriosi esperimenti sovietici', 2006, 'Milano Films', 'Alessio', 'Fabbricatore'),
(45, 'Un rientro improbabile 1', 'Quando Muan torna a casa incontra un suo vecchio amico di infanzia', 2004, 'Moviemax', 'John', 'Fiore'),
(46, 'L\'ascesa della regina 5', 'Da un umile paesana a regina di un impero gigantesco', 1974, 'Mad Entertainment', 'Giada', 'Zannelli'),
(47, 'T-rex 2', 'A seguito degli esperimenti di uno scienziato pazzo un dinosauro viene riportato in vita', 2000, 'Cristaldifilm', 'Giulia', 'Della Valle'),
(48, 'La storia di un campione 4', 'Storia del campione di calcio Diego Maradona', 2010, 'Lucky Red', 'Lorenza', 'Rossi'),
(49, 'Il tutto per tutto 3', 'Un agente segreto si ritrova bloccato in una base militare sovietica durante la guerra fredda', 2021, 'Moviemax', 'Jacopo', 'Zannelli'),
(50, 'Se continui mi fermo 1', 'Antonio perde completamente il senno per la bella e affascinante Sofia', 1981, 'Moviemax', 'Jasmine', 'Della Valle'),
(51, 'Sherlock 4', 'Storia di un famosissimo detective inglese', 1965, 'Mad Entertainment', 'Michele', 'De Simone'),
(52, 'Il Disperato Faedo 6', 'Tutti cercano di scappare dalla terra arida e desolata del Faedo', 2001, 'Fandango', 'Michele', 'Fiore'),
(53, 'Il Relais inospitale 2', 'A causa di forze superiore un gruppo di studenti universitari si ritrova in un ex hotel sperduto', 2000, 'Mad Entertainment', 'Alessandro', 'Fabbricatore'),
(54, 'Attenti a Fossabanda 6', 'Si vocifera l imminente arrivo del famigerato Fossabanda', 2003, 'Colonna', 'Riccardo', 'Rossi'),
(55, 'La corsa per scuola 2', 'Tutti vorrebbero arrivarci ma purtroppo i posti sono limitati', 2001, 'Cristaldifilm', 'Gabriele', 'Zannelli'),
(56, 'Tutti alle Imma 5', 'Tutti provano ad andarci ma non tutti riescono nell impresa', 2013, 'Leone Film', 'Gianmarco', 'Esposito'),
(57, 'Spaccaossa 1', 'Un serial killer riesce a scappare da un carcere di massima sicurezza', 2022, 'Lucky Red', 'Imma', 'Gallo'),
(58, 'La sposa nel vento 5', 'Quando Anna viene lasciata all altare la sua vita cade a pezzi', 2022, 'Mood Film', 'Michele', 'Rossi'),
(59, 'Stessi Battiti 3', 'Descrizione non disponibile', 2002, 'Fandango', 'Jasmine', 'Fiore'),
(60, 'Vicini di Casa 5', 'Nobita scopre che il suo vicino di casa risulta essere un extraterrestre', 2001, 'Cinecittà', 'Jim', 'Zannelli'),
(61, 'Il ritorno del re 4', 'Una storia folgorante ed entusiasmante incentrata sul travagliato ed arduo ritorno di un sovrano al potere', 1995, 'Fandango', 'Federico', 'Zannelli'),
(62, 'Il ruggito del leone 3', 'Quando un umile lavoratore di ufficio si ritrova coinvolto in uno scandalo internazionale si trova costretto a diventare un agente segreto', 2000, 'Cinecittà', 'Antonio', 'Rossi'),
(63, 'Un drago per amico 4', 'Quando Arlon ritrova un misterioso uovo dentro il suo armadio la sua vita viene stravolta', 2003, 'Latium Film ', 'Michele', 'Della Valle'),
(64, 'Il mio nome è vendetta 1', 'John ha solamente 8 anni quando sua madre viene brutalmente assalita ed uccisa da un noto serial killer', 2011, 'Latium Film ', 'Tom', 'De Simone'),
(65, 'Il ladro inaspettato 1', 'Un uomo che ruba non per necessita ma per puro piacere', 1993, 'Mikado Film', 'Guido', 'De Simone'),
(66, 'Storia di un Pugile 4', 'Creed si impone come astro nascente del pugilato', 2003, 'Cemofilm', 'John', 'Scognamiglio'),
(67, 'Il successo di Arm Strong 4', 'Storia di un uomo che ha trasformato il suo sogno nella sua vita', 2017, 'Maga Animation Studio', 'Antonino', 'De Simone'),
(68, 'Il risvolto della medaglia 3', 'Da una domanda poco chiara possono spesso sorgere dubbi incertezze e preoccupazioni', 1983, 'Colonna', 'John', 'Della Valle'),
(69, 'Dentro al Water 1', 'Riccardo si sarebbe aspettato veramente di tutto ma una cosa del genere mai', 2004, 'Medusa Film', 'Costanza', 'Esposito'),
(70, 'Non per primo 6', 'Amato thriller che riesce a intrattenere e far rabbrividire anche i piu impavidi', 2012, 'Cinecittà', 'Jim', 'Gallo'),
(71, 'V per Vittoria 1', 'Storia di un generale della seconda guerra mondiale', 2021, 'Milano Films', 'Imma', 'Scognamiglio'),
(72, 'Il risveglio di Nicola 2', 'Un ragazzino delle elementari correndo nel giardino di casa inciampa sbattendo contro un sasso e perdendo la memoria', 1981, 'Cristaldifilm', 'Boris', 'Della Valle'),
(73, 'Una pistola per due 3', 'Descrizione non disponibile', 2024, 'Lucky Red', 'Fernando', 'Della Valle'),
(74, 'Si salvi chi può 1', 'Impossibile salvarsi dal temuto mostro marino risvegliato a seguito di misteriosi esperimenti sovietici', 2007, 'Milano Films', 'Giacomo', 'Rossi'),
(75, 'Un rientro improbabile 1', 'Quando Muan torna a casa incontra un suo vecchio amico di infanzia', 2004, 'Warner', 'Vincenzino', 'Fiore'),
(76, 'L\'ascesa della regina 5', 'Da un umile paesana a regina di un impero gigantesco', 1972, 'Mari Film', 'Simone', 'Della Valle'),
(77, 'T-rex 5', 'A seguito degli esperimenti di uno scienziato pazzo un dinosauro viene riportato in vita', 2003, 'Mikado Film', 'Christian', 'Rossi'),
(78, 'La storia di un campione 3', 'Storia del campione di calcio Diego Maradona', 2008, 'Medusa Film', 'Antonino', 'De Simone'),
(79, 'Il tutto per tutto 6', 'Un agente segreto si ritrova bloccato in una base militare sovietica durante la guerra fredda', 2024, 'Leone Film', 'Michele', 'Esposito'),
(80, 'Se continui mi fermo 1', 'Antonio perde completamente il senno per la bella e affascinante Sofia', 1980, 'Cartoon One', 'Fernando', 'Gallo'),
(81, 'Sherlock 5', 'Storia di un famosissimo detective inglese', 1965, 'Minerva Film', 'Pasquale', 'Esposito'),
(82, 'Il Disperato Faedo 1', 'Tutti cercano di scappare dalla terra arida e desolata del Faedo', 2002, 'Colonna', 'Fernando', 'De Simone'),
(83, 'Il Relais inospitale 6', 'A causa di forze superiore un gruppo di studenti universitari si ritrova in un ex hotel sperduto', 2003, 'Minerva Film', 'Giacomo', 'Fiore'),
(84, 'Attenti a Fossabanda 6', 'Si vocifera l imminente arrivo del famigerato Fossabanda', 2001, 'Milano Films', 'Sara', 'Fabbricatore'),
(85, 'La corsa per scuola 1', 'Tutti vorrebbero arrivarci ma purtroppo i posti sono limitati', 2001, 'Mad Entertainment', 'John', 'Zannelli'),
(86, 'Tutti alle Imma 2', 'Tutti provano ad andarci ma non tutti riescono nell impresa', 2013, 'Milano Films', 'Carmen', 'Scognamiglio'),
(87, 'Spaccaossa 6', 'Un serial killer riesce a scappare da un carcere di massima sicurezza', 2024, 'Cartoon One', 'Simone', 'Bianchi'),
(88, 'La sposa nel vento 4', 'Quando Anna viene lasciata all altare la sua vita cade a pezzi', 2021, 'Mikado Film', 'Jim', 'Esposito'),
(89, 'Stessi Battiti 5', 'Descrizione non disponibile', 2003, 'Leone Film', 'Riccardo', 'Fiore'),
(90, 'Vicini di Casa 5', 'Nobita scopre che il suo vicino di casa risulta essere un extraterrestre', 2000, 'Cemofilm', 'Fernando', 'Esposito'),
(91, 'Il ritorno del re 2', 'Una storia folgorante ed entusiasmante incentrata sul travagliato ed arduo ritorno di un sovrano al potere', 1992, 'Minerva Film', 'Simone', 'Esposito'),
(92, 'Il ruggito del leone 2', 'Quando un umile lavoratore di ufficio si ritrova coinvolto in uno scandalo internazionale si trova costretto a diventare un agente segreto', 2004, 'Moviemax', 'Diego', 'Scognamiglio'),
(93, 'Un drago per amico 2', 'Quando Arlon ritrova un misterioso uovo dentro il suo armadio la sua vita viene stravolta', 2000, 'Mad Entertainment', 'Guido', 'Esposito'),
(94, 'Il mio nome è vendetta 1', 'John ha solamente 8 anni quando sua madre viene brutalmente assalita ed uccisa da un noto serial killer', 2013, 'Colonna', 'Christian', 'Scognamiglio'),
(95, 'Il ladro inaspettato 2', 'Un uomo che ruba non per necessita ma per puro piacere', 1990, 'Cartoon One', 'Lorenza', 'Esposito'),
(96, 'Storia di un Pugile 6', 'Creed si impone come astro nascente del pugilato', 2004, 'Mikado Film', 'Marcello', 'Zannelli'),
(97, 'Il successo di Arm Strong 2', 'Storia di un uomo che ha trasformato il suo sogno nella sua vita', 2015, 'Moviemax', 'Lorenza', 'Gallo'),
(98, 'Il risvolto della medaglia 5', 'Da una domanda poco chiara possono spesso sorgere dubbi incertezze e preoccupazioni', 1980, 'Leone Film', 'Michele', 'Fiore'),
(99, 'Dentro al Water 5', 'Riccardo si sarebbe aspettato veramente di tutto ma una cosa del genere mai', 2004, 'Latium Film ', 'Carmen', 'Bianchi');
REPLACE INTO `Recitazione` (`Film`, `NomeAttore`, `CognomeAttore`) VALUES
(1, 'Imma', 'Esposito'), (1, 'Riccardo', 'Scognamiglio'),
(2, 'Marcello', 'Zannelli'), (2, 'Riccardo', 'Scognamiglio'),
(3, 'Antonio', 'Rossi'), (3, 'Giada', 'De Simone'),
(4, 'Marcello', 'Esposito'), (4, 'Letizia', 'Fabbricatore'),
(5, 'John', 'Zannelli'), (5, 'Guido', 'Rossi'),
(6, 'Diego', 'Scognamiglio'), (6, 'Jacopo', 'Fiore'),
(7, 'Yarov', 'Gallo'), (7, 'Giacomo', 'Della Valle'),
(8, 'Pasquale', 'Gallo'), (8, 'Michele', 'Della Valle'),
(9, 'Christian', 'De Simone'), (9, 'Riccardo', 'Rossi'),
(10, 'Riccardo', 'Bianchi'), (10, 'Federico', 'Bianchi'),
(11, 'Giulio', 'Della Valle'), (11, 'Lorenza', 'Zannelli'),
(12, 'Jasmine', 'Scognamiglio'), (12, 'Letizia', 'Rossi'),
(13, 'Gabriele', 'Fabbricatore'), (13, 'Michele', 'Bianchi'),
(14, 'Yarov', 'Fabbricatore'), (14, 'Letizia', 'Rossi'),
(15, 'Giuseppe', 'De Simone'), (15, 'Pasquale', 'Bianchi'),
(16, 'Federico', 'Bianchi'), (16, 'Carmen', 'Gallo'),
(17, 'John', 'Esposito'), (17, 'Imma', 'De Simone'),
(18, 'Jasmine', 'Bianchi'), (18, 'Lorenza', 'Zannelli'),
(19, 'Tom', 'Fiore'), (19, 'Fernando', 'Fiore'),
(20, 'Giacomo', 'Scognamiglio'), (20, 'Jasmine', 'Bianchi'),
(21, 'Boris', 'Fiore'), (21, 'Giulio', 'Zannelli'),
(22, 'Tom', 'Gallo'), (22, 'Giulio', 'Zannelli'),
(23, 'Tom', 'Scognamiglio'), (23, 'Alessandro', 'Bianchi'),
(24, 'Gianmarco', 'Zannelli'), (24, 'Imma', 'Bianchi'),
(25, 'Vincenzino', 'Fabbricatore'), (25, 'Sara', 'Fabbricatore'),
(26, 'Antonino', 'Esposito'), (26, 'Tom', 'De Simone'),
(27, 'Gabriele', 'Rossi'), (27, 'Jasmine', 'Fabbricatore'),
(28, 'Gabriele', 'Gallo'), (28, 'Giuseppe', 'De Simone'),
(29, 'Giulio', 'Esposito'), (29, 'Antonio', 'Esposito'),
(30, 'John', 'Fabbricatore'), (30, 'Sara', 'Fiore'),
(31, 'Vincenzo', 'Della Valle'), (31, 'John', 'Fabbricatore'),
(32, 'Lorenza', 'Fiore'), (32, 'Tom', 'Della Valle'),
(33, 'Boris', 'Fiore'), (33, 'Antonio', 'Fiore'),
(34, 'Marcello', 'Della Valle'), (34, 'Vincenzo', 'Scognamiglio'),
(35, 'Vincenzo', 'Fabbricatore'), (35, 'Diego', 'Scognamiglio'),
(36, 'Lorenzo', 'De Simone'), (36, 'Giada', 'Fiore'),
(37, 'Costanza', 'Rossi'), (37, 'Diego', 'Rossi'),
(38, 'Lorenza', 'Della Valle'), (38, 'Giuseppe', 'Della Valle'),
(39, 'Tom', 'Rossi'), (39, 'Boris', 'Rossi'),
(40, 'Antonino', 'Della Valle'), (40, 'Giacomo', 'Esposito'),
(41, 'Jacopo', 'Bianchi'), (41, 'Giuseppe', 'Gallo'),
(42, 'Jim', 'De Simone'), (42, 'Letizia', 'Della Valle'),
(43, 'Imma', 'De Simone'), (43, 'John', 'Gallo'),
(44, 'Michele', 'Fabbricatore'), (44, 'Jacopo', 'Della Valle'),
(45, 'Luca', 'Bianchi'), (45, 'Marcello', 'Fabbricatore'),
(46, 'Fernando', 'Rossi'), (46, 'Alessio', 'Rossi'),
(47, 'Federico', 'Fabbricatore'), (47, 'Michele', 'De Simone'),
(48, 'Alessandro', 'Zannelli'), (48, 'Giada', 'Rossi'),
(49, 'Letizia', 'Fabbricatore'), (49, 'Pasquale', 'Scognamiglio'),
(50, 'Simone', 'Gallo'), (50, 'Michele', 'Esposito'),
(51, 'Giulia', 'Scognamiglio'), (51, 'Giuseppe', 'Rossi'),
(52, 'Jacopo', 'Fabbricatore'), (52, 'Gabriele', 'Della Valle'),
(53, 'Antonio', 'Scognamiglio'), (53, 'Guido', 'Rossi'),
(54, 'Yarov', 'Bianchi'), (54, 'Lorenzo', 'Della Valle'),
(55, 'Sara', 'Bianchi'), (55, 'Gabriele', 'Rossi'),
(56, 'Riccardo', 'Gallo'), (56, 'Jacopo', 'Zannelli'),
(57, 'Giuseppe', 'Fabbricatore'), (57, 'Costanza', 'De Simone'),
(58, 'Marcello', 'De Simone'), (58, 'Guido', 'Gallo'),
(59, 'Loris', 'De Simone'), (59, 'Vincenzo', 'Esposito'),
(60, 'Gabriele', 'De Simone'), (60, 'Fernando', 'Rossi'),
(61, 'Boris', 'Esposito'), (61, 'Pasquale', 'Gallo'),
(62, 'Pasquale', 'Esposito'), (62, 'Tom', 'Bianchi'),
(63, 'Sara', 'Gallo'), (63, 'Tom', 'Gallo'),
(64, 'Jacopo', 'Fabbricatore'), (64, 'Giulia', 'Fiore'),
(65, 'Jim', 'Fabbricatore'), (65, 'Michele', 'Della Valle'),
(66, 'Giacomo', 'Esposito'), (66, 'Loris', 'Bianchi'),
(67, 'Giada', 'Esposito'), (67, 'Giuseppe', 'Gallo'),
(68, 'Imma', 'Esposito'), (68, 'Giulio', 'Fabbricatore'),
(69, 'Tom', 'Gallo'), (69, 'Costanza', 'Zannelli'),
(70, 'Giacomo', 'Esposito'), (70, 'Giuseppe', 'Zannelli'),
(71, 'Vincenzo', 'Rossi'), (71, 'Federico', 'Zannelli'),
(72, 'Lorenzo', 'Gallo'), (72, 'Michele', 'Fabbricatore'),
(73, 'Jasmine', 'De Simone'), (73, 'Lorenzo', 'Rossi'),
(74, 'Loris', 'Esposito'), (74, 'Pasquale', 'Della Valle'),
(75, 'Gianmarco', 'Fiore'), (75, 'Giulia', 'Fiore'),
(76, 'Vincenzo', 'Della Valle'), (76, 'Alessio', 'Rossi'),
(77, 'Diego', 'Gallo'), (77, 'Diego', 'Della Valle'),
(78, 'Jim', 'Rossi'), (78, 'Costanza', 'De Simone'),
(79, 'Imma', 'Rossi'), (79, 'Gabriele', 'Esposito'),
(80, 'Lorenzo', 'Fiore'), (80, 'Sara', 'Scognamiglio'),
(81, 'Loris', 'Zannelli'), (81, 'Giada', 'Zannelli'),
(82, 'Pasquale', 'Fiore'), (82, 'Yarov', 'De Simone'),
(83, 'Pasquale', 'De Simone'), (83, 'Imma', 'Scognamiglio'),
(84, 'Antonino', 'Zannelli'), (84, 'Jasmine', 'Scognamiglio'),
(85, 'Carmen', 'Bianchi'), (85, 'Alessandro', 'Esposito'),
(86, 'Marcello', 'Rossi'), (86, 'Tom', 'Gallo'),
(87, 'Michele', 'Bianchi'), (87, 'Imma', 'Esposito'),
(88, 'Tom', 'Esposito'), (88, 'Giada', 'Gallo'),
(89, 'Loris', 'Zannelli'), (89, 'Giacomo', 'Esposito'),
(90, 'Giulio', 'Fabbricatore'), (90, 'Giulia', 'Zannelli'),
(91, 'Boris', 'Zannelli'), (91, 'Lorenza', 'Fabbricatore'),
(92, 'Michele', 'Fiore'), (92, 'Tom', 'Bianchi'),
(93, 'Jasmine', 'Rossi'), (93, 'Imma', 'Scognamiglio'),
(94, 'Fernando', 'Scognamiglio'), (94, 'Alessio', 'Bianchi'),
(95, 'Michele', 'Rossi'), (95, 'Giuseppe', 'Fiore'),
(96, 'Alessandro', 'Rossi'), (96, 'Giulia', 'Gallo'),
(97, 'John', 'Bianchi'), (97, 'Pasquale', 'Fabbricatore'),
(98, 'Antonio', 'Gallo'), (98, 'Tom', 'Gallo'),
(99, 'Guido', 'Esposito'), (99, 'Simone', 'Rossi');
REPLACE INTO `VincitaPremio` (`Macrotipo`, `MicroTipo`, `Data`, `Film`, `NomeArtista`, `CognomeArtista`) VALUES
('David di Donatello', 'Al miglior Film', 2007, 14, NULL, NULL),
('Academy Award (Oscar)', 'Al miglior attore', 1973, 16, 'Federico', 'Bianchi'),
('Leone d\'oro', 'Al miglior Film', 2010, 26, NULL, NULL),
('Academy Award (Oscar)', 'Alla miglior regia', 1995, 31, 'Antonino', 'Della Valle'),
('Academy Award (Oscar)', 'Al miglior Film', 2011, 34, NULL, NULL),
('David di Donatello', 'Alla miglior regia', 2022, 57, 'Imma', 'Gallo'),
('Academy Award (Oscar)', 'Al miglior Film', 1995, 61, NULL, NULL),
('Academy Award (Oscar)', 'Al miglior Film', 2004, 75, NULL, NULL),
('Academy Award (Oscar)', 'Al miglior Film', 2024, 79, NULL, NULL),
('Academy Award (Oscar)', 'Al miglior attore', 2024, 87, 'Michele', 'Bianchi'),
('David di Donatello', 'Alla miglior regia', 2004, 99, 'Carmen', 'Bianchi'),
('FilmSphere', 'Primo Film inserito', YEAR(CURRENT_DATE), 1, NULL, NULL);

REPLACE INTO GenereFilm (Film, Genere) VALUES
(1, 'Fantasy'),
(1, 'Western'),
(1, 'Horror'),
(1, 'Fantascienza'),
(2, 'Dramma'),
(2, 'Catastrofico'),
(2, 'Giallo'),
(3, 'Azione'),
(3, 'Polizesco'),
(3, 'Neo-Noir'),
(3, 'Fantasy'),
(4, 'Azione'),
(4, 'Fantasy'),
(5, 'Basato su un manga'),
(5, 'Guerra'),
(5, 'Horror'),
(5, 'Catastrofico'),
(6, 'Neo-Noir'),
(6, 'Fantasy'),
(6, 'Sport'),
(7, 'Basato su un libro'),
(7, 'Thriller'),
(7, 'Azione'),
(7, 'Anime'),
(8, 'Western'),
(8, 'Storico'),
(8, 'Horror'),
(9, 'Commedia'),
(9, 'Azione'),
(10, 'Commedia'),
(10, 'Basato su un manga'),
(11, 'Ispirato a eventi reali'),
(11, 'Tragedia'),
(11, 'Corse'),
(12, 'Basato su un gioco'),
(12, 'Basato su un gioco'),
(12, 'Giallo'),
(12, 'Tragedia'),
(13, 'Basato su un manga'),
(13, 'Guerra'),
(13, 'Adattato dal teatro'),
(13, 'Satirico'),
(14, 'Documentari'),
(14, 'Polizesco'),
(14, 'Basato su un manga'),
(15, 'Fantasy'),
(15, 'Polizesco'),
(16, 'Catastrofico'),
(16, 'Neo-Noir'),
(16, 'Neo-Noir'),
(17, 'Fantascienza'),
(17, 'Commedia'),
(17, 'Thriller'),
(18, 'Corse'),
(18, 'Adattato dal teatro'),
(18, 'Documentari'),
(18, 'Noir'),
(19, 'Basato su un manga'),
(19, 'Polizesco'),
(19, 'Corse'),
(20, 'Guerra'),
(20, 'Horror'),
(20, 'Basato su un libro'),
(20, 'Tragedia'),
(21, 'Azione'),
(21, 'Tragedia'),
(21, 'Adattato dal teatro'),
(21, 'Sport'),
(22, 'Thriller'),
(22, 'Polizesco'),
(23, 'Basato su un libro'),
(23, 'Ispirato a eventi reali'),
(23, 'Corse'),
(24, 'Guerra'),
(24, 'Basato su un fumetto'),
(25, 'Dramma'),
(25, 'Basato su un manga'),
(25, 'Storico'),
(25, 'Storico'),
(26, 'Fantascienza'),
(26, 'Ispirato a eventi reali'),
(26, 'Basato su un manga'),
(26, 'Fantascienza'),
(27, 'Basato su un fumetto'),
(27, 'Azione'),
(27, 'Giallo'),
(27, 'Horror'),
(28, 'Basato su un manga'),
(28, 'Satirico'),
(28, 'Thriller'),
(29, 'Corse'),
(29, 'Tragedia'),
(30, 'Guerra'),
(30, 'Noir'),
(31, 'Noir'),
(31, 'Dramma'),
(32, 'Basato su un manga'),
(32, 'Documentari'),
(32, 'Western'),
(32, 'Polizesco'),
(33, 'Corse'),
(33, 'Basato su un manga'),
(34, 'Adattato dal teatro'),
(34, 'Tragedia'),
(34, 'Anime'),
(34, 'Basato su un fumetto'),
(35, 'Guerra'),
(35, 'Adattato dal teatro'),
(36, 'Satirico'),
(36, 'Basato su un gioco'),
(36, 'Neo-Noir'),
(37, 'Adattato dal teatro'),
(37, 'Western'),
(37, 'Sport'),
(38, 'Commedia'),
(38, 'Western'),
(39, 'Azione'),
(39, 'Basato su un gioco'),
(39, 'Sport'),
(40, 'Sport'),
(40, 'Azione'),
(40, 'Noir'),
(41, 'Guerra'),
(41, 'Giallo'),
(41, 'Thriller'),
(42, 'Basato su un gioco'),
(42, 'Documentari'),
(42, 'Ispirato a eventi reali'),
(42, 'Ispirato a eventi reali'),
(43, 'Apocalittico'),
(43, 'Basato su un fumetto'),
(44, 'Basato su un fumetto'),
(44, 'Neo-Noir'),
(44, 'Satirico'),
(44, 'Cartoni Animati'),
(45, 'Catastrofico'),
(45, 'Thriller'),
(45, 'Guerra'),
(46, 'Neo-Noir'),
(46, 'Tragedia'),
(46, 'Azione'),
(46, 'Azione'),
(47, 'Neo-Noir'),
(47, 'Western'),
(47, 'Giallo'),
(48, 'Basato su un manga'),
(48, 'Satirico'),
(48, 'Dramma'),
(49, 'Polizesco'),
(49, 'Catastrofico'),
(50, 'Corse'),
(50, 'Corse'),
(50, 'Sport'),
(51, 'Tragedia'),
(51, 'Guerra'),
(52, 'Tragedia'),
(52, 'Neo-Noir'),
(53, 'Catastrofico'),
(53, 'Guerra'),
(53, 'Tragedia'),
(54, 'Corse'),
(54, 'Dramma'),
(55, 'Basato su un manga'),
(55, 'Commedia'),
(55, 'Dramma'),
(55, 'Basato su un fumetto'),
(56, 'Dramma'),
(56, 'Basato su un libro'),
(56, 'Cartoni Animati'),
(57, 'Satirico'),
(57, 'Western'),
(58, 'Storico'),
(58, 'Cartoni Animati'),
(58, 'Dramma'),
(59, 'Adattato dal teatro'),
(59, 'Fantasy'),
(59, 'Basato su un libro'),
(60, 'Satirico'),
(60, 'Horror'),
(61, 'Cartoni Animati'),
(61, 'Documentari'),
(62, 'Anime'),
(62, 'Cartoni Animati'),
(62, 'Cartoni Animati'),
(63, 'Neo-Noir'),
(63, 'Commedia'),
(63, 'Giallo'),
(64, 'Basato su un fumetto'),
(64, 'Basato su un gioco'),
(64, 'Polizesco'),
(64, 'Satirico'),
(65, 'Apocalittico'),
(65, 'Horror'),
(65, 'Tragedia'),
(65, 'Dramma'),
(66, 'Neo-Noir'),
(66, 'Basato su un gioco'),
(66, 'Basato su un manga'),
(66, 'Fantascienza'),
(67, 'Satirico'),
(67, 'Anime'),
(67, 'Basato su un libro'),
(67, 'Corse'),
(68, 'Cartoni Animati'),
(68, 'Fantascienza'),
(68, 'Basato su un fumetto'),
(68, 'Azione'),
(69, 'Basato su un gioco'),
(69, 'Anime'),
(70, 'Guerra'),
(70, 'Cartoni Animati'),
(70, 'Horror'),
(71, 'Neo-Noir'),
(71, 'Fantasy'),
(71, 'Cartoni Animati'),
(71, 'Fantascienza'),
(72, 'Basato su un gioco'),
(72, 'Satirico'),
(72, 'Adattato dal teatro'),
(73, 'Adattato dal teatro'),
(73, 'Horror'),
(73, 'Basato su un libro'),
(73, 'Basato su un libro'),
(74, 'Thriller'),
(74, 'Corse'),
(74, 'Basato su un libro'),
(75, 'Documentari'),
(75, 'Ispirato a eventi reali'),
(75, 'Fantasy'),
(75, 'Storico'),
(76, 'Apocalittico'),
(76, 'Tragedia'),
(76, 'Basato su un libro'),
(77, 'Basato su un gioco'),
(77, 'Thriller'),
(77, 'Basato su un libro'),
(78, 'Noir'),
(78, 'Fantasy'),
(78, 'Giallo'),
(79, 'Apocalittico'),
(79, 'Western'),
(79, 'Thriller'),
(80, 'Cartoni Animati'),
(80, 'Cartoni Animati'),
(81, 'Basato su un fumetto'),
(81, 'Cartoni Animati'),
(81, 'Noir'),
(82, 'Anime'),
(82, 'Ispirato a eventi reali'),
(82, 'Satirico'),
(83, 'Commedia'),
(83, 'Anime'),
(84, 'Dramma'),
(84, 'Anime'),
(85, 'Thriller'),
(85, 'Adattato dal teatro'),
(86, 'Satirico'),
(86, 'Basato su un gioco'),
(86, 'Fantasy'),
(87, 'Fantasy'),
(87, 'Guerra'),
(87, 'Basato su un manga'),
(88, 'Fantascienza'),
(88, 'Sport'),
(89, 'Giallo'),
(89, 'Western'),
(90, 'Guerra'),
(90, 'Satirico'),
(90, 'Noir'),
(91, 'Satirico'),
(91, 'Western'),
(91, 'Sport'),
(92, 'Storico'),
(92, 'Storico'),
(92, 'Storico'),
(92, 'Noir'),
(93, 'Satirico'),
(93, 'Corse'),
(93, 'Corse'),
(94, 'Basato su un libro'),
(94, 'Basato su un gioco'),
(94, 'Basato su un libro'),
(95, 'Noir'),
(95, 'Storico'),
(95, 'Guerra'),
(95, 'Basato su un libro'),
(96, 'Polizesco'),
(96, 'Basato su un manga'),
(97, 'Horror'),
(97, 'Ispirato a eventi reali'),
(97, 'Azione'),
(98, 'Noir'),
(98, 'Western'),
(99, 'Noir'),
(99, 'Ispirato a eventi reali'),
(99, 'Basato su un manga');

REPLACE INTO `Critica`(`Critico`, `Film`, `Testo`, `Data`, `Voto`) VALUES
(19, 1, 'Mi aspettavo di vedere un film meraviglioso ma in realta ho assistito ad uno spettacolo mediocre', '2022-09-02', 1.3),
(16, 2, 'Sicuramente un film pieno di pathos, passione e sentimento anche se scevro di una trama fondata', '2020-12-12', 2.7),
(3, 3, 'La parte iniziale risulta noiosa e quasi tediante, la seconda, a confronto, e una boccata d aria', '2020-07-19', 1.8),
(19, 4, 'Mio nipote avrebbe potuto girare un film migliore', '2021-05-07', 2.7),
(22, 5, 'Questo film mi ha sicuramente sorpreso anche se sono rimasto deluso dalla breve durata', '2021-08-05', 2.4),
(10, 6, 'Mi aspettavo di vedere un film meraviglioso ma in realta ho assistito ad uno spettacolo mediocre', '2022-05-12', 1.8),
(3, 7, 'Un film particolarmente emozionate ed entusiasmante, tuttavia manca chiaramente di effetti speciali', '2022-10-03', 2.0),
(18, 8, 'Mi sono amaramente pentito di aver pagato il prezzo del biglietto', '2021-12-18', 2.7),
(5, 9, 'Non ho apprezzato la mancanza di effetti speciali anche se la colonna sonora era meravigliosa', '2020-09-21', 1.2),
(2, 10, 'Forse non ne apprezzo le potenzialita ma non mi e piaciuto', '2020-11-13', 2.2),
(22, 11, 'Mi sono amaramente pentito di aver pagato il prezzo del biglietto', '2024-11-20', 1.3),
(13, 12, 'Non capisco il motivo per il quale le persone ne parlino bene onestamente', '2022-09-18', 2.0),
(14, 13, 'Un film tutto sommato mediocre, nulla di nuovo ma neanche brutto', '2023-10-26', 2.6),
(18, 14, 'Mi aspettavo di meglio da un regista di questo calibro', '2021-08-03', 2.8),
(18, 15, 'Questo film mi ha sicuramente sorpreso anche se sono rimasto deluso dalla breve durata', '2022-12-08', 1.1),
(14, 16, 'Non credo di essermi mai annoiato cosi tanto in vita mia', '2021-08-06', 3.0),
(6, 17, 'Questo film mi ha sicuramente sorpreso anche se sono rimasto deluso dalla breve durata', '2021-11-11', 2.3),
(19, 18, 'Non ho apprezzato la mancanza di effetti speciali anche se la colonna sonora era meravigliosa', '2022-12-14', 2.9),
(18, 19, 'Bello, nuovo ed originale sebbene sia incredibilmente lungo', '2021-09-09', 1.2),
(16, 20, 'Dire che sia sopravvalutato e un complimento ', '2022-11-15', 2.5),
(7, 21, 'Dire che sia sopravvalutato e un complimento ', '2021-07-01', 2.2),
(14, 22, 'Non credo di essermi mai annoiato cosi tanto in vita mia', '2022-06-25', 1.9),
(10, 23, 'Dire che sia sopravvalutato e un complimento ', '2022-06-25', 3.0),
(10, 24, 'Un film particolarmente emozionate ed entusiasmante, tuttavia manca chiaramente di effetti speciali', '2021-12-25', 1.2),
(7, 25, 'Un film particolarmente emozionate ed entusiasmante, tuttavia manca chiaramente di effetti speciali', '2021-01-04', 2.0),
(19, 26, 'Si potrebbe definire come un chiaro fiasco del regista', '2022-04-09', 1.2),
(21, 27, 'Mi sono amaramente pentito di aver pagato il prezzo del biglietto', '2021-01-22', 1.1),
(17, 28, 'La parte iniziale risulta noiosa e quasi tediante, la seconda, a confronto, e una boccata d aria', '2023-06-04', 2.2),
(16, 29, 'Non ho apprezzato la mancanza di effetti speciali anche se la colonna sonora era meravigliosa', '2020-04-21', 1.9),
(3, 30, 'Ho visto di meglio', '2022-02-10', 2.6),
(20, 31, 'Sicuramente un film pieno di pathos, passione e sentimento anche se scevro di una trama fondata', '2022-01-07', 1.9),
(5, 32, 'Non ho apprezzato la mancanza di effetti speciali anche se la colonna sonora era meravigliosa', '2020-09-18', 1.8),
(7, 33, 'Mi aspettavo di meglio da un regista di questo calibro', '2021-11-04', 2.9),
(10, 34, 'La parte iniziale risulta noiosa e quasi tediante, la seconda, a confronto, e una boccata d aria', '2022-04-05', 2.9),
(17, 35, 'Un film come tanti altri', '2020-04-13', 2.2),
(15, 36, 'Un film tutto sommato mediocre, nulla di nuovo ma neanche brutto', '2022-05-13', 3.0),
(7, 37, 'Il culmine della mediocrita', '2021-02-16', 1.2),
(5, 38, 'Mi aspettavo di vedere un film meraviglioso ma in realta ho assistito ad uno spettacolo mediocre', '2022-09-26', 2.9),
(19, 39, 'La parte iniziale risulta noiosa e quasi tediante, la seconda, a confronto, e una boccata d aria', '2022-05-16', 1.4),
(18, 40, 'Si potrebbe definire come un chiaro fiasco del regista', '2020-11-22', 1.9),
(6, 41, 'Non capisco il motivo per il quale le persone ne parlino bene onestamente', '2023-10-25', 1.5),
(17, 42, 'Non ho apprezzato la mancanza di effetti speciali anche se la colonna sonora era meravigliosa', '2022-06-17', 2.7),
(4, 43, 'Ancora mi chiedo come mai non me ne sia andato a meta film', '2023-05-23', 2.6),
(17, 44, 'Ancora mi chiedo come mai non me ne sia andato a meta film', '2022-09-02', 2.7),
(17, 45, 'Un film tutto sommato mediocre, nulla di nuovo ma neanche brutto', '2022-05-01', 2.2),
(7, 46, 'Un film tutto sommato mediocre, nulla di nuovo ma neanche brutto', '2022-03-08', 2.9),
(9, 47, 'Mio nipote avrebbe potuto girare un film migliore', '2022-05-02', 2.7),
(22, 48, 'Ho visto di meglio', '2021-08-25', 1.3),
(6, 49, 'Un film come tanti altri', '2023-07-05', 1.1),
(9, 50, 'La parte iniziale risulta noiosa e quasi tediante, la seconda, a confronto, e una boccata d aria', '2024-02-24', 1.3),
(11, 51, 'Un film come tanti altri', '2024-01-21', 2.0),
(6, 52, 'La parte iniziale risulta noiosa e quasi tediante, la seconda, a confronto, e una boccata d aria', '2022-12-22', 2.8),
(1, 53, 'Mi aspettavo di vedere un film meraviglioso ma in realta ho assistito ad uno spettacolo mediocre', '2020-03-02', 1.7),
(20, 54, 'Non capisco il motivo per il quale le persone ne parlino bene onestamente', '2022-12-12', 1.8),
(1, 55, 'Si potrebbe definire come un chiaro fiasco del regista', '2022-12-04', 1.8),
(14, 56, 'Un film come tanti altri', '2020-04-12', 2.1),
(6, 57, 'Forse non ne apprezzo le potenzialita ma non mi e piaciuto', '2023-08-23', 1.9),
(20, 58, 'Mi sono amaramente pentito di aver pagato il prezzo del biglietto', '2023-12-21', 1.1),
(21, 59, 'Sicuramente un film pieno di pathos, passione e sentimento anche se scevro di una trama fondata', '2021-02-27', 1.2),
(12, 60, 'Non credo di essermi mai annoiato cosi tanto in vita mia', '2022-09-12', 1.1),
(21, 61, 'Il culmine della mediocrita', '2020-06-02', 1.8),
(1, 62, 'Ho visto di meglio', '2020-01-22', 1.3),
(1, 63, 'Un film particolarmente emozionate ed entusiasmante, tuttavia manca chiaramente di effetti speciali', '2020-07-02', 1.5),
(11, 64, 'Ancora mi chiedo come mai non me ne sia andato a meta film', '2024-05-16', 2.1),
(9, 65, 'Il culmine della mediocrita', '2020-02-06', 1.8),
(2, 66, 'Bello, nuovo ed originale sebbene sia incredibilmente lungo', '2020-06-26', 2.2),
(13, 67, 'Sicuramente un film pieno di pathos, passione e sentimento anche se scevro di una trama fondata', '2020-01-22', 1.6),
(11, 68, 'Non credo di essermi mai annoiato cosi tanto in vita mia', '2023-04-18', 2.4),
(18, 69, 'Dire che sia sopravvalutato e un complimento ', '2022-12-01', 1.2),
(1, 70, 'Dire che sia sopravvalutato e un complimento ', '2022-12-11', 1.5),
(5, 71, 'La parte iniziale risulta noiosa e quasi tediante, la seconda, a confronto, e una boccata d aria', '2024-11-03', 2.7),
(18, 72, 'Ancora mi chiedo come mai non me ne sia andato a meta film', '2022-12-13', 2.4),
(1, 73, 'Non credo di essermi mai annoiato cosi tanto in vita mia', '2024-01-16', 3.0),
(3, 74, 'Bello, nuovo ed originale sebbene sia incredibilmente lungo', '2021-05-25', 2.6),
(21, 75, 'Un film tutto sommato mediocre, nulla di nuovo ma neanche brutto', '2021-01-04', 2.1),
(1, 76, 'La parte iniziale risulta noiosa e quasi tediante, la seconda, a confronto, e una boccata d aria', '2022-11-15', 1.1),
(1, 77, 'Sicuramente un film pieno di pathos, passione e sentimento anche se scevro di una trama fondata', '2020-04-09', 1.5),
(23, 78, 'Non capisco il motivo per il quale le persone ne parlino bene onestamente', '2022-02-03', 2.6),
(8, 79, 'Forse non ne apprezzo le potenzialita ma non mi e piaciuto', '2024-12-06', 2.0),
(15, 80, 'Sicuramente un film pieno di pathos, passione e sentimento anche se scevro di una trama fondata', '2022-06-26', 2.5),
(2, 81, 'Mi aspettavo di vedere un film meraviglioso ma in realta ho assistito ad uno spettacolo mediocre', '2022-01-04', 2.7),
(13, 82, 'Dire che sia sopravvalutato e un complimento ', '2022-01-11', 2.3),
(14, 83, 'Un film tutto sommato mediocre, nulla di nuovo ma neanche brutto', '2020-11-25', 1.5),
(14, 84, 'Ancora mi chiedo come mai non me ne sia andato a meta film', '2021-11-19', 2.4),
(18, 85, 'Un film particolarmente emozionate ed entusiasmante, tuttavia manca chiaramente di effetti speciali', '2022-04-19', 2.1),
(14, 86, 'Un film particolarmente emozionate ed entusiasmante, tuttavia manca chiaramente di effetti speciali', '2022-06-08', 1.1),
(12, 87, 'Mi aspettavo di vedere un film meraviglioso ma in realta ho assistito ad uno spettacolo mediocre', '2024-05-26', 2.0),
(20, 88, 'Un film tutto sommato mediocre, nulla di nuovo ma neanche brutto', '2024-04-06', 1.7),
(17, 89, 'Mi aspettavo di vedere un film meraviglioso ma in realta ho assistito ad uno spettacolo mediocre', '2021-10-15', 1.1),
(19, 90, 'Un film come tanti altri', '2020-05-13', 2.1),
(8, 91, 'Bello, nuovo ed originale sebbene sia incredibilmente lungo', '2022-05-18', 2.6),
(1, 92, 'Si potrebbe definire come un chiaro fiasco del regista', '2021-03-15', 1.3),
(23, 93, 'Mio nipote avrebbe potuto girare un film migliore', '2021-10-22', 1.8),
(17, 94, 'Ho visto di meglio', '2021-01-06', 2.0),
(2, 95, 'Un film particolarmente emozionate ed entusiasmante, tuttavia manca chiaramente di effetti speciali', '2020-06-03', 1.7),
(12, 96, 'Non credo di essermi mai annoiato cosi tanto in vita mia', '2022-04-20', 1.1),
(6, 97, 'Si potrebbe definire come un chiaro fiasco del regista', '2022-07-19', 1.4),
(15, 98, 'La parte iniziale risulta noiosa e quasi tediante, la seconda, a confronto, e una boccata d aria', '2023-11-05', 2.3);

DELETE FROM `Edizione`;
DELETE FROM `Restrizione`;
DELETE FROM `FormatoCodifica`;
DELETE FROM `File`;
DELETE FROM `Sottotitolaggio`;
DELETE FROM `Doppiaggio`;

REPLACE INTO `Edizione` (`ID`, `Film`, `Anno`, `Tipo`, `Lunghezza`, `RapportoAspetto`) VALUES
(1, 1, 2005, 'Edizione Blu-Ray',9840, 1.33),
(2, 1, 2007, 'Terza Edizione',7380, 1),
(3, 2, 2004, 'Prima Edizone',9960, 1.33),
(4, 2, 2005, 'Seconda Edizione',9780, 1.33),
(5, 3, 2003, 'Seconda Edizione',9000, 1.78),
(6, 4, 2020, 'Terza Edizione',6660, 1.33),
(7, 4, 2022, 'Prima Edizone',6480, 1.78),
(8, 5, 2019, 'Seconda Edizione',10320, 1),
(9, 6, 2011, 'Edizione Blu-Ray',7560, 1.33),
(10, 6, 2013, 'Seconda Edizione',8640, 1.33),
(11, 7, 2016, 'Prima Edizone',10680, 1.78),
(12, 8, 2014, 'Seconda Edizione',6840, 1),
(13, 9, 2023, 'Edizione Blu-Ray',7020, 1),
(14, 9, 2012, 'Terza Edizione',6660, 1),
(15, 10, 2013, 'Terza Edizione',8160, 1.33),
(16, 11, 2024, 'Seconda Edizione',9300, 1.78),
(17, 12, 2016, 'Terza Edizione',9060, 1.78),
(18, 12, 2011, 'Seconda Edizione',7440, 1),
(19, 13, 2023, 'Prima Edizione',9120, 1),
(20, 13, 2023, 'Terza Edizione',10380, 1.33),
(21, 14, 2019, 'Prima Edizione',5880, 1.78),
(22, 14, 2020, 'Seconda Edizione',7740, 1.78),
(23, 15, 2005, 'Edizione Blu-Ray',8820, 1),
(24, 16, 2003, 'Edizione Blu-Ray',10140, 1.78),
(25, 16, 2000, 'Edizione Blu-Ray',10680, 1.78),
(26, 17, 2003, 'Terza Edizione',7080, 1.33),
(27, 18, 2010, 'Seconda Edizione',8520, 1.33),
(28, 19, 2022, 'Edizione Blu-Ray',6000, 1.33),
(29, 20, 2011, 'Seconda Edizione',8460, 1.78),
(30, 20, 2013, 'Terza Edizione',8760, 1.78),
(31, 21, 2013, 'Prima Edizone',7560, 1.78),
(32, 21, 2017, 'Edizione Blu-Ray',9480, 1),
(33, 22, 2011, 'Edizione Blu-Ray',5700, 1.33),
(34, 22, 2014, 'Edizione Blu-Ray',10320, 1.33),
(35, 23, 2017, 'Seconda Edizione',6960, 1.78),
(36, 24, 2003, 'Seconda Edizione',8820, 1.33),
(37, 24, 2003, 'Prima Edizone',7620, 1),
(38, 25, 2006, 'Prima Edizone',6180, 1.78),
(39, 25, 2010, 'Edizione Blu-Ray',6480, 1.33),
(40, 26, 2020, 'Prima Edizone',10020, 1.33),
(41, 27, 2020, 'Terza Edizione',9600, 1),
(42, 28, 2023, 'Edizione Blu-Ray',9540, 1.78),
(43, 28, 2023, 'Edizione Blu-Ray',9660, 1),
(44, 29, 2024, 'Seconda Edizione',7200, 1),
(45, 29, 2024, 'Edizione Blu-Ray',7380, 1),
(46, 30, 2024, 'Seconda Edizione',8460, 1),
(47, 31, 2024, 'Prima Edizone',7500, 1),
(48, 32, 2013, 'Seconda Edizione',7500, 1),
(49, 32, 2022, 'Prima Edizone',8100, 1.78),
(50, 33, 2024, 'Edizione Blu-Ray',10320, 1.78),
(51, 34, 2024, 'Prima Edizone',6360, 1),
(52, 35, 2025, 'Prima Edizone',7920, 1),
(53, 35, 2024, 'Prima Edizone',10200, 1.33),
(54, 36, 2024, 'Seconda Edizione',8880, 1),
(55, 37, 2024, 'Seconda Edizione',9300, 1.33),
(56, 37, 2024, 'Edizione Blu-Ray',6180, 1.78),
(57, 38, 2024, 'Prima Edizone',5580, 1),
(58, 38, 2024, 'Prima Edizone',7500, 1),
(59, 39, 2024, 'Prima Edizone',9060, 1.78),
(60, 40, 2023, 'Prima Edizone',6780, 1.33),
(61, 40, 2022, 'Seconda Edizione',8220, 1.78),
(62, 41, 2023, 'Edizione Blu-Ray',10140, 1.33),
(63, 42, 2022, 'Seconda Edizione',7740, 1.33),
(64, 42, 2022, 'Terza Edizione',6780, 1.78),
(65, 43, 2022, 'Edizione Blu-Ray',10560, 1.33),
(66, 43, 2023, 'Terza Edizione',9000, 1.33),
(67, 44, 2021, 'Seconda Edizione',5640, 1.33),
(68, 45, 2020, 'Terza Edizione',6420, 1.78),
(69, 46, 2023, 'Prima Edizone',5400, 1),
(70, 47, 2023, 'Seconda Edizione',9720, 1.33),
(71, 47, 2023, 'Terza Edizione',8160, 1.78),
(72, 48, 2022, 'Terza Edizione',9180, 1),
(73, 48, 2021, 'Terza Edizione',5940, 1),
(74, 49, 2021, 'Terza Edizione',6960, 1),
(75, 50, 2020, 'Edizione Blu-Ray',10560, 1.78),
(76, 51, 2024, 'Seconda Edizione',7560, 1.78),
(77, 51, 2025, 'Prima Edizone',9180, 1),
(78, 52, 2022, 'Edizione Blu-Ray',9420, 1.78),
(79, 52, 2024, 'Prima Edizone',10320, 1.33),
(80, 53, 2023, 'Terza Edizione',6840, 1),
(81, 54, 2025, 'Edizione Blu-Ray',6060, 1.33),
(82, 54, 2023, 'Terza Edizione',5460, 1.33),
(83, 55, 2025, 'Edizione Blu-Ray',9180, 1.33),
(84, 56, 2022, 'Terza Edizione',8340, 1),
(85, 57, 2024, 'Seconda Edizione',8400, 1.78),
(86, 58, 2026, 'Prima Edizone',7980, 1.33),
(87, 59, 2025, 'Seconda Edizione',7680, 1),
(88, 60, 2022, 'Prima Edizone',10620, 1.33),
(89, 61, 2023, 'Edizione Blu-Ray',10680, 1.78),
(90, 62, 2018, 'Prima Edizone',7800, 1),
(91, 63, 2020, 'Terza Edizione',6180, 1.33),
(92, 63, 2023, 'Prima Edizone',9120, 1),
(93, 64, 2023, 'Prima Edizone',9540, 1.78),
(94, 65, 2024, 'Seconda Edizione',8640, 1.78),
(95, 65, 2020, 'Terza Edizione',9180, 1.33),
(96, 66, 2022, 'Terza Edizione',9360, 1),
(97, 67, 2022, 'Edizione Blu-Ray',7140, 1.78),
(98, 67, 2022, 'Prima Edizone',10740, 1.78),
(99, 68, 2022, 'Prima Edizone',8820, 1.78),
(100, 69, 2021, 'Terza Edizione',7140, 1.33),
(101, 70, 2020, 'Terza Edizione',10500, 1),
(102, 71, 2023, 'Terza Edizione',7200, 1),
(103, 71, 2026, 'Terza Edizione',5400, 1),
(104, 72, 2024, 'Terza Edizione',7920, 1.78),
(105, 73, 2024, 'Prima Edizone',10380, 1.78),
(106, 73, 2024, 'Prima Edizone',7380, 1.33),
(107, 74, 2022, 'Seconda Edizione',10020, 1.78),
(108, 75, 2022, 'Terza Edizione',6120, 1.33),
(109, 75, 2023, 'Seconda Edizione',5880, 1.78),
(110, 76, 2022, 'Seconda Edizione',9000, 1),
(111, 76, 2016, 'Prima Edizone',7260, 1),
(112, 77, 2019, 'Terza Edizione',10500, 1.78),
(113, 78, 2019, 'Terza Edizione',7260, 1.33),
(114, 78, 2017, 'Prima Edizone',5520, 1.33),
(115, 79, 2024, 'Prima Edizone',10440, 1),
(116, 79, 2024, 'Prima Edizone',7560, 1.33),
(117, 80, 2019, 'Prima Edizone',7200, 1.33),
(118, 80, 2019, 'Terza Edizione',5580, 1.78),
(119, 81, 2017, 'Prima Edizone',10500, 1),
(120, 81, 2020, 'Edizione Blu-Ray',8940, 1),
(121, 82, 2020, 'Terza Edizione',10740, 1.78),
(122, 82, 2022, 'Seconda Edizione',9000, 1.78),
(123, 83, 2022, 'Seconda Edizione',9960, 1.78),
(124, 84, 2023, 'Prima Edizone',8160, 1),
(125, 84, 2027, 'Edizione Blu-Ray',6120, 1),
(126, 85, 2026, 'Edizione Blu-Ray',9480, 1.33),
(127, 85, 2022, 'Prima Edizone',8940, 1),
(128, 86, 2020, 'Seconda Edizione',7380, 1.78),
(129, 87, 2024, 'Terza Edizione',6060, 1.33),
(130, 88, 2023, 'Seconda Edizione',8460, 1),
(131, 88, 2025, 'Prima Edizone',7800, 1),
(132, 89, 2026, 'Terza Edizione',8520, 1),
(133, 90, 2019, 'Edizione Blu-Ray',8160, 1.33),
(134, 91, 2025, 'Terza Edizione',7800, 1.33),
(135, 92, 2020, 'Edizione Blu-Ray',8460, 1),
(136, 93, 2024, 'Seconda Edizione',8580, 1.78),
(137, 93, 2020, 'Prima Edizone',8880, 1),
(138, 94, 2024, 'Seconda Edizione',7140, 1.78),
(139, 95, 2029, 'Terza Edizione',9060, 1.33),
(140, 95, 2024, 'Edizione Blu-Ray',6720, 1.78),
(141, 96, 2021, 'Edizione Blu-Ray',10320, 1.33),
(142, 97, 2021, 'Prima Edizone',5460, 1.78),
(143, 97, 2023, 'Prima Edizone',9660, 1.33),
(144, 98, 2024, 'Terza Edizione',8220, 1),
(145, 99, 2016, 'Terza Edizione',10200, 1.33),
(146, 99, 2022, 'Prima Edizone',7380, 1);

REPLACE INTO `Restrizione` (`Edizione`, `Paese`) VALUES
(65, 'AF'),
(102, 'AQ'),
(121, 'CO'),
(47, 'IT'),
(31, 'LT'),
(109, 'MG'),
(22, 'BR'),
(146, 'GB'),
(132, 'IL'),
(39, 'SB'),
(97, 'KH'),
(68, 'VA'),
(6, 'UZ'),
(14, 'SN'),
(66, 'SA'),
(69, 'LI'),
(8, 'AM'),
(146, 'KW'),
(124, 'GB'),
(15, 'CY'),
(55, 'HK'),
(129, 'LI'),
(24, 'GZ'),
(96, 'NI'),
(4, 'PA'),
(2, 'PA'),
(77, 'BF'),
(64, 'EG'),
(51, 'AD'),
(140, 'CR'),
(13, 'ET'),
(67, 'PA'),
(20, 'ES'),
(129, 'PH'),
(137, 'QA'),
(85, 'BV'),
(31, 'DZ'),
(90, 'SI'),
(135, 'ID'),
(95, 'RS'),
(51, 'AM'),
(37, 'UG'),
(63, 'NR'),
(31, 'NO'),
(20, 'AR'),
(37, 'AI'),
(50, 'MN'),
(27, 'PE'),
(51, 'BO'),
(40, 'FO'),
(46, 'ER'),
(63, 'LV'),
(30, 'FR'),
(116, 'SB'),
(1, 'PA'),
(70, 'PL'),
(21, 'GH'),
(142, 'GR'),
(88, 'AE'),
(133, 'GD'),
(68, 'GF'),
(15, 'RW'),
(22, 'DZ'),
(60, 'QA'),
(20, 'GH'),
(132, 'SH'),
(13, 'WF'),
(26, 'GI'),
(11, 'UZ'),
(50, 'TR'),
(139, 'IE'),
(4, 'UG'),
(119, 'HK'),
(137, 'XK'),
(5, 'MM'),
(38, 'PL'),
(3, 'CR'),
(1, 'KZ'),
(27, 'GZ'),
(74, 'IQ'),
(52, 'SG'),
(70, 'CK'),
(90, 'RO'),
(75, 'AO'),
(119, 'ML'),
(41, 'AR'),
(9, 'WS'),
(112, 'BT'),
(9, 'IE'),
(51, 'KH'),
(31, 'SD'),
(41, 'LI'),
(139, 'UA'),
(118, 'GG'),
(21, 'AE'),
(58, 'KZ'),
(118, 'SB'),
(24, 'IR'),
(37, 'XK'),
(61, 'SK'),
(102, 'BV'),
(117, 'CR'),
(17, 'FI'),
(83, 'GD'),
(138, 'RE'),
(69, 'BV'),
(46, 'ZM'),
(89, 'IL'),
(15, 'GM'),
(110, 'MK'),
(45, 'CK'),
(70, 'AR'),
(64, 'HK'),
(33, 'VC'),
(127, 'CL'),
(60, 'SK'),
(138, 'ID'),
(12, 'NZ'),
(76, 'GL'),
(76, 'CA'),
(53, 'ZM'),
(42, 'WF'),
(76, 'GH'),
(25, 'GE'),
(55, 'RS'),
(128, 'VU'),
(63, 'SI'),
(81, 'BW'),
(55, 'LU'),
(94, 'KW'),
(47, 'SO'),
(94, 'PE'),
(23, 'LB'),
(60, 'VG'),
(117, 'AQ'),
(41, 'OM'),
(85, 'EC'),
(96, 'CZ'),
(81, 'MC'),
(42, 'GG'),
(135, 'ML'),
(19, 'LS'),
(30, 'CO'),
(45, 'AD'),
(59, 'WS'),
(118, 'AT');

REPLACE INTO `FormatoCodifica` (`Famiglia`, `Versione`, `Lossy`, `MaxBitRate`) VALUES
    ('ALAC', '1', FALSE, 100000000),
    ('ALAC', '2', FALSE, 100000000),
    ('ALAC', '3', FALSE, 100000000),
    ('MPEG-4', '1', TRUE, 200000000),
    ('MPEG-4', '2', TRUE, 200000000),
    ('MPEG-4', '3', TRUE, NULL),
    ('H', '264', FALSE, 100000000),
    ('H', '265', FALSE, 100000000);

REPLACE INTO File Values
(1, 1, 9780499758, 7784832, 'avi','MPEG-4','1','H','264',4096,30,64,35174),
(2, 1, 2194747086, 20124678, 'mov','ALAC','3','H','264',360,30,8,28319),
(3, 2, 3482176694, 8562958, 'mp4','ALAC','3','H','265',720,30,64,25158),
(4, 2, 3119679570, 5063570, 'mp4','ALAC','1','H','265',360,30,32,45241),
(5, 3, 2914636902, 27586818, 'avi','ALAC','1','H','264',720,30,16,51674),
(6, 3, 3301639803, 6587310, 'mkv','MPEG-4','2','H','265',4096,30,64,73044),
(7, 4, 1817956253, 13702901, 'mkv','MPEG-4','2','H','264',1080,30,16,61224),
(8, 5, 3150503551, 8776829, 'avi','ALAC','3','H','264',16384,30,16,64240),
(9, 6, 5170757368, 11786887, 'mkv','ALAC','3','H','265',1080,30,4,28527),
(10, 7, 1738208197, 22776200, 'mp4','MPEG-4','3','H','264',4096,30,4,46138),
(11, 8, 1849264014, 7997091, 'mkv','MPEG-4','1','H','264',720,30,64,80140),
(12, 8, 5011518826, 10108643, 'mkv','ALAC','2','H','265',720,30,16,20547),
(13, 9, 9754705796, 30666571, 'avi','ALAC','1','H','265',4096,30,8,97720),
(14, 10, 2235651618, 24209786, 'avi','ALAC','1','H','264',2160,30,32,89587),
(15, 11, 5613671714, 26287224, 'mov','MPEG-4','3','H','265',16384,30,16,21313),
(16, 12, 3964677329, 18418199, 'avi','MPEG-4','3','H','265',720,30,8,52685),
(17, 13, 9888059886, 29616743, 'mp4','MPEG-4','3','H','265',2160,30,16,99180),
(18, 14, 5613492142, 15947628, 'mov','ALAC','3','H','265',16384,30,32,61203),
(19, 14, 7995877603, 24867743, 'mov','MPEG-4','1','H','264',360,30,8,21233),
(20, 15, 3974107287, 21037717, 'avi','MPEG-4','2','H','265',720,30,4,98733),
(21, 16, 9709289437, 4252031, 'mov','ALAC','3','H','265',2160,30,8,83927),
(22, 16, 4387207771, 29217525, 'mkv','MPEG-4','1','H','265',360,30,16,30507),
(23, 17, 3739355846, 5640344, 'avi','ALAC','2','H','264',2160,30,32,77423),
(24, 17, 1737438102, 11457437, 'mov','ALAC','3','H','265',16384,30,8,58759),
(25, 18, 6744383071, 9566823, 'mkv','ALAC','3','H','265',4096,30,32,44939),
(26, 19, 4886238043, 7178746, 'mp4','ALAC','1','H','265',720,30,8,51371),
(27, 20, 1574290769, 22770869, 'avi','MPEG-4','2','H','265',360,30,64,84389),
(28, 21, 5838857992, 14926183, 'mp4','MPEG-4','1','H','264',2160,30,4,27282),
(29, 21, 6464079451, 20308843, 'mkv','MPEG-4','1','H','265',16384,30,64,56024),
(30, 22, 6863449856, 12174525, 'mp4','ALAC','2','H','265',720,30,4,93183),
(31, 23, 9623169185, 15680370, 'mp4','ALAC','2','H','264',16384,30,8,35678),
(32, 24, 9595549618, 16381771, 'avi','MPEG-4','2','H','265',720,30,32,94716),
(33, 24, 5408723192, 23809869, 'mov','ALAC','1','H','264',720,30,16,74429),
(34, 25, 1589375564, 4328234, 'avi','MPEG-4','3','H','264',4096,30,4,86231),
(35, 26, 5655345711, 27565622, 'mp4','ALAC','2','H','264',4096,30,4,87491),
(36, 27, 4696068452, 16975104, 'mov','MPEG-4','2','H','264',16384,30,8,82514),
(37, 28, 2353808307, 20719482, 'mkv','MPEG-4','3','H','265',360,30,4,68382),
(38, 29, 8489072508, 13140680, 'avi','MPEG-4','3','H','264',1080,30,8,29242),
(39, 30, 4977027567, 5039743, 'mp4','MPEG-4','2','H','265',1080,30,8,87728),
(40, 30, 3634854274, 20106882, 'mkv','MPEG-4','2','H','265',2160,30,32,79543),
(41, 31, 3647028526, 4116056, 'mkv','ALAC','1','H','265',360,30,32,73056),
(42, 31, 2273738298, 6182991, 'avi','MPEG-4','1','H','265',4096,30,4,96387),
(43, 32, 1883116783, 22032680, 'mov','MPEG-4','1','H','265',2160,30,16,96596),
(44, 32, 7835206838, 31110205, 'mov','ALAC','3','H','264',360,30,4,46634),
(45, 33, 2007718650, 21612913, 'avi','ALAC','2','H','264',720,30,64,89316),
(46, 33, 7351936733, 12897175, 'avi','MPEG-4','1','H','265',360,30,4,73281),
(47, 34, 6249066804, 13999758, 'avi','ALAC','2','H','265',16384,30,8,41904),
(48, 34, 2280171203, 9304503, 'mov','MPEG-4','1','H','264',4096,30,16,72678),
(49, 35, 3279879528, 19439067, 'mp4','MPEG-4','1','H','264',2160,30,4,77517),
(50, 36, 9902145270, 17543954, 'mov','MPEG-4','2','H','265',360,30,64,51247),
(51, 36, 3295503149, 10539842, 'mkv','MPEG-4','1','H','265',720,30,8,33984),
(52, 37, 3796223942, 21612496, 'mp4','ALAC','2','H','265',2160,30,32,66742),
(53, 38, 4467726853, 7491130, 'avi','ALAC','2','H','264',720,30,64,58939),
(54, 38, 4902294848, 26181936, 'avi','ALAC','2','H','264',720,30,16,93549),
(55, 39, 9209666681, 26193928, 'avi','MPEG-4','1','H','264',720,30,8,89068),
(56, 40, 3056636403, 23072008, 'mkv','MPEG-4','2','H','264',2160,30,16,30117),
(57, 40, 5721151573, 14048029, 'mp4','ALAC','3','H','264',720,30,64,63928),
(58, 41, 3702601440, 26887612, 'avi','MPEG-4','2','H','264',4096,30,64,92083),
(59, 41, 6776803436, 23073118, 'avi','ALAC','2','H','265',4096,30,32,32007),
(60, 42, 9070705280, 22534337, 'mkv','ALAC','1','H','265',16384,30,16,21720),
(61, 42, 6433521818, 9791663, 'avi','MPEG-4','1','H','264',720,30,64,46835),
(62, 43, 8087116599, 15695884, 'mov','MPEG-4','1','H','264',1080,30,8,57960),
(63, 44, 5417860911, 6163901, 'mp4','MPEG-4','1','H','265',360,30,64,43411),
(64, 44, 5083051409, 28202240, 'mkv','ALAC','3','H','264',720,30,4,64120),
(65, 45, 6384433649, 8022306, 'mkv','MPEG-4','2','H','265',1080,30,64,34590),
(66, 46, 2967082988, 27816995, 'avi','ALAC','1','H','265',720,30,8,48179),
(67, 47, 1950053718, 11825041, 'mp4','ALAC','1','H','265',360,30,32,25556),
(68, 47, 4432203326, 17483579, 'mkv','MPEG-4','2','H','264',360,30,8,66484),
(69, 48, 8671928949, 5210467, 'mp4','ALAC','1','H','264',720,30,8,72622),
(70, 49, 9097827450, 29502419, 'mov','ALAC','2','H','264',360,30,4,60848),
(71, 49, 8036112935, 17864558, 'mp4','ALAC','2','H','265',2160,30,32,80255),
(72, 50, 6426467852, 10401611, 'mkv','MPEG-4','2','H','264',360,30,4,31317),
(73, 51, 2011267397, 21441978, 'mkv','ALAC','2','H','264',4096,30,8,56684),
(74, 51, 7279866386, 9246438, 'mkv','ALAC','3','H','265',360,30,8,57478),
(75, 52, 4185401047, 23335161, 'mkv','ALAC','2','H','264',360,30,8,36398),
(76, 53, 3901018437, 7808035, 'mp4','ALAC','1','H','264',360,30,64,65496),
(77, 53, 8276286966, 14068430, 'mp4','ALAC','2','H','265',360,30,4,30692),
(78, 54, 4327309472, 28448776, 'mov','ALAC','3','H','265',360,30,64,32926),
(79, 54, 2244242014, 27063656, 'mov','ALAC','3','H','265',16384,30,32,81905),
(80, 55, 2335378679, 10454313, 'mp4','ALAC','3','H','265',16384,30,4,68854),
(81, 55, 5142110250, 5376360, 'mp4','MPEG-4','3','H','265',720,30,16,62517),
(82, 56, 4088611565, 22782543, 'mp4','MPEG-4','2','H','264',2160,30,4,58095),
(83, 57, 2943181537, 3215917, 'mov','MPEG-4','2','H','265',2160,30,8,93653),
(84, 57, 8472066006, 22632990, 'mp4','ALAC','3','H','265',1080,30,16,38751),
(85, 58, 9940116175, 18602801, 'mov','ALAC','3','H','265',4096,30,64,55543),
(86, 58, 1886122976, 29136941, 'mov','ALAC','3','H','265',360,30,16,75507),
(87, 59, 6712341554, 3609255, 'mov','MPEG-4','1','H','264',360,30,64,67246),
(88, 60, 2607071157, 30908135, 'mov','MPEG-4','2','H','264',2160,30,8,77565),
(89, 61, 8118779554, 5262767, 'mp4','MPEG-4','3','H','264',2160,30,8,33609),
(90, 62, 4853199629, 19182806, 'mkv','ALAC','1','H','264',16384,30,8,27222),
(91, 63, 6084154843, 8575902, 'mp4','MPEG-4','3','H','265',360,30,32,79060),
(92, 63, 9567200833, 5893253, 'mkv','ALAC','1','H','265',2160,30,64,82987),
(93, 64, 3732814113, 13502774, 'mp4','MPEG-4','3','H','265',4096,30,32,96448),
(94, 64, 5790906571, 28563809, 'avi','ALAC','2','H','264',720,30,64,28903),
(95, 65, 2364089368, 4013167, 'avi','MPEG-4','3','H','265',16384,30,64,81565),
(96, 66, 4817591792, 9003326, 'mov','ALAC','3','H','264',720,30,4,98480),
(97, 67, 5590392379, 29364838, 'mov','ALAC','2','H','264',360,30,16,58850),
(98, 67, 6919202206, 21257682, 'mov','MPEG-4','3','H','264',360,30,16,41311),
(99, 68, 3571267987, 16260490, 'mp4','MPEG-4','3','H','264',1080,30,4,20722),
(100, 69, 5347189225, 10319083, 'mp4','MPEG-4','1','H','265',360,30,4,50970),
(101, 69, 3568069240, 30330530, 'avi','ALAC','3','H','265',720,30,64,81033),
(102, 70, 8735007052, 16766161, 'mkv','MPEG-4','3','H','264',4096,30,8,75255),
(103, 70, 9719170150, 26647644, 'avi','ALAC','2','H','264',720,30,4,33712),
(104, 71, 4322927347, 17059303, 'mkv','ALAC','3','H','264',720,30,16,65512),
(105, 72, 1916099231, 26725795, 'mp4','MPEG-4','1','H','264',1080,30,32,43051),
(106, 73, 9716193699, 8266808, 'mp4','ALAC','2','H','264',360,30,8,71399),
(107, 74, 6808179692, 15088909, 'mp4','MPEG-4','3','H','265',4096,30,64,54738),
(108, 74, 9566472157, 22856730, 'mp4','ALAC','3','H','265',16384,30,64,99657),
(109, 75, 5005731035, 14999558, 'avi','MPEG-4','1','H','265',720,30,32,90663),
(110, 76, 9944259535, 23557367, 'avi','MPEG-4','2','H','265',360,30,8,79044),
(111, 77, 7421703846, 6027306, 'avi','MPEG-4','3','H','264',720,30,16,91660),
(112, 78, 1101173421, 13635896, 'mkv','MPEG-4','3','H','265',720,30,8,46859),
(113, 78, 3607399327, 14955876, 'avi','ALAC','2','H','265',4096,30,8,52713),
(114, 79, 5096579779, 15596880, 'mkv','MPEG-4','1','H','265',4096,30,4,57223),
(115, 79, 4291285574, 7374046, 'mkv','ALAC','1','H','265',360,30,32,57479),
(116, 80, 5688147959, 20117767, 'mov','MPEG-4','1','H','265',1080,30,8,49941),
(117, 80, 5423624544, 26029346, 'avi','ALAC','1','H','264',360,30,16,73066),
(118, 81, 5080690663, 3764274, 'avi','MPEG-4','3','H','265',16384,30,64,44962),
(119, 81, 6073094734, 30342045, 'mkv','MPEG-4','3','H','264',360,30,8,30871),
(120, 82, 7742980657, 28112250, 'avi','ALAC','2','H','264',16384,30,8,90659),
(121, 83, 5553003425, 24577903, 'mov','ALAC','1','H','264',2160,30,32,70108),
(122, 83, 8821797646, 23483926, 'mov','ALAC','1','H','264',360,30,8,72843),
(123, 84, 4251768701, 26516834, 'mov','ALAC','1','H','264',16384,30,64,72220),
(124, 85, 1952869356, 22677033, 'mp4','ALAC','1','H','264',2160,30,32,21541),
(125, 85, 5966233028, 23793487, 'avi','ALAC','1','H','265',16384,30,32,75808),
(126, 86, 7376968011, 18991954, 'avi','ALAC','1','H','264',1080,30,64,46678),
(127, 86, 4219649554, 17309105, 'mov','ALAC','3','H','265',2160,30,8,35071),
(128, 87, 4935721685, 18630363, 'mp4','ALAC','1','H','264',360,30,16,78969),
(129, 87, 9044699988, 23283859, 'mkv','MPEG-4','2','H','264',2160,30,16,28548),
(130, 88, 1325848724, 11086663, 'mov','MPEG-4','1','H','265',720,30,32,81994),
(131, 88, 5158062321, 8294978, 'avi','ALAC','2','H','264',360,30,16,80289),
(132, 89, 7716612327, 26151762, 'avi','ALAC','3','H','264',2160,30,16,86727),
(133, 89, 1307585763, 17686864, 'mov','ALAC','3','H','265',2160,30,64,57763),
(134, 90, 6606617488, 10301907, 'mkv','MPEG-4','3','H','265',1080,30,32,29283),
(135, 90, 2039252901, 12547495, 'avi','ALAC','2','H','265',720,30,4,64012),
(136, 91, 3282547931, 17926205, 'mp4','ALAC','2','H','264',16384,30,4,58115),
(137, 92, 7677128734, 13518402, 'mov','ALAC','1','H','265',360,30,4,60132),
(138, 93, 8318978849, 19787292, 'avi','ALAC','2','H','265',360,30,32,90887),
(139, 93, 6765164630, 12413228, 'mov','ALAC','1','H','265',4096,30,64,98823),
(140, 94, 9818392560, 20581692, 'mov','ALAC','2','H','264',1080,30,8,24267),
(141, 94, 5428732898, 22440407, 'mp4','ALAC','3','H','265',16384,30,4,26378),
(142, 95, 4449627980, 12874945, 'mp4','MPEG-4','1','H','264',720,30,32,98066),
(143, 95, 3797721654, 24938959, 'mkv','ALAC','3','H','265',360,30,32,25225),
(144, 96, 8179934386, 3881642, 'mov','MPEG-4','1','H','264',360,30,4,75591),
(145, 96, 6494916330, 29246948, 'mkv','ALAC','2','H','265',16384,30,64,50752),
(146, 97, 4910022314, 9535356, 'mov','MPEG-4','3','H','265',360,30,8,91422),
(147, 98, 3897207794, 16239652, 'mov','ALAC','3','H','265',16384,30,4,23680),
(148, 98, 5072919540, 13861007, 'mkv','MPEG-4','1','H','265',360,30,32,21788),
(149, 99, 4307177713, 11195216, 'mp4','MPEG-4','2','H','264',360,30,8,42977),
(150, 99, 4458881392, 9646163, 'mkv','MPEG-4','2','H','264',1080,30,4,49315),
(151, 100, 5982684263, 30353331, 'mkv','ALAC','1','H','264',360,30,8,29712),
(152, 101, 1152537503, 17875409, 'mkv','MPEG-4','3','H','264',720,30,32,51410),
(153, 101, 8500425918, 25878529, 'mp4','ALAC','1','H','265',720,30,4,70033),
(154, 102, 1420579622, 19761699, 'mkv','MPEG-4','2','H','265',360,30,64,47856),
(155, 103, 7158986457, 27298348, 'avi','MPEG-4','2','H','265',1080,30,64,74692),
(156, 103, 5142675242, 9293886, 'mp4','MPEG-4','3','H','264',720,30,16,91928),
(157, 104, 5546809879, 3154412, 'mkv','MPEG-4','3','H','264',360,30,4,70746),
(158, 105, 5050881331, 21246292, 'mov','MPEG-4','2','H','264',4096,30,32,45159),
(159, 106, 3024882515, 24254306, 'avi','ALAC','1','H','264',4096,30,8,67116),
(160, 106, 4517598919, 24629841, 'mov','MPEG-4','3','H','265',4096,30,32,74871),
(161, 107, 6283697838, 22530051, 'mp4','MPEG-4','2','H','264',360,30,64,89666),
(162, 108, 5791384150, 5105334, 'mkv','MPEG-4','1','H','265',360,30,4,95771),
(163, 109, 2074506144, 27704091, 'mp4','ALAC','3','H','264',4096,30,4,77779),
(164, 110, 1492325353, 17321998, 'mov','ALAC','1','H','265',360,30,4,30888),
(165, 111, 7301029940, 22279386, 'mov','MPEG-4','1','H','264',1080,30,64,23252),
(166, 112, 2767811177, 11105408, 'mov','MPEG-4','3','H','265',2160,30,64,64732),
(167, 113, 8152509175, 14361710, 'avi','ALAC','3','H','264',4096,30,8,88765),
(168, 113, 6903359194, 28117223, 'mp4','MPEG-4','1','H','264',16384,30,64,82700),
(169, 114, 9072241611, 13535942, 'mkv','MPEG-4','3','H','265',2160,30,64,87173),
(170, 114, 8926828348, 20177590, 'mov','ALAC','2','H','264',4096,30,64,25182),
(171, 115, 7533809431, 10692542, 'mp4','ALAC','1','H','265',16384,30,8,29497),
(172, 116, 1985050428, 9057394, 'mov','ALAC','1','H','265',2160,30,4,44279),
(173, 117, 4684709416, 7252578, 'avi','ALAC','3','H','265',4096,30,4,54273),
(174, 118, 6906142414, 10754128, 'mp4','ALAC','3','H','264',360,30,64,50843),
(175, 119, 6597984108, 8962620, 'mov','ALAC','1','H','264',720,30,16,62000),
(176, 120, 8590807048, 10111611, 'mkv','MPEG-4','1','H','264',1080,30,64,86247),
(177, 120, 7384067785, 12416285, 'mp4','MPEG-4','1','H','264',2160,30,16,52159),
(178, 121, 1007794706, 3846207, 'mov','ALAC','3','H','264',2160,30,8,43470),
(179, 122, 5493093502, 25959619, 'mp4','MPEG-4','3','H','265',360,30,64,44982),
(180, 123, 7466722724, 17458342, 'mkv','ALAC','2','H','265',2160,30,32,22205),
(181, 123, 5428505128, 22219477, 'mp4','MPEG-4','1','H','265',2160,30,32,69328),
(182, 124, 2894627953, 24766963, 'mp4','ALAC','1','H','264',360,30,64,22465),
(183, 125, 1375216664, 16667428, 'mov','ALAC','2','H','265',360,30,16,75722),
(184, 126, 9883792278, 29767186, 'mp4','MPEG-4','1','H','265',720,30,16,49603),
(185, 126, 6695066890, 27431863, 'mov','ALAC','3','H','264',720,30,8,47313),
(186, 127, 7378436032, 3184313, 'avi','MPEG-4','2','H','264',720,30,16,86272),
(187, 127, 8439569071, 7408974, 'avi','ALAC','3','H','264',1080,30,64,25859),
(188, 128, 8648175028, 27425961, 'mp4','MPEG-4','3','H','265',2160,30,4,36963),
(189, 129, 9308073289, 13823911, 'mkv','MPEG-4','2','H','264',720,30,32,31453),
(190, 129, 5206794191, 6893268, 'avi','ALAC','3','H','265',360,30,32,60422),
(191, 130, 5009861596, 3567639, 'avi','MPEG-4','1','H','265',720,30,16,31403),
(192, 131, 8953556356, 9572550, 'mov','MPEG-4','3','H','265',720,30,64,47400),
(193, 132, 7348397785, 24744676, 'mkv','ALAC','2','H','265',720,30,32,62026),
(194, 133, 6164574568, 27281755, 'avi','MPEG-4','3','H','265',2160,30,8,84412),
(195, 133, 8375350600, 13259696, 'avi','MPEG-4','2','H','264',2160,30,16,41620),
(196, 134, 7103337329, 20340026, 'mov','ALAC','1','H','264',2160,30,4,83017),
(197, 135, 5106385648, 19460788, 'avi','MPEG-4','1','H','264',2160,30,64,89846),
(198, 136, 5519791363, 18569376, 'mp4','MPEG-4','1','H','264',720,30,4,91311),
(199, 136, 3016378151, 29842055, 'mov','ALAC','1','H','264',4096,30,16,97495),
(200, 137, 4447530793, 20164341, 'avi','MPEG-4','3','H','265',720,30,16,45566),
(201, 138, 5587681136, 18648531, 'avi','MPEG-4','2','H','265',360,30,64,45095),
(202, 139, 2858388391, 29175179, 'avi','MPEG-4','3','H','264',360,30,4,51787),
(203, 139, 6006648051, 9824600, 'mov','ALAC','2','H','265',2160,30,32,75468),
(204, 140, 3320090434, 13950015, 'mp4','ALAC','2','H','265',2160,30,32,42976),
(205, 140, 7648363977, 9999880, 'avi','MPEG-4','2','H','265',4096,30,64,63036),
(206, 141, 3863308761, 5304353, 'mov','MPEG-4','2','H','264',4096,30,32,58611),
(207, 142, 1628266308, 28057667, 'mov','MPEG-4','2','H','265',16384,30,16,69965),
(208, 143, 4422055174, 6283551, 'avi','ALAC','1','H','264',2160,30,32,76932),
(209, 144, 6819675406, 19650373, 'mp4','MPEG-4','2','H','264',720,30,32,37400),
(210, 144, 8464225151, 10028047, 'avi','MPEG-4','1','H','265',2160,30,32,98579),
(211, 145, 4161854958, 29676250, 'mkv','MPEG-4','1','H','264',4096,30,64,54114),
(212, 145, 9510818778, 7670933, 'mkv','MPEG-4','3','H','265',360,30,64,41423),
(213, 146, 4659754295, 12817327, 'avi','MPEG-4','2','H','264',1080,30,16,35957);

REPLACE INTO `Doppiaggio` (`File`, `Lingua`) VALUES
(1, 'Slovacco'),
(1, 'Indonesiano'),
(1, 'Rumeno'),
(2, 'Catalano'),
(2, 'Pohnpeiano'),
(2, 'Francese'),
(2, 'Bielorusso'),
(3, 'Malgascio'),
(3, 'Ruteno'),
(4, 'Sindhi'),
(4, 'Yue'),
(4, 'Islandese'),
(4, 'Inglese'),
(5, 'Nepalese'),
(5, 'Georgiano'),
(6, 'Islandese'),
(6, 'Faroese'),
(7, 'Danese'),
(7, 'Turkmeno'),
(7, 'Groenlandese'),
(7, 'Irlandese'),
(8, 'Creolo'),
(8, 'Moldavo'),
(8, 'Norvegese'),
(8, 'Shona'),
(9, 'Creolo'),
(9, 'Swahili'),
(9, 'Ruteno'),
(9, 'Ucraino'),
(10, 'Ungherese'),
(10, 'Giapponese'),
(10, 'Croato'),
(10, 'Figiano'),
(11, 'Pohnpeiano'),
(11, 'Slovacco'),
(12, 'Inglese'),
(12, 'Slovacco'),
(13, 'Thai'),
(13, 'Ladino'),
(14, 'Pashto'),
(14, 'Monegasco'),
(15, 'Curdo'),
(15, 'Lettone'),
(16, 'Ucraino'),
(16, 'Svedese'),
(16, 'Polacco'),
(17, 'Papiamento'),
(17, 'Hindi'),
(17, 'Malgascio'),
(17, 'Lussemburghese'),
(18, 'Olandese'),
(18, 'Kannada'),
(18, 'Chichewa'),
(19, 'Malese'),
(19, 'Tamil'),
(19, 'Bislamo'),
(20, 'Monegasco'),
(20, 'Italiano'),
(21, 'Lussemburghese'),
(21, 'Gujarati'),
(22, 'Maithili'),
(22, 'Uzbeko'),
(23, 'Somalo'),
(23, 'Urdu'),
(24, 'Lussemburghese'),
(24, 'Turkmeno'),
(24, 'Gilbertese'),
(24, 'Tswana'),
(25, 'Ladino'),
(25, 'Olandese'),
(25, 'Ruteno'),
(26, 'Indonesiano'),
(26, 'Marshallese'),
(26, 'Hawaiano'),
(26, 'Singalese'),
(27, 'Kannada'),
(27, 'Bielorusso'),
(27, 'Marshallese'),
(27, 'Chamorro'),
(28, 'Francese'),
(28, 'Figiano'),
(28, 'Pohnpeiano'),
(28, 'Kosraese'),
(29, 'Ungherese'),
(29, 'Turkmeno'),
(29, 'Olandese'),
(30, 'Persiano'),
(30, 'Tedesco'),
(31, 'Inglese'),
(31, 'Spagnolo'),
(31, 'Lituano'),
(31, 'Zulu'),
(32, 'Chamorro'),
(32, 'Sindhi'),
(32, 'Hindi'),
(33, 'Xhosa'),
(33, 'Maithili'),
(34, 'Albanese'),
(34, 'Gilbertese'),
(34, 'Olandese'),
(34, 'Lituano'),
(35, 'Spagnolo'),
(35, 'Islandese'),
(35, 'Zulu'),
(36, 'Nauruana'),
(36, 'Mandarino'),
(36, 'Malayalam'),
(36, 'Thai'),
(37, 'Groenlandese'),
(37, 'Tsonga'),
(37, 'Olandese'),
(37, 'Bodo'),
(38, 'Zulu'),
(38, 'Malese'),
(38, 'Bosniaco'),
(38, 'Ruteno'),
(39, 'Palauano'),
(39, 'Figiano'),
(39, 'Marathi'),
(39, 'Tetum'),
(40, 'Romaní'),
(40, 'Arabo'),
(40, 'Estone'),
(41, 'Palauano'),
(41, 'Armeno'),
(41, 'Giavanese'),
(42, 'Tataro'),
(42, 'Italiano'),
(42, 'Urdu'),
(43, 'Tsonga'),
(43, 'Shona'),
(43, 'Swahili'),
(43, 'Manipuri'),
(44, 'Ungherese'),
(44, 'Turkmeno'),
(45, 'Giavanese'),
(45, 'Yiddish'),
(46, 'Gilbertese'),
(46, 'Tedesco'),
(46, 'Inglese'),
(47, 'Bosniaco'),
(47, 'Ungherese'),
(48, 'Tetum'),
(48, 'Pashto'),
(49, 'Nepalese'),
(49, 'Venda'),
(50, 'Tsonga'),
(50, 'Mirandese'),
(50, 'Comoriano'),
(50, 'Turkmeno'),
(51, 'Uzbeko'),
(51, 'Slovacco'),
(51, 'Russo'),
(52, 'Lettone'),
(52, 'Lettone'),
(53, 'Giavanese'),
(53, 'Lussemburghese'),
(53, 'Ucraino'),
(53, 'Uzbeko'),
(54, 'Mandarino'),
(54, 'Tosco'),
(55, 'Moldavo'),
(55, 'Bulgaro'),
(56, 'Occitano'),
(56, 'Islandese'),
(56, 'Afrikaans'),
(57, 'Maltese'),
(57, 'Zulu'),
(58, 'Hindi'),
(58, 'Maori'),
(58, 'Shona'),
(59, 'Kashmiri'),
(59, 'Nauruana'),
(60, 'Marathi'),
(60, 'Coreano'),
(60, 'Malayalam'),
(60, 'Romaní'),
(61, 'Svedese'),
(61, 'Ucraino'),
(62, 'Islandese'),
(62, 'Caroliniano'),
(62, 'Venda'),
(62, 'Tswana'),
(63, 'Mongolo'),
(63, 'Malese'),
(63, 'Islandese'),
(63, 'Groenlandese'),
(64, 'Georgiano'),
(64, 'Romaní'),
(64, 'Ebraico'),
(64, 'Zulu'),
(65, 'Xhosa'),
(65, 'Malgascio'),
(65, 'Tsonga'),
(65, 'Macedone'),
(66, 'Giapponese'),
(66, 'Occitano'),
(66, 'Albanese'),
(67, 'Groenlandese'),
(67, 'Swahili'),
(67, 'Bosniaco'),
(68, 'Uzbeko'),
(68, 'Danese'),
(68, 'Punjabi'),
(69, 'Marathi'),
(69, 'Romancio'),
(69, 'Occitano'),
(69, 'Armeno'),
(70, 'Caroliniano'),
(70, 'Yiddish'),
(71, 'Tsonga'),
(71, 'Chuukese'),
(71, 'Telugu'),
(71, 'Arabo'),
(72, 'Ruteno'),
(72, 'Russo'),
(72, 'Rumeno'),
(72, 'Faroese'),
(73, 'Tosco'),
(73, 'Chichewa'),
(73, 'Singalese'),
(73, 'Creolo'),
(74, 'Pashto'),
(74, 'Maithili'),
(74, 'Bulgaro'),
(74, 'Tedesco'),
(75, 'Lao'),
(75, 'Singalese'),
(75, 'Inglese'),
(75, 'Zulu'),
(76, 'Coreano'),
(76, 'Groenlandese'),
(76, 'Pohnpeiano'),
(77, 'Polacco'),
(77, 'Thai'),
(77, 'Oriya'),
(78, 'Tataro'),
(78, 'Macedone'),
(78, 'Tosco'),
(79, 'Turkmeno'),
(79, 'Singalese'),
(80, 'Mandarino'),
(80, 'Urdu'),
(80, 'Ruteno'),
(81, 'Papiamento'),
(81, 'Kosraese'),
(81, 'Pashto'),
(82, 'Ucraino'),
(82, 'Yorube'),
(82, 'Portoghese'),
(83, 'Rumeno'),
(83, 'Gilbertese'),
(83, 'Rumeno'),
(83, 'Lussemburghese'),
(84, 'Papiamento'),
(84, 'Portoghese'),
(84, 'Chichewa'),
(85, 'Xhosa'),
(85, 'Bosniaco'),
(85, 'Ungherese'),
(86, 'Marshallese'),
(86, 'Maltese'),
(87, 'Romancio'),
(87, 'Palauano'),
(87, 'Lituano'),
(87, 'Islandese'),
(88, 'Comoriano'),
(88, 'Chichewa'),
(88, 'Portoghese'),
(89, 'Sindhi'),
(89, 'Persiano'),
(89, 'Faroese'),
(89, 'Maori'),
(90, 'Mirandese'),
(90, 'Uzbeko'),
(90, 'Punjabi'),
(91, 'Gilbertese'),
(91, 'Inglese'),
(91, 'Chamorro'),
(91, 'Tsonga'),
(92, 'Lituano'),
(92, 'Lussemburghese'),
(92, 'Nepalese'),
(93, 'Kashmiri'),
(93, 'Chuukese'),
(93, 'Finlandese'),
(94, 'Moldavo'),
(94, 'Kosraese'),
(94, 'Rumeno'),
(94, 'Maori'),
(95, 'Hawaiano'),
(95, 'Urdu'),
(95, 'Afrikaans'),
(95, 'Bislamo'),
(96, 'Hawaiano'),
(96, 'Tsonga'),
(96, 'Yiddish'),
(97, 'Papiamento'),
(97, 'Palauano'),
(97, 'Curdo'),
(97, 'Monegasco'),
(98, 'Norvegese'),
(98, 'Singalese'),
(98, 'Ungherese'),
(99, 'Gilbertese'),
(99, 'Malgascio'),
(99, 'Giapponese'),
(100, 'Oriya'),
(100, 'Marshallese'),
(100, 'Francese'),
(100, 'Armeno'),
(101, 'Papiamento'),
(101, 'Maori'),
(102, 'Punjabi'),
(102, 'Swahili'),
(102, 'Yorube'),
(103, 'Ucraino'),
(103, 'Greco'),
(103, 'Tswana'),
(104, 'Nauruana'),
(104, 'Mandarino'),
(104, 'Figiano'),
(105, 'Filippino'),
(105, 'Ebraico'),
(106, 'Lettone'),
(106, 'Oriya'),
(106, 'Slovacco'),
(107, 'Hawaiano'),
(107, 'Turco'),
(108, 'Urdu'),
(108, 'Bosniaco'),
(109, 'Ladino'),
(109, 'Arabo'),
(110, 'Romaní'),
(110, 'Mirandese'),
(110, 'Bosniaco'),
(111, 'Curdo'),
(111, 'Persiano'),
(112, 'Manipuri'),
(112, 'Maltese'),
(112, 'Kashmiri'),
(113, 'Turkmeno'),
(113, 'Tosco'),
(113, 'Xhosa'),
(113, 'Thai'),
(114, 'Malayalam'),
(114, 'Catalano'),
(114, 'Maltese'),
(114, 'Monegasco'),
(115, 'Mongolo'),
(115, 'Mirandese'),
(115, 'Romancio'),
(115, 'Turkmeno'),
(116, 'Malgascio'),
(116, 'Shona'),
(117, 'Lituano'),
(117, 'Turco'),
(117, 'Maithili'),
(118, 'Macedone'),
(118, 'Bielorusso'),
(118, 'Svedese'),
(118, 'Gujarati'),
(119, 'Croato'),
(119, 'Palauano'),
(119, 'Islandese'),
(119, 'Figiano'),
(120, 'Tataro'),
(120, 'Occitano'),
(120, 'Comoriano'),
(120, 'Croato'),
(121, 'Catalano'),
(121, 'Greco'),
(122, 'Figiano'),
(122, 'Malese'),
(122, 'Bodo'),
(123, 'Romancio'),
(123, 'Danese'),
(123, 'Rumeno'),
(123, 'Armeno'),
(124, 'Shona'),
(124, 'Guaraní'),
(124, 'Caroliniano'),
(124, 'Palauano'),
(125, 'Manipuri'),
(125, 'Albanese'),
(125, 'Pohnpeiano'),
(125, 'Afrikaans'),
(126, 'Mirandese'),
(126, 'Ungherese'),
(127, 'Faroese'),
(127, 'Ungherese'),
(127, 'Occitano'),
(128, 'Lettone'),
(128, 'Francese'),
(128, 'Monegasco'),
(129, 'Palauano'),
(129, 'Tosco'),
(129, 'Svedese'),
(130, 'Marathi'),
(130, 'Lao'),
(130, 'Slovacco'),
(130, 'Lao'),
(131, 'Rumeno'),
(131, 'Ladino'),
(131, 'Malgascio'),
(131, 'Ladino'),
(132, 'Hawaiano'),
(132, 'Telugu'),
(132, 'Bulgaro'),
(132, 'Olandese'),
(133, 'Groenlandese'),
(133, 'Croato'),
(133, 'Malgascio'),
(134, 'Papiamento'),
(134, 'Curdo'),
(134, 'Yiddish'),
(134, 'Ucraino'),
(135, 'Kannada'),
(135, 'Yiddish'),
(135, 'Mandarino'),
(135, 'Lituano'),
(136, 'Estone'),
(136, 'Ceco'),
(137, 'Guaraní'),
(137, 'Moldavo'),
(138, 'Ladino'),
(138, 'Turco'),
(138, 'Albanese'),
(139, 'Maltese'),
(139, 'Singalese'),
(139, 'Comoriano'),
(140, 'Ebraico'),
(140, 'Italiano'),
(140, 'Islandese'),
(141, 'Norvegese'),
(141, 'Ruteno'),
(141, 'Ceco'),
(142, 'Macedone'),
(142, 'Sindhi'),
(142, 'Kosraese'),
(142, 'Tsonga'),
(143, 'Punjabi'),
(143, 'Creolo'),
(144, 'Kashmiri'),
(144, 'Ruteno'),
(145, 'Maithili'),
(145, 'Chamorro'),
(146, 'Irlandese'),
(146, 'Irlandese'),
(146, 'Tsonga'),
(146, 'Romancio'),
(147, 'Monegasco'),
(147, 'Catalano'),
(148, 'Tetum'),
(148, 'Lussemburghese'),
(148, 'Hindi'),
(148, 'Lussemburghese'),
(149, 'Malgascio'),
(149, 'Faroese'),
(149, 'Nepalese'),
(150, 'Bodo'),
(150, 'Malese'),
(150, 'Norvegese'),
(151, 'Uzbeko'),
(151, 'Ungherese'),
(151, 'Punjabi'),
(151, 'Bosniaco'),
(152, 'Shona'),
(152, 'Bielorusso'),
(152, 'Turco'),
(153, 'Faroese'),
(153, 'Yorube'),
(153, 'Comoriano'),
(153, 'Monegasco'),
(154, 'Palauano'),
(154, 'Moldavo'),
(155, 'Persiano'),
(155, 'Indonesiano'),
(155, 'Bosniaco'),
(155, 'Maltese'),
(156, 'Maithili'),
(156, 'Lituano'),
(156, 'Rumeno'),
(156, 'Lituano'),
(157, 'Guaraní'),
(157, 'Ceco'),
(158, 'Nepalese'),
(158, 'Pashto'),
(159, 'Pashto'),
(159, 'Maithili'),
(160, 'Tetum'),
(160, 'Marathi'),
(160, 'Islandese'),
(160, 'Pohnpeiano'),
(161, 'Norvegese'),
(161, 'Maithili'),
(161, 'Oriya'),
(162, 'Mongolo'),
(162, 'Oriya'),
(162, 'Manipuri'),
(162, 'Bosniaco'),
(163, 'Occitano'),
(163, 'Filippino'),
(163, 'Finlandese'),
(164, 'Gilbertese'),
(164, 'Monegasco'),
(164, 'Urdu'),
(164, 'Spagnolo'),
(165, 'Urdu'),
(165, 'Mirandese'),
(165, 'Monegasco'),
(166, 'Shona'),
(166, 'Danese'),
(166, 'Maori'),
(166, 'Gujarati'),
(167, 'Mongolo'),
(167, 'Palauano'),
(168, 'Bosniaco'),
(168, 'Chuukese'),
(168, 'Marshallese'),
(169, 'Pohnpeiano'),
(169, 'Maithili'),
(170, 'Nauruana'),
(170, 'Groenlandese'),
(171, 'Mirandese'),
(171, 'Uzbeko'),
(171, 'Marshallese'),
(171, 'Bosniaco'),
(172, 'Groenlandese'),
(172, 'Shona'),
(172, 'Tetum'),
(172, 'Mirandese'),
(173, 'Bielorusso'),
(173, 'Figiano'),
(173, 'Maori'),
(174, 'Turco'),
(174, 'Manipuri'),
(174, 'Afrikaans'),
(175, 'Tedesco'),
(175, 'Sindhi'),
(176, 'Norvegese'),
(176, 'Guaraní'),
(176, 'Xhosa'),
(177, 'Occitano'),
(177, 'Romancio'),
(177, 'Mandarino'),
(178, 'Ungherese'),
(178, 'Venda'),
(178, 'Romaní'),
(179, 'Bielorusso'),
(179, 'Lao'),
(179, 'Ladino'),
(179, 'Tosco'),
(180, 'Pohnpeiano'),
(180, 'Portoghese'),
(181, 'Greco'),
(181, 'Singalese'),
(181, 'Ruteno'),
(181, 'Tswana'),
(182, 'Ceco'),
(182, 'Kashmiri'),
(182, 'Telugu'),
(183, 'Persiano'),
(183, 'Thai'),
(184, 'Ruteno'),
(184, 'Curdo'),
(184, 'Russo'),
(184, 'Slovacco'),
(185, 'Yue'),
(185, 'Moldavo'),
(185, 'Guaraní'),
(186, 'Armeno'),
(186, 'Tamil'),
(186, 'Yue'),
(186, 'Tosco'),
(187, 'Ebraico'),
(187, 'Albanese'),
(188, 'Kashmiri'),
(188, 'Caroliniano'),
(189, 'Danese'),
(189, 'Finlandese'),
(190, 'Urdu'),
(190, 'Maltese'),
(190, 'Gilbertese'),
(190, 'Lituano'),
(191, 'Swahili'),
(191, 'Italiano'),
(192, 'Coreano'),
(192, 'Tedesco'),
(192, 'Francese'),
(193, 'Uzbeko'),
(193, 'Marshallese'),
(193, 'Moldavo'),
(193, 'Chichewa'),
(194, 'Tosco'),
(194, 'Italiano'),
(195, 'Punjabi'),
(195, 'Faroese'),
(195, 'Gujarati'),
(195, 'Filippino'),
(196, 'Xhosa'),
(196, 'Yue'),
(196, 'Persiano'),
(197, 'Afrikaans'),
(197, 'Persiano'),
(198, 'Albanese'),
(198, 'Lituano'),
(198, 'Papiamento'),
(199, 'Albanese'),
(199, 'Uzbeko'),
(199, 'Creolo'),
(199, 'Svedese'),
(200, 'Bosniaco'),
(200, 'Russo'),
(201, 'Swahili'),
(201, 'Islandese'),
(201, 'Italiano');

REPLACE INTO `Sottotitolaggio` (`File`, `Lingua`) VALUES
(1, 'Rumeno'),
(1, 'Islandese'),
(1, 'Estone'),
(2, 'Kosraese'),
(2, 'Spagnolo'),
(2, 'Kosraese'),
(2, 'Guaraní'),
(3, 'Kosraese'),
(3, 'Swahili'),
(3, 'Kosraese'),
(3, 'Afrikaans'),
(4, 'Bislamo'),
(4, 'Yapese'),
(4, 'Lussemburghese'),
(4, 'Latino'),
(5, 'Faroese'),
(5, 'Chuukese'),
(5, 'Swahili'),
(5, 'Moldavo'),
(6, 'Kashmiri'),
(6, 'Xhosa'),
(6, 'Marathi'),
(6, 'Ungherese'),
(7, 'Kannada'),
(7, 'Hawaiano'),
(7, 'Guaraní'),
(7, 'Palauano'),
(8, 'Bodo'),
(8, 'Russo'),
(8, 'Svedese'),
(8, 'Inglese'),
(9, 'Swahili'),
(9, 'Manipuri'),
(9, 'Svedese'),
(9, 'Mirandese'),
(10, 'Spagnolo'),
(10, 'Ungherese'),
(10, 'Francese'),
(10, 'Kosraese'),
(11, 'Maori'),
(11, 'Afrikaans'),
(12, 'Olandese'),
(12, 'Marshallese'),
(12, 'Chichewa'),
(12, 'Yue'),
(13, 'Rumeno'),
(13, 'Moldavo'),
(13, 'Urdu'),
(14, 'Oriya'),
(14, 'Kashmiri'),
(14, 'Bodo'),
(15, 'Hindi'),
(15, 'Nauruana'),
(15, 'Punjabi'),
(16, 'Uzbeko'),
(16, 'Portoghese'),
(17, 'Albanese'),
(17, 'Bosniaco'),
(17, 'Pohnpeiano'),
(17, 'Lituano'),
(18, 'Persiano'),
(18, 'Kosraese'),
(19, 'Malese'),
(19, 'Oriya'),
(19, 'Uzbeko'),
(19, 'Tedesco'),
(20, 'Kashmiri'),
(20, 'Occitano'),
(20, 'Olandese'),
(21, 'Arabo'),
(21, 'Lao'),
(21, 'Coreano'),
(21, 'Chichewa'),
(22, 'Rumeno'),
(22, 'Kosraese'),
(22, 'Estone'),
(23, 'Persiano'),
(23, 'Telugu'),
(24, 'Georgiano'),
(24, 'Malese'),
(25, 'Chichewa'),
(25, 'Croato'),
(26, 'Ruteno'),
(26, 'Danese'),
(27, 'Indonesiano'),
(27, 'Tswana'),
(28, 'Spagnolo'),
(28, 'Rumeno'),
(28, 'Malgascio'),
(29, 'Ucraino'),
(29, 'Ladino'),
(29, 'Chichewa'),
(30, 'Marathi'),
(30, 'Nepalese'),
(31, 'Bosniaco'),
(31, 'Latino'),
(31, 'Giavanese'),
(32, 'Chuukese'),
(32, 'Nauruana'),
(32, 'Punjabi'),
(33, 'Estone'),
(33, 'Maltese'),
(33, 'Tetum'),
(34, 'Finlandese'),
(34, 'Tswana'),
(34, 'Catalano'),
(35, 'Kashmiri'),
(35, 'Manipuri'),
(35, 'Malese'),
(36, 'Telugu'),
(36, 'Mirandese'),
(36, 'Somalo'),
(36, 'Coreano'),
(37, 'Lussemburghese'),
(37, 'Monegasco'),
(37, 'Nepalese'),
(37, 'Chuukese'),
(38, 'Maori'),
(38, 'Xhosa'),
(38, 'Slovacco'),
(39, 'Lussemburghese'),
(39, 'Maltese'),
(39, 'Maori'),
(40, 'Romancio'),
(40, 'Mirandese'),
(40, 'Romancio'),
(41, 'Moldavo'),
(41, 'Ebraico'),
(41, 'Shona'),
(42, 'Monegasco'),
(42, 'Giavanese'),
(42, 'Giavanese'),
(43, 'Urdu'),
(43, 'Yiddish'),
(44, 'Yapese'),
(44, 'Xhosa'),
(44, 'Gujarati'),
(44, 'Armeno'),
(45, 'Armeno'),
(45, 'Yue'),
(46, 'Chamorro'),
(46, 'Curdo'),
(47, 'Somalo'),
(47, 'Giavanese'),
(47, 'Maithili'),
(48, 'Thai'),
(48, 'Afrikaans'),
(48, 'Nauruana'),
(49, 'Filippino'),
(49, 'Hawaiano'),
(49, 'Papiamento'),
(50, 'Nepalese'),
(50, 'Lao'),
(51, 'Comoriano'),
(51, 'Russo'),
(51, 'Francese'),
(51, 'Oriya'),
(52, 'Tosco'),
(52, 'Filippino'),
(52, 'Tosco'),
(53, 'Maithili'),
(53, 'Armeno'),
(53, 'Maori'),
(54, 'Russo'),
(54, 'Olandese'),
(54, 'Mongolo'),
(55, 'Hindi'),
(55, 'Xhosa'),
(56, 'Curdo'),
(56, 'Tosco'),
(57, 'Guaraní'),
(57, 'Norvegese'),
(57, 'Croato'),
(57, 'Gujarati'),
(58, 'Telugu'),
(58, 'Estone'),
(58, 'Xhosa'),
(58, 'Tetum'),
(59, 'Occitano'),
(59, 'Greco'),
(59, 'Bulgaro'),
(59, 'Yiddish'),
(60, 'Urdu'),
(60, 'Singalese'),
(61, 'Coreano'),
(61, 'Tataro'),
(62, 'Macedone'),
(62, 'Tataro'),
(62, 'Irlandese'),
(62, 'Coreano'),
(63, 'Guaraní'),
(63, 'Bislamo'),
(63, 'Ungherese'),
(63, 'Tetum'),
(64, 'Malese'),
(64, 'Singalese'),
(64, 'Palauano'),
(64, 'Giapponese'),
(65, 'Creolo'),
(65, 'Malese'),
(65, 'Filippino'),
(65, 'Ruteno'),
(66, 'Ungherese'),
(66, 'Russo'),
(66, 'Rumeno'),
(67, 'Olandese'),
(67, 'Shona'),
(67, 'Chichewa'),
(67, 'Swahili'),
(68, 'Lussemburghese'),
(68, 'Moldavo'),
(69, 'Ebraico'),
(69, 'Mirandese'),
(69, 'Malese'),
(69, 'Yue'),
(70, 'Guaraní'),
(70, 'Bodo'),
(71, 'Malgascio'),
(71, 'Turco'),
(71, 'Greco'),
(72, 'Albanese'),
(72, 'Curdo'),
(72, 'Macedone'),
(73, 'Chuukese'),
(73, 'Ebraico'),
(73, 'Punjabi'),
(74, 'Comoriano'),
(74, 'Tetum'),
(74, 'Faroese'),
(75, 'Norvegese'),
(75, 'Figiano'),
(75, 'Gilbertese'),
(75, 'Guaraní'),
(76, 'Oriya'),
(76, 'Tamil'),
(76, 'Coreano'),
(76, 'Punjabi'),
(77, 'Telugu'),
(77, 'Islandese'),
(77, 'Bodo'),
(78, 'Bielorusso'),
(78, 'Mirandese'),
(78, 'Sindhi'),
(79, 'Polacco'),
(79, 'Italiano'),
(79, 'Bielorusso'),
(80, 'Islandese'),
(80, 'Oriya'),
(80, 'Manipuri'),
(80, 'Catalano'),
(81, 'Afrikaans'),
(81, 'Lituano'),
(81, 'Lettone'),
(82, 'Armeno'),
(82, 'Faroese'),
(82, 'Estone'),
(82, 'Indonesiano'),
(83, 'Tsonga'),
(83, 'Spagnolo'),
(83, 'Olandese'),
(83, 'Albanese'),
(84, 'Macedone'),
(84, 'Ruteno'),
(84, 'Finlandese'),
(85, 'Romaní'),
(85, 'Malese'),
(85, 'Norvegese'),
(86, 'Zulu'),
(86, 'Faroese'),
(87, 'Turkmeno'),
(87, 'Gilbertese'),
(87, 'Sindhi'),
(87, 'Italiano'),
(88, 'Indonesiano'),
(88, 'Lao'),
(88, 'Armeno'),
(89, 'Tamil'),
(89, 'Georgiano'),
(89, 'Moldavo'),
(90, 'Somalo'),
(90, 'Romancio'),
(90, 'Portoghese'),
(91, 'Lettone'),
(91, 'Latino'),
(91, 'Tosco'),
(91, 'Arabo'),
(92, 'Svedese'),
(92, 'Bosniaco'),
(92, 'Spagnolo'),
(92, 'Maltese'),
(93, 'Bodo'),
(93, 'Norvegese'),
(93, 'Tsonga'),
(94, 'Chichewa'),
(94, 'Bosniaco'),
(94, 'Moldavo'),
(94, 'Swahili'),
(95, 'Tedesco'),
(95, 'Russo'),
(96, 'Coreano'),
(96, 'Norvegese'),
(96, 'Ceco'),
(96, 'Monegasco'),
(97, 'Hindi'),
(97, 'Latino'),
(97, 'Punjabi'),
(97, 'Russo'),
(98, 'Yorube'),
(98, 'Moldavo'),
(98, 'Malgascio'),
(99, 'Bosniaco'),
(99, 'Ucraino'),
(99, 'Persiano'),
(100, 'Telugu'),
(100, 'Catalano'),
(101, 'Indonesiano'),
(101, 'Spagnolo'),
(102, 'Olandese'),
(102, 'Sindhi'),
(102, 'Afrikaans'),
(102, 'Maltese'),
(103, 'Papiamento'),
(103, 'Ruteno'),
(103, 'Caroliniano'),
(103, 'Swahili'),
(104, 'Persiano'),
(104, 'Russo'),
(105, 'Tosco'),
(105, 'Ebraico'),
(105, 'Hawaiano'),
(106, 'Inglese'),
(106, 'Tswana'),
(106, 'Malayalam'),
(106, 'Tataro'),
(107, 'Tataro'),
(107, 'Lettone'),
(107, 'Hindi'),
(108, 'Maithili'),
(108, 'Georgiano'),
(108, 'Portoghese'),
(109, 'Maithili'),
(109, 'Yapese'),
(109, 'Albanese'),
(109, 'Bulgaro'),
(110, 'Chamorro'),
(110, 'Coreano'),
(110, 'Hindi'),
(110, 'Tosco'),
(111, 'Guaraní'),
(111, 'Figiano'),
(111, 'Afrikaans'),
(112, 'Indonesiano'),
(112, 'Xhosa'),
(112, 'Kashmiri'),
(112, 'Gilbertese'),
(113, 'Filippino'),
(113, 'Lituano'),
(114, 'Tetum'),
(114, 'Sindhi'),
(114, 'Oriya'),
(115, 'Uzbeko'),
(115, 'Giapponese'),
(115, 'Macedone'),
(116, 'Uzbeko'),
(116, 'Romancio'),
(117, 'Rumeno'),
(117, 'Croato'),
(117, 'Chamorro'),
(117, 'Russo'),
(118, 'Norvegese'),
(118, 'Portoghese'),
(118, 'Finlandese'),
(118, 'Bislamo'),
(119, 'Latino'),
(119, 'Mongolo'),
(119, 'Figiano'),
(120, 'Yiddish'),
(120, 'Ungherese'),
(120, 'Yue'),
(120, 'Figiano'),
(121, 'Bielorusso'),
(121, 'Punjabi'),
(121, 'Giapponese'),
(121, 'Tataro'),
(122, 'Tswana'),
(122, 'Shona'),
(123, 'Portoghese'),
(123, 'Malese'),
(124, 'Croato'),
(124, 'Pashto'),
(124, 'Punjabi'),
(125, 'Danese'),
(125, 'Tosco'),
(125, 'Maithili'),
(126, 'Yiddish'),
(126, 'Svedese'),
(126, 'Georgiano'),
(126, 'Maithili'),
(127, 'Giavanese'),
(127, 'Afrikaans'),
(128, 'Estone'),
(128, 'Croato'),
(128, 'Olandese'),
(129, 'Ceco'),
(129, 'Uzbeko'),
(129, 'Hindi'),
(130, 'Chuukese'),
(130, 'Curdo'),
(130, 'Swahili'),
(131, 'Portoghese'),
(131, 'Lituano'),
(132, 'Marshallese'),
(132, 'Tosco'),
(132, 'Hindi'),
(133, 'Marshallese'),
(133, 'Malayalam'),
(134, 'Nauruana'),
(134, 'Giavanese'),
(135, 'Greco'),
(135, 'Ungherese'),
(135, 'Curdo'),
(135, 'Faroese'),
(136, 'Groenlandese'),
(136, 'Filippino'),
(136, 'Filippino'),
(136, 'Georgiano'),
(137, 'Bosniaco'),
(137, 'Macedone'),
(137, 'Tedesco'),
(138, 'Oriya'),
(138, 'Ebraico'),
(139, 'Maori'),
(139, 'Tedesco'),
(139, 'Italiano'),
(139, 'Ladino'),
(140, 'Romancio'),
(140, 'Yiddish'),
(140, 'Swahili'),
(141, 'Bodo'),
(141, 'Punjabi'),
(142, 'Arabo'),
(142, 'Maori'),
(142, 'Gilbertese'),
(143, 'Creolo'),
(143, 'Telugu'),
(143, 'Nepalese'),
(143, 'Russo'),
(144, 'Gujarati'),
(144, 'Lituano'),
(145, 'Yapese'),
(145, 'Tetum'),
(145, 'Hawaiano'),
(146, 'Manipuri'),
(146, 'Bosniaco'),
(147, 'Macedone'),
(147, 'Danese'),
(147, 'Groenlandese'),
(147, 'Yorube'),
(148, 'Portoghese'),
(148, 'Venda'),
(149, 'Russo'),
(149, 'Faroese'),
(149, 'Shona'),
(150, 'Tamil'),
(150, 'Somalo'),
(151, 'Maltese'),
(151, 'Xhosa'),
(151, 'Catalano'),
(152, 'Tataro'),
(152, 'Lituano'),
(152, 'Tedesco'),
(152, 'Georgiano'),
(153, 'Afrikaans'),
(153, 'Romaní'),
(153, 'Irlandese'),
(154, 'Bodo'),
(154, 'Yorube'),
(154, 'Caroliniano'),
(155, 'Manipuri'),
(155, 'Lussemburghese'),
(155, 'Romancio'),
(156, 'Telugu'),
(156, 'Occitano'),
(157, 'Yiddish'),
(157, 'Xhosa'),
(157, 'Tedesco'),
(158, 'Hawaiano'),
(158, 'Punjabi'),
(159, 'Kashmiri'),
(159, 'Pashto'),
(160, 'Comoriano'),
(160, 'Papiamento'),
(160, 'Figiano'),
(161, 'Gujarati'),
(161, 'Hawaiano'),
(161, 'Kosraese'),
(162, 'Creolo'),
(162, 'Tamil'),
(163, 'Armeno'),
(163, 'Yue'),
(163, 'Yiddish'),
(163, 'Irlandese'),
(164, 'Palauano'),
(164, 'Occitano'),
(164, 'Manipuri'),
(164, 'Lao'),
(165, 'Slovacco'),
(165, 'Macedone'),
(166, 'Svedese'),
(166, 'Turkmeno'),
(167, 'Irlandese'),
(167, 'Lao'),
(168, 'Urdu'),
(168, 'Romaní'),
(168, 'Estone'),
(169, 'Macedone'),
(169, 'Shona'),
(169, 'Croato'),
(170, 'Persiano'),
(170, 'Slovacco'),
(170, 'Lituano'),
(170, 'Singalese'),
(171, 'Pohnpeiano'),
(171, 'Francese'),
(171, 'Creolo'),
(172, 'Hindi'),
(172, 'Chichewa'),
(172, 'Manipuri'),
(172, 'Maori'),
(173, 'Creolo'),
(173, 'Malgascio'),
(173, 'Malese'),
(173, 'Kosraese'),
(174, 'Kosraese'),
(174, 'Arabo'),
(174, 'Ebraico'),
(175, 'Pohnpeiano'),
(175, 'Inglese'),
(175, 'Latino'),
(175, 'Marathi'),
(176, 'Hawaiano'),
(176, 'Bodo'),
(176, 'Moldavo'),
(177, 'Turco'),
(177, 'Islandese'),
(177, 'Singalese'),
(177, 'Macedone'),
(178, 'Lao'),
(178, 'Nepalese'),
(178, 'Slovacco'),
(179, 'Chuukese'),
(179, 'Albanese'),
(179, 'Danese'),
(179, 'Moldavo'),
(180, 'Caroliniano'),
(180, 'Turkmeno'),
(181, 'Chichewa'),
(181, 'Thai'),
(182, 'Georgiano'),
(182, 'Somalo'),
(182, 'Bulgaro'),
(183, 'Groenlandese'),
(183, 'Mongolo'),
(184, 'Tsonga'),
(184, 'Monegasco'),
(184, 'Tedesco'),
(184, 'Telugu'),
(185, 'Mongolo'),
(185, 'Bulgaro'),
(186, 'Yiddish'),
(186, 'Moldavo'),
(186, 'Lituano'),
(187, 'Shona'),
(187, 'Bislamo'),
(188, 'Norvegese'),
(188, 'Portoghese'),
(189, 'Indonesiano'),
(189, 'Afrikaans'),
(189, 'Tedesco'),
(190, 'Olandese'),
(190, 'Macedone'),
(190, 'Ebraico'),
(190, 'Pohnpeiano'),
(191, 'Nauruana'),
(191, 'Occitano'),
(191, 'Danese'),
(191, 'Greco'),
(192, 'Kashmiri'),
(192, 'Estone'),
(193, 'Macedone'),
(193, 'Tsonga'),
(194, 'Giapponese'),
(194, 'Slovacco'),
(195, 'Groenlandese'),
(195, 'Ladino'),
(195, 'Marathi'),
(196, 'Bislamo'),
(196, 'Ceco'),
(196, 'Bosniaco'),
(197, 'Croato'),
(197, 'Gujarati'),
(197, 'Bosniaco'),
(197, 'Faroese'),
(198, 'Svedese'),
(198, 'Greco'),
(199, 'Lettone'),
(199, 'Moldavo'),
(199, 'Islandese'),
(200, 'Norvegese'),
(200, 'Gujarati'),
(201, 'Yorube'),
(201, 'Shona');

REPLACE INTO `Abbonamento`(`Tipo`, `Tariffa`, `Durata`, `Definizione`, `Offline`, `MaxOre`, `GBMensili`) VALUES
('Basic', 5.99, 30, 1080, FALSE, 8, 32),
('Premium', 9.99, 30, 2160, FALSE, 8, 96),
('Pro', 13.49, 30, 4096, FALSE, 28, 0),
('Deluxe', 24.99, 60, 4096, FALSE, 28, 0),
('Ultimate', 39.99, 90, 16384, TRUE, 28, 0);

REPLACE INTO Esclusione VALUES 
('Basic', 'Anime'),
('Basic', 'Azione'),
('Basic', 'Cartoni Animati'),
('Premium', 'Anime');

REPLACE INTO `Utente` (`Codice`, `Nome`, `Cognome`, `Email`, `Password`, `Abbonamento`, `DataInizioAbbonamento`) VALUES
('aaliyah1PcW', 'Bacco', 'Bagordi', 'aaliyah1PcW-W1@facebook.com', 'f8cdb04495ded47615258f9dc6a3f4707fd2405434fefc3cbf4ef4e6', 'Basic', '2023-09-17'),
('aarenDDCY', 'Baldassarre', 'Bagordo', 'aarenDDCY-FBz7@hotmail.it', 'd63dc919e201d7bc4c825630d2cf25fdc93d4b2f0d46706d29038d01', 'Ultimate', '2023-10-16'),
('aarikap', 'Balderico', 'Bai', 'aarikap-v9@libero.it', '7e6a4309ddf6e8866679f61ace4f621b0e3455ebac2e831a60f13cd1', 'Basic', '2023-11-06'),
('aarond0V', 'Baldo', 'Baiamonte', 'aarond0V-IRS@hotmail.it', '5154aaa49392fb275ce7e12a7d3e00901cf9cf3ab10491673f97322f', 'Premium', '2023-09-24'),
('aartjann', 'Baldomero', 'Baiamonti', 'aartjann-nHX@aol.com', '9b3e61bf29f17c75572fae2e86e17809a4513d07c8a18152acf34521', 'Pro', '2023-11-03'),
('aarushiIw', 'Baldovino', 'Baiano', 'aarushiIw-INj7@aol.com', 'a7470858e79c282bc2f6adfd831b132672dfd1224c1e78cbf5bcd057', 'Deluxe', '2023-10-22'),
('abagaelEq7RF', 'Barbarigo', 'Baiardi', 'abagaelEq7RF-v4py@libero.it', '99fb2f48c6af4761f904fc85f95eb56190e5d40b1f44ec3a9c1fa319', 'Basic', '2023-09-18'),
('abagail6rSA', 'Bardo', 'Baiardo', 'abagail6rSA-PG@libero.it', 'd5a99288b270b6c1989975fdb352425913c45e1640b35473ef9370fc', 'Pro', '2023-09-26'),
('abahri9PS0', 'Bardomiano', 'Baiata', 'abahri9PS0-FqFQ@aol.com', 'bb3fc349dd256a38df3f9345c81855cdebc9db2096b48ad3618674f6', 'Premium', '2023-10-15'),
('abbas3LjF', 'Barnaba', 'Baietta', 'abbas3LjF-lHr@hotmail.it', 'e52ea8a5297a7350df2d19689babfaefa7e2e53890f83434d633cd54', 'Deluxe', '2023-09-25'),
('abbe8', 'Barsaba', 'Baietti', 'abbe8-wHg@libero.it', '23d5c51afade7a8701186250777f3c055c94984ce3d4aaed11438c0c', 'Ultimate', '2023-10-04'),
('abbey6T', 'Barsimeo', 'Baietto', 'abbey6T-rZ@hotmail.it', '1c4cb3f6418df66a5aea8ced3505838977c1841f978130990a97ee2f', 'Deluxe', '2023-12-13'),
('abbin', 'Bartolo', 'Baiguera', 'abbin-zF@facebook.com', '5c69bb695cc29b93d655e1a4bb5656cda624080d686f74477ea09349', 'Ultimate', '2023-10-11'),
('abbie2FFMK', 'Bartolomeo', 'Bailetti', 'abbie2FFMK-WOgE@gmail.com', '9541f6c837146ca5c66251c6469e3f007ce89a341f94afcedc7a9a58', 'Deluxe', '2023-12-18'),
('abbyk', 'Basileo', 'Baili', 'abbyk-pCcz@live.com', '87b9b78c17428a74195ae419b3d347c382393fade9f3c9369fcb2117', 'Pro', '2023-09-11'),
('abbye16', 'Basilio', 'Bailo', 'abbye16-v7@hotmail.it', 'aad8b4393cadaef52ce00a7bbc6711298b7de27a3dc248d01fc38272', 'Premium', '2023-11-12'),
('abdalla5e', 'Bassiano', 'Bailone', 'abdalla5e-a5ds@facebook.com', 'ddb9daf9191f7855a85e5befb3a0adfb9a708bb36cacb231b3d5a574', 'Ultimate', '2023-09-22'),
('abdallah2lDYv', 'Bastiano', 'Bailoni', 'abdallah2lDYv-JYh@libero.it', 'a6166e1db354fb8eb263f231e9696344992e66feeac3f97c7105dcc4', 'Pro', '2023-10-18'),
('abdulRNc', 'Battista', 'Baima', 'abdulRNc-zR3@facebook.com', '79f95ce631a460dc2e3d220a5dffbb5616074375648e4a2212127ecf', 'Pro', '2023-09-20'),
('abdullahotH', 'Beato', 'Bainado', 'abdullahotH-gwlA@yahoo.it', '2c1244178f0c388f9a0c9830695917d1d12d05958718ce115cf0c411', 'Premium', '2023-09-14'),
('abejvDJC', 'Bellino', 'Baio', 'abejvDJC-yC@facebook.com', '816ac74b39ef617b624df1a50f0c786aace9cf17d93bc46d690b6728', 'Premium', '2023-09-27'),
('abelViEn', 'Beltramo', 'Baiocchi', 'abelViEn-yG@live.com', '7a52c4f56e90ad267e2ac5ae063e1ba9f52541b56fc406937cd5bac6', 'Premium', '2023-10-20'),
('abipZhC', 'Benedetto', 'Baiocchini', 'abipZhC-WkD@alice.it', 'a96a5d9aad9f09fc7823317e91b6390afad3723618e1497b8b4eeb53', 'Basic', '2023-09-13'),
('abiaZv', 'Beniamino', 'Baiocchino', 'abiaZv-Uz52@facebook.com', 'b564e8a5cf20a254eb34e1ae98c3d957c351ce854491ccbeaeb220ea', 'Basic', '2023-11-09'),
('abigaelrWm', 'Benigno', 'Baiocco', 'abigaelrWm-WbEf@facebook.com', 'e0acbfeee1e118a26a026dc6496838c8340fc9601ac29e1f45d05c80', 'Basic', '2023-10-11'),
('abigail6CA', 'Benito', 'Baione', 'abigail6CA-YYaD@msn.com', 'fca165104bcac8e1c0074edce1583d730cbad5a3b52c2172f96350a7', 'Pro', '2023-10-20'),
('abigaleq', 'Benvenuto', 'Baioni', 'abigaleq-kSu@live.com', 'b4fdb34bbb4a2126f57d3a2f9431b58481b79ebaa36c5bb99618ea61', 'Basic', '2023-10-01'),
('abraLH', 'Berardo', 'Baira', 'abraLH-Aa@yahoo.com', '0d452daf51ab8ae21a4e75bb181042b774e61f418b7caa6c5dad3f83', 'Basic', '2023-09-18'),
('abrahamnNCN', 'Berengario', 'Bairo', 'abrahamnNCN-ip@live.com', '4488e42420e714721beae2417892f7be63f9d572fa583b5af1e22b99', 'Basic', '2023-09-11'),
('abram5Ry', 'Bernardo', 'Baisi', 'abram5Ry-z2@virgilio.it', '7286fcc7398dafd4501dc12b9f7c58c3a26fc226bf08eea10f8a2719', 'Basic', '2023-10-04'),
('abree0ned', 'Beronico', 'Bait', 'abree0ned-OUe@live.com', 'f9b834a69c725eeaca01629ab1743ac3d02287eda3f840213b1b480f', 'Premium', '2023-10-05'),
('abriannavY', 'Bertoldo', 'Baj', 'abriannavY-m8@libero.it', '0b18e03aa73aeeb2aee5f6ba1ebd6168a867796d1b623ab8d320e105', 'Basic', '2023-09-13'),
('abrielNKWG', 'Bertolfo', 'Bajamonte', 'abrielNKWG-EmV0@yahoo.com', 'bfa29bfcdeca6e46328173e334f60d8c26c03cf82fb7f88a1ec15ed7', 'Premium', '2023-10-16'),
('abrielleoKvo', 'Biagio', 'Bajardi', 'abrielleoKvo-YWX@tiscali.it', 'dd4cecafdad66a6a7c1828fd167c0355f7412320e8bbcac77295896e', 'Deluxe', '2023-10-15'),
('abuEVvO', 'Bibiano', 'Bajardo', 'abuEVvO-xXuy@live.com', 'c878bad891987c11278e891a197c708c484242d32c701c7d72c0f245', 'Deluxe', '2023-10-21'),
('abyrb', 'Bindo', 'Bajetta', 'abyrb-3r@msn.com', '5252a69b05dcffb000d63817758219275dbeaf15be427576d7dc3e41', 'Deluxe', '2023-09-11'),
('acaciamD', 'Bino', 'Bajetti', 'acaciamD-uSd@yahoo.com', '1e283e34dd0fbf08127bd65aefcdaf73e30ed05c30721ea15f0f436a', 'Deluxe', '2023-09-10'),
('accesswjt', 'Birino', 'Bajlo', 'accesswjt-G8@live.com', 'd9ed35ec5ac68a64c98e8c0086b33e65a6dc8aa34d027485b6476263', 'Pro', '2023-09-14'),
('accountingu', 'Bonagiunta', 'Bajo', 'accountingu-1Rvs@facebook.com', 'ea45e41c3501079b35865a220c52d0501f49e4f3c10a5c2fc4c663e3', 'Basic', '2023-09-11'),
('acesl', 'Bonaldo', 'Bajocchi', 'acesl-0n@yahoo.com', '7af286aee7a35891941bf1b2fa2d34b904c07ced944fa7e935f07c19', 'Deluxe', '2023-09-13'),
('achalbkG', 'Bonaventura', 'Bajocco', 'achalbkG-QxE@alice.it', '30500a7f0a73546b5632475e16b28613c91d25299e8548d48fdc5510', 'Ultimate', '2023-09-10'),
('achammaFtwp5', 'Bonavita', 'Bajoni', 'achammaFtwp5-r6r@libero.it', 'a60be1db2bf2660757f68efc9cb54d52ca6ba837d947efd64832afb6', 'Deluxe', '2023-09-13'),
('action5h9z1', 'Bonifacio', 'Bajro', 'action5h9z1-uDum@yahoo.com', '157733338da9d23384189295517e5ad5c14a04362b1c1d73ef3e55cf', 'Ultimate', '2023-09-29'),
('adaB1', 'Bonito', 'Bajt', 'adaB1-K51@msn.com', '28df12de70d4e42772bdfb73841272d0fc71f9c51f865bd1305d16d6', 'Premium', '2023-09-25'),
('adahg5', 'Boris', 'Balacco', 'adahg5-G7vG@virgilio.it', 'd5481d10e7eba339dcb31bcffb306865ae2e6a25a430dd041d5e91b6', 'Deluxe', '2023-10-09'),
('adairNxJ4', 'Bortolo', 'Balan', 'adairNxJ4-iG@virgilio.it', 'fa0ba0e95ebc8eaee93235329f785b789f1e806629ec0c1c29a0a552', 'Premium', '2023-10-22'),
('adaliaSsAS', 'Brancaleone', 'Balangero', 'adaliaSsAS-Qu@facebook.com', '3ecc3ceab6a9111a5c905b68a565178929a6452f2915347e578b9404', 'Pro', '2023-09-26'),
('adalinex', 'Brando', 'Balansino', 'adalinex-B04E@alice.it', '39b5b046321a72352f0278ccd97dc96ac361cc94e325428cab1f1a26', 'Ultimate', '2023-09-24'),
('adalynMjC1r', 'Bruno', 'Balanzino', 'adalynMjC1r-TOMR@msn.com', 'a789d0074615435acfbfcfe7780c7f7aa79ecf43fd2475051234442e', 'Pro', '2023-09-30'),
('adamYi', 'Bruto', 'Balatti', 'adamYi-p3@tiscali.it', '9b3c0b0389ab335e2a8e3d99af1f15bb3d581ad8d005e8fccf959ce5', 'Ultimate', '2023-09-15'),
('adantH', 'Babila', 'Balbi', 'adantH-re@yahoo.it', 'd34cfa3ed573d8808ed5e076c74ed0d146ed4e233b0b5b85dbcb4aea', 'Pro', '2023-10-12'),
('adaracUs', 'Bambina', 'Balbiani', 'adaracUs-G0k@tiscali.it', 'a8504ad557fb469a0893a7fffd5f4fccd9219bb61d8b0d037a19ba1b', 'Premium', '2023-10-14'),
('addaD', 'Barbara', 'Balbini', 'addaD-k3SP@yahoo.it', 'f98b0bfbd65cc48cd72932f4a0aac35f1e3042551cb65a2272430522', 'Pro', '2023-11-16'),
('addiF2Lfd', 'Bartolomea', 'Balbino', 'addiF2Lfd-I185@live.com', 'ecb453d83da2067efeb1243964d2b00aca62a7230c64e39ce69ac555', 'Ultimate', '2023-09-11'),
('addia0H', 'Basilia', 'Balbinot', 'addia0H-zd9@hotmail.it', '9f61c81cb2904274a2d20e8dc649dc5762cdefc93be4452d82ee4d16', 'Pro', '2023-09-23'),
('addieXxM7f', 'Bassilla', 'Balbis', 'addieXxM7f-HApk@gmail.com', '9cb7772b0f764246b2a17a98b6371e85b90249856781964e3ec04e17', 'Deluxe', '2023-10-10'),
('addilynhOTPa', 'Batilda', 'Balbo', 'addilynhOTPa-mweM@facebook.com', 'd930e0057e0f9187d2a51a2ddd9594b9c6a6d7991f37c0f6c582465c', 'Premium', '2023-10-09'),
('addisonb8l', 'Beata', 'Balboni', 'addisonb8l-XT@yahoo.com', '5903cd844c332687fda37815438a198ea4088ce29a6c764ca6d526ca', 'Premium', '2023-09-24'),
('addonsOAKDs', 'Beatrice', 'Balcon', 'addonsOAKDs-3J7k@virgilio.it', 'aa621a8486dc2000fa8e6502cc5dee7c719dda2659c13201e864c021', 'Basic', '2023-10-23'),
('addyJ', 'Belina', 'Balcone', 'addyJ-DME@live.com', 'cad955149edd7ff190c99b1f77447cadb1141a0b54442c2b28667ac9', 'Ultimate', '2023-09-13'),
('adeTe9W', 'Benedetta', 'Balconi', 'adeTe9W-Sli@yahoo.it', 'c2b4928788b2d4004a46f9ff963038c9bcadb298c2b884615db8e9c1', 'Basic', '2023-11-12'),
('adeliL', 'Beniamina', 'Baldacchini', 'adeliL-5X@aol.com', 'd3bb8886b6a4fc05aad3275c20332d59c200862c0c4f75ccd95d6dbf', 'Ultimate', '2023-10-02'),
('adela1QL', 'Benigna', 'Baldacchino', 'adela1QL-l5@live.com', '6c2e63e7e8e5e63be45adde021a3ea070b0b0bec52406a8b8bf701cc', 'Ultimate', '2023-09-19'),
('adelaidalgL', 'Benvenuta', 'Baldacci', 'adelaidalgL-0z@virgilio.it', '00aea1ea2d7e2f8ed62b68883f7be17ba58145a070e1c82d954eaf6b', 'Pro', '2023-09-21'),
('adelaideAbBJt', 'Berenice', 'Baldan', 'adelaideAbBJt-8vD9@msn.com', '972781cb1898174dcee38b55ae89f1ed86f659c275eecef25c0493c8', 'Basic', '2023-11-09'),
('adeleOt', 'Bernadetta', 'Baldani', 'adeleOt-8B@alice.it', 'ce7b1b082cf3a18016caef47d8ad2dfa7fa4e50ec0b6e3caaec9c284', 'Premium', '2023-09-11'),
('adeleneeO2', 'Betta', 'Baldantoni', 'adeleneeO2-JAW@yahoo.com', '1edbb1b183e63862a7d7e237a818a4129c8163129fbe1f9f8b7e1204', 'Ultimate', '2023-10-04'),
('adelheid1ZjKc', 'Bianca', 'Baldanza', 'adelheid1ZjKc-df@aol.com', '9cb7b5b974b6df070cb60bbeb134ea461541b92187d54372f4b144de', 'Deluxe', '2023-11-01'),
('adeliajtXT3', 'Bibiana', 'Baldanzi', 'adeliajtXT3-jl4@hotmail.it', 'fa16777567b6fcc67b26811ee26c20ae43508ae8277306fbf4432134', 'Pro', '2023-10-18'),
('adelicewx', 'Bice', 'Baldaracchi', 'adelicewx-rSg@virgilio.it', '699ff9bee8b3b32f50e14f27df7b639fadff424d22ddf36e142fb626', 'Deluxe', '2023-11-17'),
('adelinaXu', 'Brigida', 'Baldari', 'adelinaXu-prWj@yahoo.com', 'b986a019f4c1cf3fffe37f7cfe9eb60d57b621fe5a28f3df6245fdeb', 'Premium', '2023-09-27'),
('adelind1Kp5X', 'Brigitta', 'Baldaro', 'adelind1Kp5X-A4@facebook.com', '8d1b24a2cbc2a5cfbb5f6eb33d9b8f788c9faf9ac3528f622a77126d', 'Deluxe', '2023-10-18'),
('adelineuz', 'Bruna', 'Baldas', 'adelineuz-yB2@facebook.com', '7cd4085f211861140803e557c77c0670447694ebbb3b799c6255c71c', 'Ultimate', '2023-09-15'),
('adella8XpVj', 'Brunilde', 'Baldascino', 'adella8XpVj-HQhc@aol.com', '4bc1a856644c8639c7e24a3c5ec816d930c1f7881a576bf4ce40b77e', 'Basic', '2023-11-06'),
('adelleh7M', 'Caino', 'Baldassa', 'adelleh7M-Gqm@facebook.com', 'ccc9c73a37651c6b35de64c3a37858ccae045d285f57fffb409d251d', 'Ultimate', '2023-10-12'),
('adelynng', 'Caio', 'Baldassano', 'adelynng-Hna@facebook.com', 'cff117e299f7fbfa01bd0500a737adec5a4fb084b7e9c9e2ab53cd96', 'Deluxe', '2023-11-12'),
('adenVA8p', 'Calanico', 'Baldassar', 'adenVA8p-KY@facebook.com', 'dda5569c16d787d2421320f120dbab7c545628cafd42b4374d1f7362', 'Deluxe', '2023-11-10'),
('adenar3QR', 'Calcedonio', 'Baldassari', 'adenar3QR-2ze@facebook.com', 'd4b7547dae848228e6b194a4c86c8c59e9feab54bc8f09c914b5a508', 'Ultimate', '2023-09-19'),
('adeniyie2WGY', 'Callisto', 'Baldassarini', 'adeniyie2WGY-wT@live.com', '2886915dd9dedb0ce015f500ffb570901a69a8357728f893eef45344', 'Basic', '2023-10-02'),
('adeyh', 'Calogero', 'Baldassarre', 'adeyh-fMf@facebook.com', 'e226161fbcb6c8953c94f8cdf83677c37fe6c7b0e788691d2619189b', 'Premium', '2023-10-25'),
('adiQ', 'Camillo', 'Baldassarri', 'adiQ-lSO@msn.com', 'e96cde6814d648888b612aa14aef9ad5a515b06e2a09cdcb0a1fd444', 'Basic', '2023-09-17'),
('adianaFa6WR', 'Candido', 'Baldassarro', 'adianaFa6WR-ZQJj@live.com', '558fc41ee2f07ca9ff67a86ac14c469cdb45c32f042e0c4970f2b565', 'Premium', '2023-09-25'),
('adiey', 'Cantidio', 'Baldasseroni', 'adiey-oL@facebook.com', '489854666b057109a51aa1ad9f7c5dae26f10d4f36f9849ddf98a7eb', 'Basic', '2023-09-17'),
('adinaa7', 'Canziano', 'Baldassi', 'adinaa7-9ah@yahoo.com', '403f239b37aedf6755182914b3d1f8018096c4f8eb548a3f89d7806f', 'Deluxe', '2023-09-10'),
('adityaHQ', 'Carlo', 'Baldassin', 'adityaHQ-Ud@virgilio.it', '596f642dcec7f56c3683f1ba9ce3c51e3d68aa7109aae31d34ff14ba', 'Premium', '2023-09-22'),
('admin0CxU', 'Carmelo', 'Baldassini', 'admin0CxU-ULR@hotmail.it', '57fc6f26322dbf9712a4d9b6b0d082f29c3490c859287a4136f09664', 'Premium', '2023-09-13'),
('adnanBcmh', 'Carmine', 'Baldassino', 'adnanBcmh-05d@hotmail.it', 'feeb446959e8fb2f368b8a338e060f00497577fae511faa5227da8c2', 'Pro', '2023-09-13'),
('adon6', 'Caronte', 'Baldasso', 'adon6-XEp@aol.com', '5c52a67fff6839f81756cd6470bb1f4c7e7eb0b265ab490add6d7186', 'Basic', '2023-10-09'),
('adonisX', 'Carponio', 'Baldazzi', 'adonisX-DH@yahoo.com', '539d77d4ea9ccda57ceea603f706db131ae9f8aa1ad9a2e72473e603', 'Deluxe', '2023-09-20'),
('adora1gH', 'Casimiro', 'Baldecchi', 'adora1gH-doQ@msn.com', '7d3c37218c1e86127fb3f3898c96d49ffb47c25c5508f1ecdf323ce4', 'Deluxe', '2023-10-06'),
('adoreVd', 'Cassiano', 'Baldelli', 'adoreVd-c0al@libero.it', 'febac2514dcc7561338ede00fa5fcf7d2738e951fa1bd78d694ebb90', 'Ultimate', '2023-10-04'),
('adoreedx1', 'Cassio', 'Baldesari', 'adoreedx1-zFiU@msn.com', 'd3d8fb38251ed79ce6a4f283f5711a9b79f722cb3ed100b23a3f75b3', 'Basic', '2023-09-11'),
('adornenz0', 'Casto', 'Baldeschi', 'adornenz0-VTk@msn.com', '24289a24be5d6ee8df8f3cedf9b538b4cb69fbaf8abca98797b328ac', 'Deluxe', '2023-09-29'),
('adreaNd', 'Cataldo', 'Baldessare', 'adreaNd-CFt7@libero.it', 'ab4aac13ecc6b4c2d314b4c9ae9b5a01dcf44ea257d3d9f78a425237', 'Deluxe', '2023-11-14'),
('adreanna8', 'Catullo', 'Baldessari', 'adreanna8-NuY@tiscali.it', 'b59137262f2b39d54a6cd5ea805632639c999cafc3c3f0f56b8aac03', 'Pro', '2023-09-21'),
('adrisJFr6', 'Cecco', 'Baldessaro', 'adrisJFr6-mOw@virgilio.it', '46083e50c9b7aebc3db13ca613f64ff2aac909d5a336529646982955', 'Premium', '2023-09-15'),
('adriabp5w', 'Cecilio', 'Baldessarre', 'adriabp5w-kWsP@live.com', '802f90e7e8514c1b84dcfc8d7c6f95b3c2be5580ffc82fc528d1ce57', 'Deluxe', '2023-09-13'),
('adriaensc', 'Celso', 'Baldessarri', 'adriaensc-PSEf@aol.com', 'dc7890780cac6e07048b6dfe3c235e4de2708b5d561e223396bdba0d', 'Premium', '2023-10-13'),
('adrianbz', 'Cesare', 'Baldessarro', 'adrianbz-BS@alice.it', 'a1c858e934e8965e733dbc0a25ff95889c433a6af769c137449e58ee', 'Basic', '2023-09-23'),
('richie-314', 'Nome', 'Cognome', 'email@prova.it', 'hash', 'Pro', CURRENT_DATE);


REPLACE INTO `CartaDiCredito` (`Pan`, `Scadenza`, `CVV`) VALUES
(7603573102360740, '2023-10-01', 802),
(3388405674674869, '2023-10-01', 748),
(6526663799677394, '2023-10-01', 853),
(2070414519982300, '2023-11-01', 96),
(9785670541216205, '2023-12-01', 270),
(2639727195722891, '2023-11-01', 516),
(5710508721637486, '2023-10-01', 956),
(3104571003994338, '2023-09-01', 746),
(1071266599350905, '2023-10-01', 666),
(3828660055228655, '2023-10-01', 811),
(2756226384921671, '2023-10-01', 531),
(8280593012142446, '2023-11-01', 952),
(9833045362604512, '2023-11-01', 316),
(7808990338680218, '2023-11-01', 266),
(0084227092492086, '2023-12-01', 875),
(3296155635132228, '2023-12-01', 712),
(0973625769186227, '2023-10-01', 75),
(8223686580912660, '2023-09-01', 647),
(0747836531582130, '2023-10-01', 501),
(5437141617068719, '2023-10-01', 43),
(1722539459115550, '2023-11-01', 827),
(6169087778580936, '2023-11-01', 644),
(9148485464476857, '2023-11-01', 157),
(9515643765801360, '2023-10-01', 722),
(6558885877102287, '2023-11-01', 240),
(1075878040872032, '2023-12-01', 893),
(6760330723863132, '2023-11-01', 317),
(7182838736621633, '2023-12-01', 806),
(2518670704002881, '2023-09-01', 163),
(7092122383589988, '2023-10-01', 103),
(0195506975244894, '2023-12-01', 466),
(4741558151889020, '2023-10-01', 192),
(9221946478012072, '2023-10-01', 490),
(3105045229069587, '2023-10-01', 38),
(2999055762578710, '2023-11-01', 545),
(5501579459100542, '2023-09-01', 475),
(0518536470975496, '2023-10-01', 546),
(1291696447697227, '2023-11-01', 387),
(5870213580731051, '2023-11-01', 75),
(8821687460869068, '2023-09-01', 83),
(0919945284572981, '2024-02-01', 966),
(1562405506612973, '2023-12-01', 635),
(9326070126039107, '2023-11-01', 786),
(7120692307793259, '2023-10-01', 547),
(0345239855766931, '2023-10-01', 952),
(8214851674089234, '2023-11-01', 965),
(3162488994259209, '2023-12-01', 785),
(9266091870950682, '2023-09-01', 731),
(7401598425306201, '2023-10-01', 286),
(7800045413472557, '2023-09-01', 411),
(8729033833882151, '2023-10-01', 367),
(0123345414516078, '2023-12-01', 767),
(4578548354515479, '2024-01-01', 69),
(4094812654330695, '2023-12-01', 596),
(0403440236166950, '2023-12-01', 974),
(4856356785291249, '2023-11-01', 943),
(5500406234457963, '2023-11-01', 579),
(0925013243576712, '2023-10-01', 234),
(9316932525868745, '2023-09-01', 767),
(2109945010181525, '2023-10-01', 946),
(0914084330424754, '2024-01-01', 267),
(2188527564894239, '2023-09-01', 717),
(6911632745284671, '2023-12-01', 191),
(2827833125788177, '2023-10-01', 661),
(9419313250437734, '2023-12-01', 942),
(1781658133632009, '2023-10-01', 214),
(5794609252060456, '2023-09-01', 826),
(1790442124141114, '2023-09-01', 678),
(2818962521888287, '2023-09-01', 489),
(0103729137272053, '2023-10-01', 212),
(7032718325776980, '2023-10-01', 268),
(7659473313353285, '2023-10-01', 618),
(4789174164485342, '2023-09-01', 568),
(9984649548687061, '2023-12-01', 632),
(8879405081104216, '2023-11-01', 968),
(4260264020649028, '2023-10-01', 471),
(0696843835211989, '2023-11-01', 369),
(3112533312335991, '2023-12-01', 496),
(0396160168928352, '2023-10-01', 302),
(4191836515579882, '2023-10-01', 161),
(7324209920321772, '2024-01-01', 546),
(3668924040129695, '2023-10-01', 358),
(3101387728162243, '2023-10-01', 707),
(6658154307858357, '2023-09-01', 894),
(3725926259891115, '2023-09-01', 853),
(7543999160880434, '2023-10-01', 200),
(4021139935245938, '2023-11-01', 878),
(3290762644813038, '2023-11-01', 12),
(3733702451706581, '2023-12-01', 182),
(4708084877759549, '2023-11-01', 606),
(1359782655900669, '2023-10-01', 613),
(5931430571555659, '2023-11-01', 446),
(3855066969983446, '2023-11-01', 43),
(0310433543746776, '2023-09-01', 508),
(2364152692067226, '2023-10-01', 692),
(5435564505064494, '2023-10-01', 729),
(3561409753849160, '2023-10-01', 429),
(5530872998031967, '2023-11-01', 609),
(8653928860225034, '2023-11-01', 34),
(6338102966939925, '2023-11-01', 532),
(8945589036262485, '2023-09-01', 258),
(9965400918307561, '2023-11-01', 696),
(4110007230292699, '2023-11-01', 349),
(4011230941187593, '2023-09-01', 743),
(2474683971453406, '2023-10-01', 697),
(2405860223387706, '2023-09-01', 570),
(2150767702931019, '2023-10-01', 38),
(1985380963241285, '2023-12-01', 933),
(2854194352892722, '2023-12-01', 850),
(4230564932613209, '2023-10-01', 314),
(7414742974027816, '2023-09-01', 49),
(5600929076722804, '2023-11-01', 710),
(2120128764608339, '2023-10-01', 257),
(7387332379964060, '2023-09-01', 202),
(2325305692657142, '2023-12-01', 49),
(8130260858822389, '2023-12-01', 755),
(5126601759015267, '2023-10-01', 6),
(5574115394198542, '2023-09-01', 704),
(0244421574064159, '2023-10-01', 316),
(0400690406165873, '2023-09-01', 598),
(5231767278144764, '2023-10-01', 724),
(3933955296399091, '2023-10-01', 178),
(0354234534540869, '2023-09-01', 244),
(5117718243926253, '2023-12-01', 194),
(3393535038842769, '2023-09-01', 793),
(2849405810175392, '2023-10-01', 937),
(1884510524582593, '2024-01-01', 605),
(2844591294202167, '2023-11-01', 781),
(5391075164546144, '2023-11-01', 757),
(9720594696970692, '2023-11-01', 627),
(1226078261656194, '2023-11-01', 11),
(0732612244437611, '2023-09-01', 512),
(0211549768524832, '2023-11-01', 806),
(1291332726557339, '2023-09-01', 282),
(9585037041073624, '2023-12-01', 468),
(5158982122764745, '2023-10-01', 429),
(9987848958867191, '2023-10-01', 596),
(2266029387163272, '2023-11-01', 31),
(1523446403549277, '2023-10-01', 93),
(7616972289764262, '2023-10-01', 705),
(9946811250015697, '2023-09-01', 210),
(7202479494280146, '2024-01-01', 827),
(9660800750044303, '2023-11-01', 924),
(3500378013951586, '2023-10-01', 499),
(9663902846476917, '2023-12-01', 908),
(0949970414372347, '2023-12-01', 320),
(9849801443649480, '2023-10-01', 508),
(1512517136140137, '2023-10-01', 365),
(0272228353465419, '2023-11-01', 45),
(0870012467840218, '2023-11-01', 778),
(9447385036495682, '2023-09-01', 233),
(7239578637017631, '2023-10-01', 552),
(9274685696369453, '2023-09-01', 128),
(6405220219298783, '2023-10-01', 672),
(7532124057568454, '2023-10-01', 396),
(5036573286821845, '2023-10-01', 632),
(5416070949348235, '2023-09-01', 235),
(6472289240278274, '2023-09-01', 382),
(5239293623174598, '2023-10-01', 238),
(3167242035063178, '2023-09-01', 583),
(8388023770875169, '2024-02-01', 381),
(1810592106331852, '2023-11-01', 148),
(3282571588011163, '2023-10-01', 323),
(7970677653394872, '2023-11-01', 551),
(6120111370550913, '2023-11-01', 485),
(0505583753318083, '2023-10-01', 286),
(7761397721409470, '2023-10-01', 259),
(0565218860419980, '2023-09-01', 50),
(7764095477811132, '2023-10-01', 964),
(8139339931770483, '2023-11-01', 949),
(4079346447852259, '2023-11-01', 96),
(4414481217494055, '2023-11-01', 730),
(6294807351653761, '2023-12-01', 948),
(9519478361097381, '2023-10-01', 875),
(0411662586421037, '2023-10-01', 254),
(8139817534599388, '2023-09-01', 240),
(3517206107308317, '2023-10-01', 248),
(6725365887318350, '2023-10-01', 847),
(0537624251460282, '2023-09-01', 832),
(3027309239060966, '2023-09-01', 339),
(2856086732503487, '2023-11-01', 638),
(1330342001417702, '2024-01-01', 394),
(0034267813275875, '2023-12-01', 337),
(7015395842587161, '2023-12-01', 662),
(8272730169616127, '2023-09-01', 412),
(5116692934798040, '2023-09-01', 491),
(2195776719402294, '2023-11-01', 575),
(6319980226989158, '2023-09-01', 492),
(9557033819970774, '2023-09-01', 789),
(3270089011876099, '2023-10-01', 614),
(6641803480752773, '2023-10-01', 260),
(8742502010887484, '2023-11-01', 500),
(6756796809782528, '2023-12-01', 875),
(0755279199646301, '2023-12-01', 752),
(1612576623294172, '2023-11-01', 175),
(5374532985503540, '2023-10-01', 940),
(7759724669878218, '2023-11-01', 986),
(3681638002852891, '2023-11-01', 90),
(1305581675751347, '2023-09-01', 652),
(4966426076519356, '2023-12-01', 613),
(6373623760516735, '2023-10-01', 241),
(8672703640387942, '2023-11-01', 45),
(0571989011987324, '2023-12-01', 742),
(9579480035467395, '2023-10-01', 101),
(2870825930414424, '2023-11-01', 868),
(3859820837675901, '2023-10-01', 889),
(0462285513917286, '2023-12-01', 502),
(6129279946899634, '2023-11-01', 63),
(7787873180626988, '2024-01-01', 148),
(4362293235179163, '2023-11-01', 683),
(8805981964297581, '2023-10-01', 266),
(4987311120161342, '2023-12-01', 574),
(0944703396994423, '2023-10-01', 238),
(1382660535525842, '2024-01-01', 771),
(4854947267078549, '2023-10-01', 164),
(7166397349525537, '2023-10-01', 168),
(4727648840103774, '2023-11-01', 457),
(2848316918118335, '2023-11-01', 777),
(9300317840996365, '2023-09-01', 184),
(3646686824865400, '2023-10-01', 837),
(2047247816181735, '2023-09-01', 940),
(1816771488271591, '2023-10-01', 777),
(6835716177600882, '2023-09-01', 265),
(3011163549094197, '2023-12-01', 540),
(5973902421297271, '2023-11-01', 927),
(1093127808003479, '2023-11-01', 678),
(1847330742765258, '2023-10-01', 146),
(2801149751816427, '2023-11-01', 58),
(4032108821670653, '2023-12-01', 122),
(2690457891981185, '2024-01-01', 144),
(5696361334378880, '2024-02-01', 516),
(0502756789679707, '2023-12-01', 259),
(3056265820238548, '2023-10-01', 256),
(3631359224414177, '2023-11-01', 298),
(4186502338895713, '2023-11-01', 403),
(3271337761716048, '2023-10-01', 869),
(1211927160072051, '2023-10-01', 941),
(7026916971287810, '2023-10-01', 457),
(1575064389453960, '2023-10-01', 920),
(7543772534892620, '2023-10-01', 876),
(9990126580565708, '2023-10-01', 567),
(1270575512909293, '2023-11-01', 241),
(2640093451473981, '2023-12-01', 515),
(4634973772015085, '2023-11-01', 226),
(3280476213579943, '2023-10-01', 385),
(8875495173829717, '2023-09-01', 858),
(1618988133238541, '2023-10-01', 76),
(2837543771434145, '2023-11-01', 464),
(1792897411560399, '2023-11-01', 913),
(4859155427304115, '2023-12-01', 762),
(8714978748641471, '2023-11-01', 531),
(3655001130424695, '2023-11-01', 881),
(1224878205253072, '2023-09-01', 914),
(5211942112841504, '2023-10-01', 156),
(1802090711662972, '2023-09-01', 461),
(8540062416378225, '2023-11-01', 243),
(8848124580366684, '2023-10-01', 61),
(0347249835198749, '2023-10-01', 684),
(6745900001773168, '2023-10-01', 678),
(0304840981120342, '2023-11-01', 693),
(4131473595847019, '2023-11-01', 357),
(0650276287926306, '2023-11-01', 619),
(2335051734618672, '2023-12-01', 803),
(9849798818739417, '2023-11-01', 61),
(1716013552169931, '2023-10-01', 452),
(6768527339283629, '2023-12-01', 75),
(9064432129604173, '2023-12-01', 67),
(0392895498573750, '2023-11-01', 508),
(3381071430427190, '2023-10-01', 410),
(6226373531987378, '2023-12-01', 358),
(9484495618569178, '2023-10-01', 943),
(6212655397979128, '2023-09-01', 968),
(4667803761100283, '2023-12-01', 845),
(0203793297211811, '2023-12-01', 856),
(9199087874214244, '2023-09-01', 697),
(6105716767386190, '2023-11-01', 819),
(8844918524869920, '2023-10-01', 758),
(5869824553863151, '2023-09-01', 895),
(4918018181594435, '2023-10-01', 101),
(0641960553321809, '2023-09-01', 866),
(3951096787795964, '2023-10-01', 588),
(9606476495252636, '2023-11-01', 162),
(6295281805564547, '2023-09-01', 375),
(5629610623770641, '2023-12-01', 822),
(9750844385484947, '2023-11-01', 769),
(0298743459015691, '2023-10-01', 123),
(2893698238402759, '2023-10-01', 147),
(4828744535488935, '2023-09-01', 43),
(0003831237486837, '2023-09-01', 444),
(9138261303830429, '2023-12-01', 131),
(6998711034825950, '2023-09-01', 44),
(2434206156386915, '2023-10-01', 408),
(1944860055252495, '2023-10-01', 964),
(7326881374372037, '2023-11-01', 980),
(0952074669711930, '2023-11-01', 777),
(8850227906564122, '2023-10-01', 646),
(9995852077334701, '2023-11-01', 140),
(6871078616284277, '2023-11-01', 194),
(5299677011020516, '2023-09-01', 374),
(1360176891454610, '2023-11-01', 779),
(2854519548434907, '2023-10-01', 996),
(2858760976498584, '2023-10-01', 503),
(4531916761606768, '2023-12-01', 860),
(5291230424685421, '2023-10-01', 724),
(9196869832904253, '2023-11-01', 557),
(2789650590399381, '2023-10-01', 805),
(9609869325274602, '2023-10-01', 11),
(1105573607074290, '2023-11-01', 929),
(0028220321709196, '2023-10-01', 136),
(3036670163451010, '2023-11-01', 287),
(9151530434228404, '2023-10-01', 131),
(8073583848080233, '2023-10-01', 224),
(6322732586763610, '2023-09-01', 52),
(8673551750979013, '2023-09-01', 574),
(3687950624283774, '2023-11-01', 557),
(8772592229173227, '2023-10-01', 525),
(1243989819877614, '2023-11-01', 131),
(3239443007605374, '2023-09-01', 524),
(1204859161702934, '2023-10-01', 772),
(3843187983964994, '2023-12-01', 396),
(8414894156238608, '2023-10-01', 249),
(2965639232053790, '2023-10-01', 213),
(2167292870250157, '2023-10-01', 999),
(1524870385143038, '2023-10-01', 31),
(1373900284986654, '2023-11-01', 24),
(1516357749077806, '2023-11-01', 937),
(7307966656334308, '2023-10-01', 464),
(3098470252724542, '2023-10-01', 972),
(2609357951755969, '2023-10-01', 624),
(3192569580276700, '2023-09-01', 613),
(6813390849200149, '2023-10-01', 494),
(6755877686091500, '2024-01-01', 483),
(9185631083441668, '2023-10-01', 143),
(7314032668181311, '2023-10-01', 556),
(5354877758051377, '2023-11-01', 104),
(9726075834936267, '2023-09-01', 6),
(2305092216168502, '2023-11-01', 191),
(1991312509109482, '2023-09-01', 953),
(5820491445005034, '2024-01-01', 254),
(3787505830990999, '2023-09-01', 337),
(6557322486231997, '2023-11-01', 643),
(5248787787536000, '2023-10-01', 195),
(3768315316811950, '2023-11-01', 120),
(9140799839900126, '2023-11-01', 293),
(2344911396972048, '2023-12-01', 544),
(6898252835289313, '2023-10-01', 250),
(7933229285813448, '2023-10-01', 179),
(6836394599452813, '2023-11-01', 686),
(4811010418196020, '2023-11-01', 43),
(7952571925771381, '2023-09-01', 623),
(0255410139332195, '2023-11-01', 1),
(6741668506842283, '2023-10-01', 685),
(4572196670767392, '2023-11-01', 972),
(2739120509636666, '2023-12-01', 331),
(5368883488475129, '2023-10-01', 546),
(6398341528022379, '2024-01-01', 568),
(2259850970120962, '2023-10-01', 870),
(2943783489442042, '2023-10-01', 519),
(0710029943448741, '2023-11-01', 42),
(5269382896764234, '2024-01-01', 105),
(2900330040470563, '2023-12-01', 586),
(4349594836876441, '2023-11-01', 654),
(8215843709471066, '2024-01-01', 895),
(2510967253719227, '2023-11-01', 933),
(3504682916106464, '2023-10-01', 947),
(8236000517239648, '2023-12-01', 420),
(6146426882731715, '2023-10-01', 733),
(0945563678303493, '2023-10-01', 379),
(9078174935662799, '2024-02-01', 967),
(3105313119002475, '2023-12-01', 135),
(4140011301952527, '2023-11-01', 560),
(4627043543234564, '2023-10-01', 112),
(0062389716941687, '2023-09-01', 113),
(7978572531913443, '2023-09-01', 571),
(8136201032806012, '2023-11-01', 169),
(1230078627043190, '2023-10-01', 630),
(5205458104671587, '2023-10-01', 959),
(5942454071625439, '2024-01-01', 550),
(4909457702670915, '2023-10-01', 148),
(6862221973814240, '2023-11-01', 416),
(2402751232746346, '2023-10-01', 577),
(7670717139356430, '2023-09-01', 894),
(9609806617569926, '2023-11-01', 540),
(6954245641360396, '2023-11-01', 394),
(3883637841804985, '2023-10-01', 687),
(3824443930764238, '2023-11-01', 726),
(6842224860892060, '2023-12-01', 53),
(0314105380066248, '2023-10-01', 101),
(1004759454103980, '2023-09-01', 547),
(1834279420326638, '2023-10-01', 634),
(9763818726308799, '2023-10-01', 539),
(1412658017122432, '2023-09-01', 136),
(8908081495196678, '2023-09-01', 316),
(2784909767745019, '2023-10-01', 79),
(0145056589585296, '2023-11-01', 242),
(4367536060339093, '2023-11-01', 230),
(0964164496481871, '2023-11-01', 50),
(8210090027158529, '2023-09-01', 191),
(1793739859083508, '2023-11-01', 897),
(9829472752656118, '2023-11-01', 472),
(2820116142749416, '2024-01-01', 826),
(2122791186385470, '2023-09-01', 599),
(5030551241804148, '2023-09-01', 38),
(3623897138652651, '2023-09-01', 78),
(1089017183812239, '2024-01-01', 178),
(6492012386985438, '2023-09-01', 358),
(3869997811609264, '2023-12-01', 557),
(4993718187097669, '2023-09-01', 841),
(6670295172693624, '2023-11-01', 118),
(8296288910657205, '2023-10-01', 890),
(6613363735678251, '2023-10-01', 555),
(1557664999958731, '2023-10-01', 932),
(9148909992226820, '2024-01-01', 150),
(6072825654902534, '2023-10-01', 188),
(0962458020693682, '2023-10-01', 881),
(7299713119128598, '2023-11-01', 504),
(1194133763612549, '2023-09-01', 651),
(9434418427127019, '2023-09-01', 416),
(2436597499515022, '2023-09-01', 917),
(1943274590307889, '2023-11-01', 563),
(2999302406576185, '2024-01-01', 11),
(2312191286464712, '2023-11-01', 20),
(4744237801149069, '2023-10-01', 608),
(8239691440070955, '2023-10-01', 86),
(1878179021545897, '2023-12-01', 36),
(6200940513028016, '2023-10-01', 725),
(5513807047227035, '2023-09-01', 598),
(7403244797074248, '2023-10-01', 499),
(5227396848543428, '2023-12-01', 905),
(9478485106674135, '2023-10-01', 745),
(8322183307950156, '2023-10-01', 263),
(4149087052213129, '2023-09-01', 485),
(3346823942606929, '2023-10-01', 606),
(7209510296696729, '2023-09-01', 54),
(6762444347170637, '2023-10-01', 805),
(3057937960100530, '2023-11-01', 886),
(3783797400276129, '2023-09-01', 256),
(6852135586152999, '2023-10-01', 455),
(6057780765269863, '2023-09-01', 260),
(4974358406986768, '2023-12-01', 599),
(5035994903904365, '2023-10-01', 869),
(9617676702331502, '2023-10-01', 206),
(7511372453874806, '2023-09-01', 314),
(3461452236711270, '2023-11-01', 10),
(6597560515075280, '2023-09-01', 371),
(9804795831332846, '2023-10-01', 284),
(4121044829768817, '2023-10-01', 463),
(1278863853927009, '2023-12-01', 633),
(8766673463604761, '2023-10-01', 775),
(6034555802003887, '2023-11-01', 746),
(0841359552040841, '2023-10-01', 67),
(2678405451837114, '2023-11-01', 654),
(9953534451675782, '2023-10-01', 676),
(3204529025187532, '2023-11-01', 354),
(3960879992271668, '2023-10-01', 851),
(7728878988615776, '2023-10-01', 843),
(7763469928560215, '2024-01-01', 652),
(4728296933579937, '2023-12-01', 821),
(5591990037329686, '2023-11-01', 10),
(0499713229299012, '2023-12-01', 903),
(2901524533882699, '2023-10-01', 395),
(5669965223793036, '2023-11-01', 192),
(5204349341209070, '2023-09-01', 374),
(5145909159832446, '2023-09-01', 531),
(2168526811591287, '2023-10-01', 50),
(1510170310308943, '2023-09-01', 970),
(8342011790612288, '2023-10-01', 817),
(2057217952045389, '2023-11-01', 902),
(4203179013341432, '2023-12-01', 360),
(0808017854799890, '2023-10-01', 833),
(0856399600076806, '2023-11-01', 732),
(5098950503491532, '2023-10-01', 847),
(7034476842139034, '2024-01-01', 760),
(7724132685995521, '2023-11-01', 74),
(8917100608575186, '2023-12-01', 213),
(8154111491162447, '2023-10-01', 801),
(6544755270893420, '2023-12-01', 610),
(3214462255869256, '2023-09-01', 910),
(2685204515218483, '2023-12-01', 26),
(0352846566890885, '2023-10-01', 216),
(7836253351951777, '2023-12-01', 671),
(8488781600159518, '2023-12-01', 51),
(6659219254233383, '2023-11-01', 741),
(7803144151909606, '2024-01-01', 544),
(5745560737543228, '2023-10-01', 453),
(9595287598755358, '2023-11-01', 208),
(9239476822267744, '2023-09-01', 716),
(0407394282677811, '2023-12-01', 663),
(9363829555116172, '2023-10-01', 596),
(4513979699847734, '2023-11-01', 4),
(7348112251496885, '2023-11-01', 74),
(9579019340220120, '2023-12-01', 162),
(9705855906307010, '2023-11-01', 530),
(9511763582201173, '2023-09-01', 404),
(7706477315359732, '2024-01-01', 657),
(4960459761847366, '2024-01-01', 933),
(4308235081928591, '2023-10-01', 345),
(4231687690598520, '2024-01-01', 127),
(5128458231676357, '2023-11-01', 400),
(8043228636273692, '2023-10-01', 741),
(5545144445948540, '2023-10-01', 759),
(8990892481771526, '2023-12-01', 561),
(2468602118437977, '2024-01-01', 308),
(2694738527927612, '2023-11-01', 301),
(5585986576209649, '2023-10-01', 649),
(5496961189277377, '2023-09-01', 625),
(2378306816832430, '2024-02-01', 129),
(6229608505205898, '2023-09-01', 36),
(4506991508667626, '2023-11-01', 485),
(3097462847717531, '2023-11-01', 135),
(7696242374654441, '2023-11-01', 149),
(1798853859613787, '2023-11-01', 893),
(0779975728727015, '2023-10-01', 887),
(9395825351932516, '2024-01-01', 647),
(7545234399266812, '2023-10-01', 609),
(7111723080635089, '2023-11-01', 715),
(9840265605255099, '2023-11-01', 369),
(7420866548148173, '2023-10-01', 705),
(4449722982727466, '2023-10-01', 171),
(5721460084050849, '2023-11-01', 170),
(0584059496173687, '2023-10-01', 268),
(8648513935344064, '2023-11-01', 537),
(6038809968656094, '2023-10-01', 250),
(4609142510457010, '2023-10-01', 7),
(4224908125828763, '2023-11-01', 805),
(9188270631367900, '2023-11-01', 892),
(2694940857495499, '2024-01-01', 285),
(1897659536558316, '2023-10-01', 136),
(0007676335939092, '2023-11-01', 658),
(4814015598328727, '2024-01-01', 225),
(2587992788344781, '2023-12-01', 811),
(4466251195450984, '2023-10-01', 84),
(3245523603231478, '2023-11-01', 283),
(1925912731647397, '2023-12-01', 816),
(6084072826741273, '2023-10-01', 362),
(3068018000447889, '2023-10-01', 928),
(9823400435538118, '2023-10-01', 538),
(5209793076110339, '2023-11-01', 68),
(7912312665461211, '2023-11-01', 479),
(3016507785042917, '2023-12-01', 166),
(0892129863783716, '2024-01-01', 506),
(8895534894876716, '2023-11-01', 229),
(6333189125178133, '2023-10-01', 705),
(9480323454810996, '2023-09-01', 549),
(5135867107096208, '2023-10-01', 718),
(9322430848509343, '2023-09-01', 417),
(1875957813345336, '2023-11-01', 915),
(4167549002797362, '2023-11-01', 305),
(7221636181044221, '2023-11-01', 854),
(6882283248282286, '2023-12-01', 924),
(7830091789072976, '2023-09-01', 473),
(8373713918562177, '2023-09-01', 238),
(0111826492032467, '2023-09-01', 451),
(4967116727134428, '2023-10-01', 480),
(4913948041251554, '2023-10-01', 674),
(3392269881447741, '2023-12-01', 935),
(0200516572726742, '2023-11-01', 889),
(3414432571702196, '2023-10-01', 77),
(9612400609613491, '2023-10-01', 97),
(1423140163054298, '2023-10-01', 267),
(9426001191899913, '2023-10-01', 604),
(5800786811828326, '2023-11-01', 850),
(7156126681800594, '2023-10-01', 920),
(4537272943881361, '2023-09-01', 759),
(0724093522204252, '2023-11-01', 877),
(4013680637006637, '2023-11-01', 875),
(6745011101355753, '2023-11-01', 266),
(8010068968780579, '2023-12-01', 491),
(1641761215519527, '2023-10-01', 752),
(9532847125633846, '2023-09-01', 961),
(9040184765897286, '2023-10-01', 374),
(8718921263754763, '2023-10-01', 233),
(0327100591747546, '2023-12-01', 146),
(5775512708289288, '2023-11-01', 341),
(3424345087187183, '2023-09-01', 95),
(4495553058797472, '2023-10-01', 619),
(4904488811990313, '2023-12-01', 525),
(5153258660094889, '2023-11-01', 601),
(2270146055904145, '2023-11-01', 374),
(2949950370898736, '2023-10-01', 399),
(9121837052023061, '2023-10-01', 675),
(1952097530842244, '2024-01-01', 627),
(7016166240507208, '2023-10-01', 878),
(7160562046443278, '2023-11-01', 952),
(8002555777104310, '2023-10-01', 229),
(8332835708924275, '2023-12-01', 510),
(4618842977441242, '2024-01-01', 107),
(1353588081958477, '2023-11-01', 973),
(3881866352304197, '2023-10-01', 749),
(1826275857476363, '2023-09-01', 24),
(3834527622462781, '2023-10-01', 905),
(8769641336985104, '2024-02-01', 298),
(9429106352601732, '2023-09-01', 119),
(5930039319749679, '2023-11-01', 271),
(0687762769066909, '2023-11-01', 707),
(6383104672197019, '2023-12-01', 197),
(4946382651186071, '2023-11-01', 516),
(3518269563026204, '2023-12-01', 697),
(9188637538128704, '2023-11-01', 542),
(2744167693483896, '2023-12-01', 285),
(7654398944030442, '2023-10-01', 607),
(4546566409231692, '2023-11-01', 948),
(0117172367940607, '2023-10-01', 583),
(1, CURRENT_DATE, 314);




REPLACE INTO `Fattura` (`Utente`, `DataEmissione`) VALUES
('abagail6rSA', '2023-09-28'),
('abbye16', '2023-09-23'),
('abdulRNc', '2023-09-11'),
('abiaZv', '2023-09-14'),
('addyJ', '2023-09-12'),
('adelinaXu', '2023-09-10'),
('adeniyie2WGY', '2023-09-11'),
('adiQ', '2023-09-13'),
('adnanBcmh', '2023-10-21'),
('richie-314', CURRENT_DATE);



REPLACE INTO `Fattura` (`Utente`, `DataEmissione`, `DataPagamento`, `CartaDiCredito`) VALUES
('aaliyah1PcW', '2023-10-25', '2023-10-28', 7603573102360740),
('aaliyah1PcW', '2023-09-30', '2023-10-05', 3388405674674869),
('aaliyah1PcW', '2023-10-02', '2023-10-03', 6526663799677394),
('aarenDDCY', '2023-10-13', '2023-10-21', 2070414519982300),
('aarenDDCY', '2023-10-03', '2023-10-08', 9785670541216205),
('aarenDDCY', '2023-09-18', '2023-10-27', 2639727195722891),
('aarenDDCY', '2023-10-16', '2023-10-18', 5710508721637486),
('aarenDDCY', '2023-09-10', '2023-09-12', 3104571003994338),
('aarenDDCY', '2023-09-18', '2023-10-11', 1071266599350905),
('aarenDDCY', '2023-09-30', '2023-10-03', 3828660055228655),
('aarikap', '2023-09-27', '2023-10-09', 2756226384921671),
('aarikap', '2023-09-16', '2023-09-21', 8280593012142446),
('aarikap', '2023-09-11', '2023-10-11', 9833045362604512),
('aarikap', '2023-11-28', '2023-11-30', 7808990338680218),
('aarikap', '2023-11-07', '2023-11-29', 0084227092492086),
('aarikap', '2023-10-28', '2023-10-29', 3296155635132228),
('aarikap', '2023-10-07', '2023-10-10', 0973625769186227),
('aarikap', '2023-09-16', '2023-09-24', 8223686580912660),
('aarikap', '2023-10-02', '2023-10-14', 0747836531582130),
('aarond0V', '2023-09-24', '2023-09-27', 5437141617068719),
('aarond0V', '2023-11-10', '2023-11-25', 1722539459115550),
('aarond0V', '2023-09-10', '2023-10-21', 6169087778580936),
('aarond0V', '2023-10-25', '2023-11-06', 9148485464476857),
('aarond0V', '2023-10-12', '2023-10-14', 9515643765801360),
('aarond0V', '2023-09-11', '2023-09-22', 6558885877102287),
('aarond0V', '2023-11-19', '2023-11-29', 1075878040872032),
('aarond0V', '2023-10-09', '2023-11-09', 6760330723863132),
('aartjann', '2023-11-14', '2023-12-03', 7182838736621633),
('aartjann', '2023-09-12', '2023-09-24', 2518670704002881),
('aartjann', '2023-10-06', '2023-10-13', 7092122383589988),
('aarushiIw', '2023-09-17', '2023-11-25', 0195506975244894),
('abagaelEq7RF', '2023-10-06', '2023-10-06', 4741558151889020),
('abagaelEq7RF', '2023-09-18', '2023-09-27', 9221946478012072),
('abagaelEq7RF', '2023-09-19', '2023-10-08', 3105045229069587),
('abagaelEq7RF', '2023-10-25', '2023-10-28', 2999055762578710),
('abagaelEq7RF', '2023-09-15', '2023-09-20', 5501579459100542),
('abagail6rSA', '2023-10-09', '2023-10-11', 0518536470975496),
('abagail6rSA', '2023-09-16', '2023-09-30', 1291696447697227),
('abagail6rSA', '2023-11-02', '2023-11-02', 5870213580731051),
('abagail6rSA', '2023-09-11', '2023-09-18', 8821687460869068),
('abagail6rSA', '2023-11-13', '2023-12-03', 0919945284572981),
('abagail6rSA', '2023-10-19', '2023-11-15', 1562405506612973),
('abagail6rSA', '2023-11-03', '2023-11-04', 9326070126039107),
('abagail6rSA', '2023-09-23', '2023-10-02', 7120692307793259),
('abagail6rSA', '2023-09-25', '2023-10-10', 0345239855766931),
('abagail6rSA', '2023-09-19', '2023-10-12', 8214851674089234),
('abagail6rSA', '2023-12-13', '2023-12-18', 3162488994259209),
('abahri9PS0', '2023-09-15', '2023-09-16', 9266091870950682),
('abahri9PS0', '2023-09-22', '2023-10-03', 7401598425306201),
('abahri9PS0', '2023-09-17', '2023-09-21', 7800045413472557),
('abahri9PS0', '2023-09-15', '2023-09-22', 8729033833882151),
('abahri9PS0', '2023-11-08', '2023-11-28', 0123345414516078),
('abahri9PS0', '2023-12-03', '2024-01-13', 4578548354515479),
('abahri9PS0', '2023-11-28', '2023-12-05', 4094812654330695),
('abahri9PS0', '2023-09-15', '2023-09-20', 0403440236166950),
('abahri9PS0', '2023-10-09', '2023-10-19', 4856356785291249),
('abahri9PS0', '2023-10-16', '2023-10-19', 5500406234457963),
('abbas3LjF', '2023-09-21', '2023-09-24', 0925013243576712),
('abbas3LjF', '2023-09-18', '2023-09-21', 9316932525868745),
('abbas3LjF', '2023-09-12', '2023-09-13', 2109945010181525),
('abbas3LjF', '2023-12-06', '2024-01-08', 0914084330424754),
('abbas3LjF', '2023-09-11', '2023-09-17', 2188527564894239),
('abbas3LjF', '2023-09-15', '2023-11-30', 6911632745284671),
('abbas3LjF', '2023-10-04', '2023-10-05', 2827833125788177),
('abbas3LjF', '2023-11-28', '2023-11-30', 9419313250437734),
('abbas3LjF', '2023-09-25', '2023-10-05', 1781658133632009),
('abbe8', '2023-09-14', '2023-09-16', 5794609252060456),
('abbe8', '2023-09-13', '2023-09-23', 1790442124141114),
('abbe8', '2023-09-12', '2023-09-13', 2818962521888287),
('abbe8', '2023-10-20', '2023-10-21', 0103729137272053),
('abbe8', '2023-10-08', '2023-10-09', 7032718325776980),
('abbe8', '2023-09-19', '2023-09-26', 7659473313353285),
('abbe8', '2023-09-18', '2023-09-20', 4789174164485342),
('abbe8', '2023-12-07', '2023-12-07', 9984649548687061),
('abbe8', '2023-09-12', '2023-10-06', 8879405081104216),
('abbe8', '2023-09-13', '2023-10-07', 4260264020649028),
('abbey6T', '2023-09-12', '2023-10-08', 0696843835211989),
('abbey6T', '2023-11-15', '2023-11-15', 3112533312335991),
('abbey6T', '2023-09-13', '2023-10-07', 0396160168928352),
('abbey6T', '2023-10-06', '2023-10-09', 4191836515579882),
('abbey6T', '2023-12-18', '2024-01-01', 7324209920321772),
('abbey6T', '2023-10-02', '2023-10-11', 3668924040129695),
('abbey6T', '2023-10-16', '2023-10-21', 3101387728162243),
('abbey6T', '2023-09-23', '2023-09-25', 6658154307858357),
('abbey6T', '2023-09-15', '2023-09-20', 3725926259891115),
('abbin', '2023-10-24', '2023-10-25', 7543999160880434),
('abbin', '2023-11-03', '2023-11-21', 4021139935245938),
('abbin', '2023-09-18', '2023-10-15', 3290762644813038),
('abbin', '2023-10-30', '2023-11-26', 3733702451706581),
('abbin', '2023-09-22', '2023-10-07', 4708084877759549),
('abbin', '2023-09-10', '2023-09-13', 1359782655900669),
('abbie2FFMK', '2023-09-10', '2023-10-19', 5931430571555659),
('abbie2FFMK', '2023-10-25', '2023-11-08', 3855066969983446),
('abbie2FFMK', '2023-09-13', '2023-09-21', 0310433543746776),
('abbie2FFMK', '2023-09-15', '2023-09-30', 2364152692067226),
('abbie2FFMK', '2023-09-23', '2023-09-27', 5435564505064494),
('abbie2FFMK', '2023-09-11', '2023-10-11', 3561409753849160),
('abbyk', '2023-11-18', '2023-11-20', 5530872998031967),
('abbyk', '2023-09-24', '2023-10-06', 8653928860225034),
('abbye16', '2023-11-14', '2023-11-19', 6338102966939925),
('abbye16', '2023-09-11', '2023-09-17', 8945589036262485),
('abbye16', '2023-10-08', '2023-11-09', 9965400918307561),
('abbye16', '2023-11-04', '2023-11-08', 4110007230292699),
('abbye16', '2023-09-17', '2023-09-17', 4011230941187593),
('abbye16', '2023-10-08', '2023-10-09', 2474683971453406),
('abbye16', '2023-09-13', '2023-09-21', 2405860223387706),
('abbye16', '2023-09-17', '2023-10-06', 2150767702931019),
('abbye16', '2023-10-26', '2023-10-31', 1985380963241285),
('abbye16', '2023-11-09', '2023-12-03', 2854194352892722),
('abbye16', '2023-10-20', '2023-10-20', 4230564932613209),
('abdalla5e', '2023-09-16', '2023-09-17', 7414742974027816),
('abdallah2lDYv', '2023-11-12', '2023-11-22', 5600929076722804),
('abdallah2lDYv', '2023-09-11', '2023-09-11', 2120128764608339),
('abdallah2lDYv', '2023-09-25', '2023-09-28', 7387332379964060),
('abdallah2lDYv', '2023-11-02', '2023-12-17', 2325305692657142),
('abdallah2lDYv', '2023-12-06', '2023-12-15', 8130260858822389),
('abdallah2lDYv', '2023-09-19', '2023-09-27', 5126601759015267),
('abdallah2lDYv', '2023-09-14', '2023-09-17', 5574115394198542),
('abdallah2lDYv', '2023-09-29', '2023-10-03', 0244421574064159),
('abdulRNc', '2023-09-15', '2023-09-21', 0400690406165873),
('abdulRNc', '2023-09-12', '2023-10-10', 5231767278144764),
('abdulRNc', '2023-10-06', '2023-10-13', 3933955296399091),
('abdulRNc', '2023-09-11', '2023-09-15', 0354234534540869),
('abdulRNc', '2023-09-11', '2023-11-18', 5117718243926253),
('abdulRNc', '2023-09-19', '2023-09-20', 3393535038842769),
('abdulRNc', '2023-09-19', '2023-09-25', 2849405810175392),
('abdulRNc', '2023-10-11', '2023-11-29', 1884510524582593),
('abdulRNc', '2023-10-19', '2023-10-24', 2844591294202167),
('abdulRNc', '2023-10-22', '2023-10-24', 5391075164546144),
('abdulRNc', '2023-11-01', '2023-11-09', 9720594696970692),
('abdullahotH', '2023-09-23', '2023-10-25', 1226078261656194),
('abdullahotH', '2023-09-23', '2023-09-27', 0732612244437611),
('abdullahotH', '2023-09-27', '2023-09-30', 0211549768524832),
('abejvDJC', '2023-09-23', '2023-09-24', 1291332726557339),
('abejvDJC', '2023-11-22', '2023-11-22', 9585037041073624),
('abejvDJC', '2023-10-18', '2023-10-21', 5158982122764745),
('abejvDJC', '2023-09-20', '2023-09-20', 9987848958867191),
('abejvDJC', '2023-10-17', '2023-11-07', 2266029387163272),
('abelViEn', '2023-10-13', '2023-10-20', 1523446403549277),
('abipZhC', '2023-10-14', '2023-10-20', 7616972289764262),
('abiaZv', '2023-09-16', '2023-09-26', 9946811250015697),
('abiaZv', '2023-11-16', '2024-01-04', 7202479494280146),
('abiaZv', '2023-10-24', '2023-10-26', 9660800750044303),
('abiaZv', '2023-09-11', '2023-09-18', 3500378013951586),
('abiaZv', '2023-10-29', '2023-11-04', 9663902846476917),
('abiaZv', '2023-09-25', '2023-11-25', 0949970414372347),
('abiaZv', '2023-09-26', '2023-10-02', 9849801443649480),
('abiaZv', '2023-10-15', '2023-10-16', 1512517136140137),
('abiaZv', '2023-09-17', '2023-10-05', 0272228353465419),
('abiaZv', '2023-11-18', '2023-11-28', 0870012467840218),
('abiaZv', '2023-09-26', '2023-09-27', 9447385036495682),
('abigaelrWm', '2023-09-12', '2023-09-13', 7239578637017631),
('abigaelrWm', '2023-09-20', '2023-09-22', 9274685696369453),
('abigaelrWm', '2023-10-16', '2023-10-18', 6405220219298783),
('abigail6CA', '2023-09-24', '2023-10-04', 7532124057568454),
('abigail6CA', '2023-09-16', '2023-09-27', 5036573286821845),
('abigail6CA', '2023-09-26', '2023-09-26', 5416070949348235),
('abigail6CA', '2023-09-10', '2023-09-16', 6472289240278274),
('abigail6CA', '2023-09-23', '2023-10-21', 5239293623174598),
('abigail6CA', '2023-09-24', '2023-09-25', 3167242035063178),
('abigaleq', '2023-11-21', '2023-12-21', 8388023770875169),
('abigaleq', '2023-09-14', '2023-10-12', 1810592106331852),
('abigaleq', '2023-10-25', '2023-10-30', 3282571588011163),
('abigaleq', '2023-10-06', '2023-11-13', 7970677653394872),
('abigaleq', '2023-10-12', '2023-11-21', 6120111370550913),
('abigaleq', '2023-09-26', '2023-10-02', 0505583753318083),
('abraLH', '2023-10-11', '2023-10-13', 7761397721409470),
('abraLH', '2023-09-13', '2023-09-18', 0565218860419980),
('abraLH', '2023-10-11', '2023-10-15', 7764095477811132),
('abraLH', '2023-09-20', '2023-10-29', 8139339931770483),
('abraLH', '2023-09-10', '2023-10-12', 4079346447852259),
('abraLH', '2023-09-17', '2023-10-15', 4414481217494055),
('abrahamnNCN', '2023-11-18', '2023-12-17', 6294807351653761),
('abrahamnNCN', '2023-09-19', '2023-09-20', 9519478361097381),
('abrahamnNCN', '2023-10-01', '2023-10-06', 0411662586421037),
('abrahamnNCN', '2023-09-19', '2023-09-27', 8139817534599388),
('abrahamnNCN', '2023-10-17', '2023-10-28', 3517206107308317),
('abrahamnNCN', '2023-09-30', '2023-09-30', 6725365887318350),
('abrahamnNCN', '2023-09-17', '2023-09-23', 0537624251460282),
('abram5Ry', '2023-09-12', '2023-09-12', 3027309239060966),
('abram5Ry', '2023-10-13', '2023-10-30', 2856086732503487),
('abram5Ry', '2023-11-12', '2023-12-30', 1330342001417702),
('abree0ned', '2023-11-18', '2023-11-19', 0034267813275875),
('abree0ned', '2023-10-01', '2023-10-18', 7015395842587161),
('abree0ned', '2023-09-20', '2023-09-22', 8272730169616127),
('abriannavY', '2023-09-12', '2023-09-22', 5116692934798040),
('abriannavY', '2023-09-12', '2023-10-04', 2195776719402294),
('abriannavY', '2023-09-21', '2023-09-22', 6319980226989158),
('abriannavY', '2023-09-15', '2023-09-16', 9557033819970774),
('abriannavY', '2023-10-14', '2023-10-15', 3270089011876099),
('abrielNKWG', '2023-09-22', '2023-09-22', 6641803480752773),
('abrielNKWG', '2023-09-11', '2023-10-18', 8742502010887484),
('abrielNKWG', '2023-10-03', '2023-12-09', 6756796809782528),
('abrielNKWG', '2023-10-30', '2023-11-30', 0755279199646301),
('abrielNKWG', '2023-10-08', '2023-11-17', 1612576623294172),
('abrielleoKvo', '2023-10-18', '2023-10-19', 5374532985503540),
('abrielleoKvo', '2023-10-18', '2023-10-31', 7759724669878218),
('abrielleoKvo', '2023-10-16', '2023-10-23', 3681638002852891),
('abrielleoKvo', '2023-09-20', '2023-09-24', 1305581675751347),
('abrielleoKvo', '2023-10-22', '2023-12-03', 4966426076519356),
('abuEVvO', '2023-09-10', '2023-10-02', 6373623760516735),
('abuEVvO', '2023-10-17', '2023-10-21', 8672703640387942),
('abuEVvO', '2023-09-27', '2023-10-13', 0571989011987324),
('abuEVvO', '2023-09-15', '2023-09-24', 9579480035467395),
('abuEVvO', '2023-09-12', '2023-09-14', 2870825930414424),
('abuEVvO', '2023-10-01', '2023-10-08', 3859820837675901),
('abuEVvO', '2023-10-20', '2023-10-31', 0462285513917286),
('abyrb', '2023-09-10', '2023-10-11', 6129279946899634),
('abyrb', '2023-10-10', '2023-11-29', 7787873180626988),
('acaciamD', '2023-10-19', '2023-11-12', 4362293235179163),
('acaciamD', '2023-10-23', '2023-10-25', 8805981964297581),
('acaciamD', '2023-10-29', '2023-12-08', 4987311120161342),
('acaciamD', '2023-09-10', '2023-09-21', 0944703396994423),
('acaciamD', '2023-10-24', '2023-12-11', 1382660535525842),
('acaciamD', '2023-10-13', '2023-10-13', 4854947267078549),
('accesswjt', '2023-09-13', '2023-10-06', 7166397349525537),
('accesswjt', '2023-09-28', '2023-10-16', 4727648840103774),
('accesswjt', '2023-09-14', '2023-10-29', 2848316918118335),
('accesswjt', '2023-09-11', '2023-09-12', 9300317840996365),
('accesswjt', '2023-10-05', '2023-10-12', 3646686824865400),
('accesswjt', '2023-09-11', '2023-09-13', 2047247816181735),
('accountingu', '2023-09-24', '2023-09-27', 1816771488271591),
('accountingu', '2023-09-26', '2023-09-30', 6835716177600882),
('accountingu', '2023-10-13', '2023-11-23', 3011163549094197),
('accountingu', '2023-10-09', '2023-10-18', 5973902421297271),
('accountingu', '2023-11-10', '2023-11-10', 1093127808003479),
('accountingu', '2023-09-19', '2023-10-01', 1847330742765258),
('accountingu', '2023-11-10', '2023-11-13', 2801149751816427),
('accountingu', '2023-11-22', '2023-12-08', 4032108821670653),
('acesl', '2023-11-29', '2023-12-23', 2690457891981185),
('achalbkG', '2023-11-30', '2024-01-13', 5696361334378880),
('achalbkG', '2023-11-04', '2023-11-28', 0502756789679707),
('achalbkG', '2023-10-20', '2023-10-20', 3056265820238548),
('achalbkG', '2023-11-04', '2023-11-06', 3631359224414177),
('achalbkG', '2023-11-06', '2023-11-09', 4186502338895713),
('achalbkG', '2023-09-29', '2023-10-14', 3271337761716048),
('achalbkG', '2023-09-11', '2023-10-13', 1211927160072051),
('achalbkG', '2023-09-10', '2023-09-25', 7026916971287810),
('achalbkG', '2023-09-18', '2023-10-02', 1575064389453960),
('achammaFtwp5', '2023-10-13', '2023-10-13', 7543772534892620),
('achammaFtwp5', '2023-10-23', '2023-10-26', 9990126580565708),
('achammaFtwp5', '2023-11-06', '2023-11-06', 1270575512909293),
('action5h9z1', '2023-11-28', '2023-12-04', 2640093451473981),
('action5h9z1', '2023-09-19', '2023-10-22', 4634973772015085),
('action5h9z1', '2023-09-23', '2023-09-23', 3280476213579943),
('action5h9z1', '2023-09-14', '2023-09-14', 8875495173829717),
('action5h9z1', '2023-10-21', '2023-10-22', 1618988133238541),
('action5h9z1', '2023-11-08', '2023-11-09', 2837543771434145),
('action5h9z1', '2023-10-06', '2023-10-23', 1792897411560399),
('action5h9z1', '2023-11-07', '2023-11-17', 4859155427304115),
('action5h9z1', '2023-09-20', '2023-10-13', 8714978748641471),
('action5h9z1', '2023-10-26', '2023-11-12', 3655001130424695),
('adaB1', '2023-09-16', '2023-09-18', 1224878205253072),
('adaB1', '2023-09-28', '2023-10-09', 5211942112841504),
('adaB1', '2023-09-10', '2023-09-11', 1802090711662972),
('adaB1', '2023-10-27', '2023-11-09', 8540062416378225),
('adaB1', '2023-09-16', '2023-10-07', 8848124580366684),
('adahg5', '2023-10-06', '2023-10-17', 0347249835198749),
('adahg5', '2023-09-25', '2023-10-03', 6745900001773168),
('adahg5', '2023-11-21', '2023-11-21', 0304840981120342),
('adairNxJ4', '2023-09-20', '2023-10-30', 4131473595847019),
('adairNxJ4', '2023-09-19', '2023-10-27', 0650276287926306),
('adairNxJ4', '2023-12-01', '2023-12-02', 2335051734618672),
('adairNxJ4', '2023-09-11', '2023-09-27', 9849798818739417),
('adairNxJ4', '2023-09-16', '2023-09-16', 1716013552169931),
('adairNxJ4', '2023-11-08', '2023-12-06', 6768527339283629),
('adairNxJ4', '2023-12-07', '2023-12-14', 9064432129604173),
('adairNxJ4', '2023-10-13', '2023-10-20', 0392895498573750),
('adairNxJ4', '2023-09-24', '2023-09-25', 3381071430427190),
('adairNxJ4', '2023-11-19', '2023-12-17', 6226373531987378),
('adaliaSsAS', '2023-09-21', '2023-09-21', 9484495618569178),
('adaliaSsAS', '2023-09-16', '2023-09-23', 6212655397979128),
('adaliaSsAS', '2023-10-03', '2023-11-05', 4667803761100283),
('adaliaSsAS', '2023-10-07', '2023-11-23', 0203793297211811),
('adalinex', '2023-09-12', '2023-09-19', 9199087874214244),
('adalinex', '2023-09-15', '2023-10-30', 6105716767386190),
('adalinex', '2023-10-12', '2023-10-14', 8844918524869920),
('adalinex', '2023-09-24', '2023-09-25', 5869824553863151),
('adalinex', '2023-09-11', '2023-09-26', 4918018181594435),
('adalinex', '2023-09-12', '2023-09-13', 0641960553321809),
('adalinex', '2023-09-18', '2023-10-07', 3951096787795964),
('adalinex', '2023-10-03', '2023-10-26', 9606476495252636),
('adalynMjC1r', '2023-09-13', '2023-09-13', 6295281805564547),
('adalynMjC1r', '2023-11-25', '2023-11-26', 5629610623770641),
('adalynMjC1r', '2023-10-20', '2023-11-02', 9750844385484947),
('adalynMjC1r', '2023-09-15', '2023-10-12', 0298743459015691),
('adalynMjC1r', '2023-09-13', '2023-09-30', 2893698238402759),
('adamYi', '2023-09-12', '2023-09-13', 4828744535488935),
('adamYi', '2023-09-11', '2023-09-17', 0003831237486837),
('adamYi', '2023-11-02', '2023-12-20', 9138261303830429),
('adamYi', '2023-09-11', '2023-09-13', 6998711034825950),
('adamYi', '2023-10-06', '2023-10-15', 2434206156386915),
('adamYi', '2023-09-15', '2023-10-05', 1944860055252495),
('adamYi', '2023-10-11', '2023-10-29', 7326881374372037),
('adamYi', '2023-10-12', '2023-10-12', 0952074669711930),
('adamYi', '2023-09-13', '2023-09-26', 8850227906564122),
('adantH', '2023-09-13', '2023-10-01', 9995852077334701),
('adantH', '2023-10-11', '2023-11-07', 6871078616284277),
('adantH', '2023-09-18', '2023-09-22', 5299677011020516),
('adantH', '2023-10-05', '2023-10-08', 1360176891454610),
('adantH', '2023-10-09', '2023-10-09', 2854519548434907),
('adantH', '2023-09-14', '2023-09-14', 2858760976498584),
('adaracUs', '2023-11-03', '2023-12-09', 4531916761606768),
('adaracUs', '2023-09-25', '2023-09-28', 5291230424685421),
('adaracUs', '2023-09-12', '2023-11-04', 9196869832904253),
('addaD', '2023-09-14', '2023-09-29', 2789650590399381),
('addaD', '2023-10-04', '2023-10-05', 9609869325274602),
('addaD', '2023-09-14', '2023-10-03', 1105573607074290),
('addiF2Lfd', '2023-10-17', '2023-10-17', 0028220321709196),
('addiF2Lfd', '2023-10-01', '2023-10-22', 3036670163451010),
('addiF2Lfd', '2023-09-17', '2023-10-07', 9151530434228404),
('addiF2Lfd', '2023-09-10', '2023-09-13', 8073583848080233),
('addiF2Lfd', '2023-09-19', '2023-09-22', 6322732586763610),
('addia0H', '2023-09-12', '2023-09-14', 8673551750979013),
('addieXxM7f', '2023-09-27', '2023-11-12', 3687950624283774),
('addilynhOTPa', '2023-09-28', '2023-10-10', 8772592229173227),
('addilynhOTPa', '2023-09-12', '2023-09-29', 1243989819877614),
('addisonb8l', '2023-09-11', '2023-09-19', 3239443007605374),
('addonsOAKDs', '2023-09-28', '2023-10-22', 1204859161702934),
('addonsOAKDs', '2023-09-30', '2023-10-09', 3843187983964994),
('addonsOAKDs', '2023-09-25', '2023-10-24', 8414894156238608),
('addonsOAKDs', '2023-09-22', '2023-10-22', 2965639232053790),
('addonsOAKDs', '2023-09-30', '2023-10-17', 2167292870250157),
('addonsOAKDs', '2023-09-29', '2023-09-30', 1524870385143038),
('addonsOAKDs', '2023-11-07', '2023-11-12', 1373900284986654),
('addonsOAKDs', '2023-11-03', '2023-11-10', 1516357749077806),
('addonsOAKDs', '2023-10-13', '2023-10-18', 7307966656334308),
('addonsOAKDs', '2023-10-01', '2023-10-05', 3098470252724542),
('addyJ', '2023-10-05', '2023-10-06', 2609357951755969),
('addyJ', '2023-09-11', '2023-09-15', 3192569580276700),
('addyJ', '2023-09-20', '2023-10-20', 6813390849200149),
('addyJ', '2023-11-02', '2023-12-13', 6755877686091500),
('addyJ', '2023-10-13', '2023-10-23', 9185631083441668),
('addyJ', '2023-10-13', '2023-10-18', 7314032668181311),
('addyJ', '2023-09-19', '2023-10-01', 5354877758051377),
('addyJ', '2023-09-19', '2023-09-21', 9726075834936267),
('addyJ', '2023-09-25', '2023-11-07', 2305092216168502),
('addyJ', '2023-09-10', '2023-09-11', 1991312509109482),
('addyJ', '2023-11-16', '2023-11-19', 5820491445005034),
('adeTe9W', '2023-09-22', '2023-09-24', 3787505830990999),
('adeTe9W', '2023-10-26', '2023-11-03', 6557322486231997),
('adeTe9W', '2023-09-23', '2023-09-27', 5248787787536000),
('adeliL', '2023-11-20', '2023-11-20', 3768315316811950),
('adeliL', '2023-10-23', '2023-10-30', 9140799839900126),
('adeliL', '2023-11-05', '2023-12-19', 2344911396972048),
('adeliL', '2023-09-21', '2023-09-30', 6898252835289313),
('adeliL', '2023-09-20', '2023-10-11', 7933229285813448),
('adeliL', '2023-10-16', '2023-11-12', 6836394599452813),
('adeliL', '2023-09-19', '2023-10-04', 4811010418196020),
('adeliL', '2023-09-16', '2023-09-16', 7952571925771381),
('adeliL', '2023-09-14', '2023-11-07', 0255410139332195),
('adela1QL', '2023-10-01', '2023-10-09', 6741668506842283),
('adela1QL', '2023-10-07', '2023-10-12', 4572196670767392),
('adela1QL', '2023-11-14', '2023-11-14', 2739120509636666),
('adela1QL', '2023-09-25', '2023-10-05', 5368883488475129),
('adela1QL', '2023-10-25', '2024-01-04', 6398341528022379),
('adelaidalgL', '2023-09-11', '2023-10-17', 2259850970120962),
('adelaidalgL', '2023-10-01', '2023-10-18', 2943783489442042),
('adelaidalgL', '2023-09-27', '2023-10-20', 0710029943448741),
('adelaidalgL', '2023-11-14', '2023-12-16', 5269382896764234),
('adelaidalgL', '2023-11-14', '2023-12-24', 2900330040470563),
('adelaidalgL', '2023-10-13', '2023-10-28', 4349594836876441),
('adelaidalgL', '2023-12-04', '2023-12-14', 8215843709471066),
('adelaidalgL', '2023-10-27', '2023-10-28', 2510967253719227),
('adelaidalgL', '2023-09-14', '2023-10-08', 3504682916106464),
('adelaidalgL', '2023-11-11', '2023-12-15', 8236000517239648),
('adelaideAbBJt', '2023-09-18', '2023-10-03', 6146426882731715),
('adelaideAbBJt', '2023-09-16', '2023-09-23', 0945563678303493),
('adeleOt', '2023-11-28', '2024-01-10', 9078174935662799),
('adeleOt', '2023-11-18', '2023-12-03', 3105313119002475),
('adeleOt', '2023-10-26', '2023-11-06', 4140011301952527),
('adeleOt', '2023-09-30', '2023-09-30', 4627043543234564),
('adeleOt', '2023-09-21', '2023-09-21', 0062389716941687),
('adeleneeO2', '2023-09-16', '2023-09-22', 7978572531913443),
('adeleneeO2', '2023-09-17', '2023-11-01', 8136201032806012),
('adelheid1ZjKc', '2023-10-13', '2023-10-21', 1230078627043190),
('adelheid1ZjKc', '2023-09-14', '2023-09-25', 5205458104671587),
('adelheid1ZjKc', '2023-11-07', '2023-12-19', 5942454071625439),
('adelheid1ZjKc', '2023-09-15', '2023-09-21', 4909457702670915),
('adelheid1ZjKc', '2023-09-19', '2023-09-26', 6862221973814240),
('adeliajtXT3', '2023-09-29', '2023-09-29', 2402751232746346),
('adeliajtXT3', '2023-09-13', '2023-09-14', 7670717139356430),
('adeliajtXT3', '2023-09-25', '2023-09-26', 9609806617569926),
('adeliajtXT3', '2023-10-09', '2023-11-04', 6954245641360396),
('adeliajtXT3', '2023-09-15', '2023-09-18', 3883637841804985),
('adelicewx', '2023-09-12', '2023-11-15', 3824443930764238),
('adelinaXu', '2023-11-03', '2023-11-20', 6842224860892060),
('adelinaXu', '2023-09-20', '2023-10-01', 0314105380066248),
('adelinaXu', '2023-09-11', '2023-09-22', 1004759454103980),
('adelinaXu', '2023-09-30', '2023-10-15', 1834279420326638),
('adelinaXu', '2023-10-03', '2023-10-07', 9763818726308799),
('adelinaXu', '2023-09-12', '2023-09-13', 1412658017122432),
('adelinaXu', '2023-09-11', '2023-09-11', 8908081495196678),
('adelinaXu', '2023-09-13', '2023-10-06', 2784909767745019),
('adelinaXu', '2023-10-06', '2023-10-16', 0145056589585296),
('adelinaXu', '2023-09-29', '2023-10-01', 4367536060339093),
('adelinaXu', '2023-11-04', '2023-11-06', 0964164496481871),
('adelind1Kp5X', '2023-09-13', '2023-09-21', 8210090027158529),
('adelind1Kp5X', '2023-09-29', '2023-11-24', 1793739859083508),
('adelind1Kp5X', '2023-09-14', '2023-09-24', 9829472752656118),
('adelind1Kp5X', '2023-11-21', '2023-12-03', 2820116142749416),
('adelind1Kp5X', '2023-09-19', '2023-09-19', 2122791186385470),
('adelind1Kp5X', '2023-09-14', '2023-09-14', 5030551241804148),
('adelind1Kp5X', '2023-09-22', '2023-09-24', 3623897138652651),
('adelind1Kp5X', '2023-11-19', '2023-12-14', 1089017183812239),
('adelind1Kp5X', '2023-09-14', '2023-09-16', 6492012386985438),
('adelind1Kp5X', '2023-09-28', '2023-10-22', 3869997811609264),
('adelineuz', '2023-09-19', '2023-09-20', 4993718187097669),
('adelineuz', '2023-10-12', '2023-11-02', 6670295172693624),
('adelineuz', '2023-10-11', '2023-10-15', 8296288910657205),
('adelineuz', '2023-09-20', '2023-10-13', 6613363735678251),
('adelineuz', '2023-09-25', '2023-10-03', 1557664999958731),
('adelineuz', '2023-11-15', '2023-12-02', 9148909992226820),
('adella8XpVj', '2023-09-27', '2023-09-30', 6072825654902534),
('adella8XpVj', '2023-09-20', '2023-10-09', 0962458020693682),
('adella8XpVj', '2023-11-10', '2023-11-11', 7299713119128598),
('adella8XpVj', '2023-09-28', '2023-09-28', 1194133763612549),
('adella8XpVj', '2023-09-12', '2023-09-15', 9434418427127019),
('adella8XpVj', '2023-09-17', '2023-09-19', 2436597499515022),
('adella8XpVj', '2023-09-26', '2023-09-28', 1943274590307889),
('adella8XpVj', '2023-11-18', '2023-12-27', 2999302406576185),
('adella8XpVj', '2023-09-17', '2023-10-24', 2312191286464712),
('adella8XpVj', '2023-09-14', '2023-09-15', 4744237801149069),
('adelleh7M', '2023-09-19', '2023-09-23', 8239691440070955),
('adelleh7M', '2023-09-18', '2023-11-22', 1878179021545897),
('adelleh7M', '2023-09-12', '2023-09-19', 6200940513028016),
('adelleh7M', '2023-09-14', '2023-09-19', 5513807047227035),
('adelleh7M', '2023-10-01', '2023-10-10', 7403244797074248),
('adelleh7M', '2023-10-06', '2023-12-10', 5227396848543428),
('adelleh7M', '2023-10-11', '2023-10-15', 9478485106674135),
('adelynng', '2023-09-28', '2023-10-01', 8322183307950156),
('adelynng', '2023-09-17', '2023-09-21', 4149087052213129),
('adelynng', '2023-09-27', '2023-09-30', 3346823942606929),
('adelynng', '2023-09-12', '2023-09-14', 7209510296696729),
('adelynng', '2023-09-11', '2023-10-17', 6762444347170637),
('adelynng', '2023-10-20', '2023-11-04', 3057937960100530),
('adelynng', '2023-09-16', '2023-09-22', 3783797400276129),
('adelynng', '2023-10-01', '2023-10-12', 6852135586152999),
('adenVA8p', '2023-09-12', '2023-09-14', 6057780765269863),
('adenVA8p', '2023-10-10', '2023-12-06', 4974358406986768),
('adenVA8p', '2023-10-05', '2023-10-08', 5035994903904365),
('adenVA8p', '2023-09-12', '2023-10-13', 9617676702331502),
('adenVA8p', '2023-09-15', '2023-09-17', 7511372453874806),
('adenVA8p', '2023-11-13', '2023-11-14', 3461452236711270),
('adenar3QR', '2023-09-20', '2023-09-24', 6597560515075280),
('adenar3QR', '2023-09-12', '2023-10-19', 9804795831332846),
('adenar3QR', '2023-09-20', '2023-09-27', 4121044829768817),
('adenar3QR', '2023-10-12', '2023-12-17', 1278863853927009),
('adenar3QR', '2023-10-14', '2023-10-17', 8766673463604761),
('adenar3QR', '2023-11-14', '2023-11-14', 6034555802003887),
('adenar3QR', '2023-10-13', '2023-10-14', 0841359552040841),
('adenar3QR', '2023-09-14', '2023-11-07', 2678405451837114),
('adeniyie2WGY', '2023-09-14', '2023-10-08', 9953534451675782),
('adeniyie2WGY', '2023-10-17', '2023-11-07', 3204529025187532),
('adeniyie2WGY', '2023-10-25', '2023-10-27', 3960879992271668),
('adeniyie2WGY', '2023-10-04', '2023-10-12', 7728878988615776),
('adeniyie2WGY', '2023-11-17', '2023-12-10', 7763469928560215),
('adeniyie2WGY', '2023-10-03', '2023-10-25', 4728296933579937),
('adeniyie2WGY', '2023-10-18', '2023-10-19', 5591990037329686),
('adeniyie2WGY', '2023-10-19', '2023-11-16', 0499713229299012),
('adeniyie2WGY', '2023-10-09', '2023-10-09', 2901524533882699),
('adeniyie2WGY', '2023-10-20', '2023-10-25', 5669965223793036),
('adeniyie2WGY', '2023-09-25', '2023-09-25', 5204349341209070),
('adeyh', '2023-09-17', '2023-09-28', 5145909159832446),
('adeyh', '2023-09-12', '2023-09-25', 2168526811591287),
('adeyh', '2023-09-15', '2023-09-23', 1510170310308943),
('adeyh', '2023-09-25', '2023-10-04', 8342011790612288),
('adeyh', '2023-09-19', '2023-10-10', 2057217952045389),
('adeyh', '2023-10-05', '2023-11-04', 4203179013341432),
('adeyh', '2023-09-20', '2023-09-24', 0808017854799890),
('adeyh', '2023-09-20', '2023-09-30', 0856399600076806),
('adeyh', '2023-10-11', '2023-10-23', 5098950503491532),
('adeyh', '2023-10-22', '2023-10-31', 7034476842139034),
('adiQ', '2023-09-10', '2023-10-05', 7724132685995521),
('adiQ', '2023-10-22', '2023-11-28', 8917100608575186),
('adiQ', '2023-09-18', '2023-09-28', 8154111491162447),
('adiQ', '2023-12-17', '2023-12-18', 6544755270893420),
('adiQ', '2023-09-10', '2023-09-23', 3214462255869256),
('adiQ', '2023-10-22', '2023-12-09', 2685204515218483),
('adiQ', '2023-09-17', '2023-10-24', 0352846566890885),
('adiQ', '2023-10-16', '2023-10-29', 7836253351951777),
('adiQ', '2023-11-20', '2023-11-24', 8488781600159518),
('adiQ', '2023-09-24', '2023-10-01', 6659219254233383),
('adiQ', '2023-12-08', '2023-12-13', 7803144151909606),
('adianaFa6WR', '2023-10-22', '2023-10-24', 5745560737543228),
('adianaFa6WR', '2023-10-21', '2023-10-26', 9595287598755358),
('adianaFa6WR', '2023-09-10', '2023-09-19', 9239476822267744),
('adianaFa6WR', '2023-10-06', '2023-11-22', 0407394282677811),
('adianaFa6WR', '2023-09-23', '2023-10-09', 9363829555116172),
('adianaFa6WR', '2023-11-17', '2023-11-18', 4513979699847734),
('adiey', '2023-09-21', '2023-10-26', 7348112251496885),
('adiey', '2023-09-23', '2023-10-21', 9579019340220120),
('adiey', '2023-09-12', '2023-10-31', 9705855906307010),
('adiey', '2023-09-13', '2023-09-13', 9511763582201173),
('adinaa7', '2023-11-07', '2023-11-11', 7706477315359732),
('adinaa7', '2023-11-04', '2024-01-16', 4960459761847366),
('adinaa7', '2023-09-28', '2023-10-02', 4308235081928591),
('adinaa7', '2023-11-28', '2023-12-30', 4231687690598520),
('adinaa7', '2023-11-17', '2023-11-24', 5128458231676357),
('adinaa7', '2023-10-19', '2023-10-23', 8043228636273692),
('adinaa7', '2023-09-18', '2023-09-23', 5545144445948540),
('adityaHQ', '2023-10-29', '2023-11-23', 8990892481771526),
('adityaHQ', '2023-10-04', '2023-12-22', 2468602118437977),
('adityaHQ', '2023-10-30', '2023-11-08', 2694738527927612),
('adityaHQ', '2023-09-19', '2023-09-24', 5585986576209649),
('adityaHQ', '2023-09-14', '2023-09-19', 5496961189277377),
('adityaHQ', '2023-12-09', '2023-12-12', 2378306816832430),
('adityaHQ', '2023-09-10', '2023-09-15', 6229608505205898),
('adityaHQ', '2023-11-02', '2023-11-11', 4506991508667626),
('adityaHQ', '2023-10-30', '2023-11-02', 3097462847717531),
('admin0CxU', '2023-11-01', '2023-11-04', 7696242374654441),
('admin0CxU', '2023-10-30', '2023-11-06', 1798853859613787),
('admin0CxU', '2023-10-04', '2023-10-07', 0779975728727015),
('admin0CxU', '2023-12-18', '2023-12-19', 9395825351932516),
('admin0CxU', '2023-09-17', '2023-10-04', 7545234399266812),
('admin0CxU', '2023-10-11', '2023-10-25', 7111723080635089),
('admin0CxU', '2023-10-25', '2023-10-28', 9840265605255099),
('admin0CxU', '2023-10-01', '2023-10-07', 7420866548148173),
('adnanBcmh', '2023-10-10', '2023-10-12', 4449722982727466),
('adnanBcmh', '2023-11-19', '2023-11-26', 5721460084050849),
('adnanBcmh', '2023-10-22', '2023-10-22', 0584059496173687),
('adnanBcmh', '2023-09-30', '2023-10-18', 8648513935344064),
('adnanBcmh', '2023-10-06', '2023-10-15', 6038809968656094),
('adnanBcmh', '2023-09-28', '2023-10-02', 4609142510457010),
('adnanBcmh', '2023-09-25', '2023-11-24', 4224908125828763),
('adnanBcmh', '2023-10-16', '2023-11-01', 9188270631367900),
('adnanBcmh', '2023-11-30', '2024-01-03', 2694940857495499),
('adnanBcmh', '2023-09-17', '2023-10-25', 1897659536558316),
('adnanBcmh', '2023-09-24', '2023-10-20', 0007676335939092),
('adon6', '2023-10-04', '2023-10-04', 4814015598328727),
('adon6', '2023-10-24', '2023-11-04', 2587992788344781),
('adon6', '2023-10-01', '2023-10-06', 4466251195450984),
('adon6', '2023-10-25', '2023-10-26', 3245523603231478),
('adon6', '2023-11-10', '2023-11-25', 1925912731647397),
('adon6', '2023-09-19', '2023-10-15', 6084072826741273),
('adon6', '2023-10-12', '2023-10-16', 3068018000447889),
('adon6', '2023-10-03', '2023-10-27', 9823400435538118),
('adon6', '2023-09-12', '2023-09-17', 5209793076110339),
('adonisX', '2023-11-14', '2023-11-15', 7912312665461211),
('adonisX', '2023-09-21', '2023-11-30', 3016507785042917),
('adonisX', '2023-11-17', '2023-11-29', 0892129863783716),
('adonisX', '2023-09-30', '2023-11-05', 8895534894876716),
('adonisX', '2023-10-03', '2023-10-09', 6333189125178133),
('adonisX', '2023-09-11', '2023-09-18', 9480323454810996),
('adora1gH', '2023-10-01', '2023-10-15', 5135867107096208),
('adora1gH', '2023-09-22', '2023-09-22', 9322430848509343),
('adora1gH', '2023-09-16', '2023-10-28', 1875957813345336),
('adora1gH', '2023-09-12', '2023-11-12', 4167549002797362),
('adora1gH', '2023-09-18', '2023-10-20', 7221636181044221),
('adora1gH', '2023-11-10', '2023-11-22', 6882283248282286),
('adora1gH', '2023-09-27', '2023-09-28', 7830091789072976),
('adoreVd', '2023-09-10', '2023-09-15', 8373713918562177),
('adoreVd', '2023-09-22', '2023-09-23', 0111826492032467),
('adoreVd', '2023-09-21', '2023-09-27', 4967116727134428),
('adoreVd', '2023-09-13', '2023-09-22', 4913948041251554),
('adoreVd', '2023-10-04', '2023-10-20', 3392269881447741),
('adoreVd', '2023-10-16', '2023-11-04', 0200516572726742),
('adoreedx1', '2023-09-30', '2023-10-09', 3414432571702196),
('adoreedx1', '2023-09-30', '2023-10-14', 9612400609613491),
('adoreedx1', '2023-09-11', '2023-09-30', 1423140163054298),
('adoreedx1', '2023-10-05', '2023-10-05', 9426001191899913),
('adoreedx1', '2023-11-08', '2023-11-12', 5800786811828326),
('adoreedx1', '2023-09-26', '2023-09-28', 7156126681800594),
('adornenz0', '2023-09-25', '2023-09-26', 4537272943881361),
('adornenz0', '2023-11-16', '2023-11-16', 0724093522204252),
('adornenz0', '2023-09-29', '2023-10-16', 4013680637006637),
('adornenz0', '2023-09-22', '2023-10-26', 6745011101355753),
('adreaNd', '2023-11-09', '2023-11-22', 8010068968780579),
('adreaNd', '2023-10-07', '2023-10-17', 1641761215519527),
('adreaNd', '2023-09-13', '2023-09-17', 9532847125633846),
('adreaNd', '2023-09-12', '2023-09-15', 9040184765897286),
('adreaNd', '2023-09-11', '2023-09-19', 8718921263754763),
('adreaNd', '2023-10-18', '2023-12-18', 0327100591747546),
('adreanna8', '2023-09-10', '2023-10-22', 5775512708289288),
('adreanna8', '2023-09-17', '2023-09-18', 3424345087187183),
('adreanna8', '2023-10-12', '2023-10-13', 4495553058797472),
('adreanna8', '2023-11-28', '2023-12-03', 4904488811990313),
('adreanna8', '2023-10-26', '2023-11-18', 5153258660094889),
('adreanna8', '2023-10-27', '2023-10-29', 2270146055904145),
('adreanna8', '2023-09-16', '2023-09-16', 2949950370898736),
('adrisJFr6', '2023-10-10', '2023-10-11', 9121837052023061),
('adrisJFr6', '2023-11-17', '2023-12-21', 1952097530842244),
('adrisJFr6', '2023-10-01', '2023-10-02', 7016166240507208),
('adriabp5w', '2023-10-12', '2023-10-26', 7160562046443278),
('adriabp5w', '2023-10-14', '2023-10-16', 8002555777104310),
('adriabp5w', '2023-11-13', '2023-12-17', 8332835708924275),
('adriabp5w', '2023-11-09', '2023-11-15', 4618842977441242),
('adriaensc', '2023-11-05', '2023-11-16', 1353588081958477),
('adriaensc', '2023-09-29', '2023-10-06', 3881866352304197),
('adriaensc', '2023-09-14', '2023-09-21', 1826275857476363),
('adriaensc', '2023-09-30', '2023-10-06', 3834527622462781),
('adriaensc', '2023-11-13', '2023-12-23', 8769641336985104),
('adriaensc', '2023-09-16', '2023-09-19', 9429106352601732),
('adriaensc', '2023-10-30', '2023-11-01', 5930039319749679),
('adrianbz', '2023-09-11', '2023-11-06', 0687762769066909),
('adrianbz', '2023-09-14', '2023-10-31', 6383104672197019),
('adrianbz', '2023-09-20', '2023-09-20', 4946382651186071),
('adrianbz', '2023-11-30', '2023-12-02', 3518269563026204),
('adrianbz', '2023-10-07', '2023-10-11', 9188637538128704),
('adrianbz', '2023-10-23', '2023-11-26', 2744167693483896),
('adrianbz', '2023-10-04', '2023-10-04', 7654398944030442),
('adrianbz', '2023-10-07', '2023-11-08', 4546566409231692),
('adrianbz', '2023-09-25', '2023-10-16', 0117172367940607),
('richie-314', CURRENT_DATE, NULL, NULL);



REPLACE INTO `Connessione` (`Utente`, `IP`, `Inizio`, `Fine`, `Hardware`) VALUES
('aaliyah1PcW', 324579042, '2023-09-17 17:18:24', '2023-10-31 19:01:19', 'Mozilla/5.0 (Windows NT 10.0; Win64; x64) AppleWebKit/537.36 (KHTML, like Gecko) Chrome/114.0.0.0 Safari/537.36'),
('aaliyah1PcW', 381358358, '2023-09-13 07:49:00', '2023-09-15 03:17:22', 'Mozilla/5.0 (X11; Linux x86_64; rv:109.0) Gecko/20100101 Firefox/114.0'),
('aaliyah1PcW', 3168030470, '2023-09-10 20:22:21', '2023-11-08 04:08:46', 'Mozilla/5.0 (Windows NT 10.0; Win64; x64) AppleWebKit/537.36 (KHTML, like Gecko) Chrome/114.0.0.0 Safari/537.36'),
('aaliyah1PcW', 3534309795, '2023-09-18 01:50:08', '2023-09-22 05:57:32', 'Mozilla/5.0 (X11; Ubuntu; Linux x86_64; rv:109.0) Gecko/20100101 Firefox/110.0'),
('aaliyah1PcW', 3324480782, '2023-10-07 09:28:54', '2023-12-24 09:01:02', 'Mozilla/5.0 (Windows NT 6.1) AppleWebKit/537.36 (KHTML, like Gecko) Chrome/109.0.0.0 Safari/537.36 OPR/95.0.0.0 (Edition Campaign 34)Mozilla/5.0 (Macintosh; Intel Mac OS X 10_15_7) AppleWebKit/605.1.15 (KHTML, like Gecko) Version/16.5 Safari/605.1.1'),
('aaliyah1PcW', 792592453, '2023-10-09 03:50:14', '2023-11-12 17:55:28', 'Mozilla/5.0 (Windows NT 10.0; Win64; x64; rv:109.0) Gecko/20100101 Firefox/114.0'),
('aaliyah1PcW', 169785547, '2023-09-10 22:13:08', '2023-09-13 05:06:59', 'Mozilla/5.0 (Macintosh; Intel Mac OS X 10_15_7) AppleWebKit/537.36 (KHTML, like Gecko) Chrome/114.0.0.0 Safari/537.36'),
('aaliyah1PcW', 2711062787, '2023-10-22 14:24:05', '2023-11-10 14:10:00', 'Mozilla/5.0 (Windows NT 10.0; Win64; x64) AppleWebKit/537.36 (KHTML, like Gecko) Chrome/114.0.0.0 Safari/537.36'),
('aaliyah1PcW', 4106946456, '2023-09-13 13:01:17', '2023-09-18 20:14:00', 'Mozilla/5.0 (X11; Ubuntu; Linux x86_64; rv:109.0) Gecko/20100101 Firefox/110.0'),
('aarenDDCY', 2721485641, '2023-10-20 00:02:35', '2023-12-04 23:25:20', 'Mozilla/5.0 (Windows NT 10.0; Win64; x64; rv:109.0) Gecko/20100101 Firefox/114.0'),
('aarenDDCY', 607166394, '2023-10-18 23:58:36', '2023-11-28 11:47:16', 'Mozilla/5.0 (Windows NT 10.0; Win64; x64) AppleWebKit/537.36 (KHTML, like Gecko) Chrome/114.0.0.0 Safari/537.36 Edg/114.0.1823.51'),
('aarenDDCY', 2318257079, '2023-09-25 19:16:41', '2023-11-02 00:56:39', 'Mozilla/5.0 (Windows NT 10.0; Win64; x64; rv:109.0) Gecko/20100101 Firefox/114.0'),
('aarenDDCY', 790530317, '2023-09-11 21:51:28', '2023-09-16 02:38:52', 'Mozilla/5.0 (Windows NT 10.0; Win64; x64) AppleWebKit/537.36 (KHTML, like Gecko) Chrome/114.0.0.0 Safari/537.36'),
('aarenDDCY', 3512348125, '2023-09-11 09:40:50', '2023-09-27 14:13:19', 'Mozilla/5.0 (Windows NT 10.0; Win64; x64; rv:109.0) Gecko/20100101 Firefox/114.0'),
('aarenDDCY', 3731607547, '2023-09-13 02:09:55', '2023-10-23 22:28:46', 'Mozilla/5.0 (X11; Ubuntu; Linux x86_64; rv:109.0) Gecko/20100101 Firefox/110.0'),
('aarenDDCY', 3907708046, '2023-10-12 11:36:04', '2023-12-20 13:36:00', 'Mozilla/5.0 (X11; Linux x86_64; rv:109.0) Gecko/20100101 Firefox/114.0'),
('aarenDDCY', 686030006, '2023-09-10 16:46:55', '2023-09-15 19:51:15', 'Mozilla/5.0 (Windows NT 10.0; Win64; x64) AppleWebKit/537.36 (KHTML, like Gecko) Chrome/114.0.0.0 Safari/537.36 Edg/114.0.1823.51'),
('aarenDDCY', 1966106539, '2023-09-13 21:20:14', '2023-10-15 05:14:46', 'Mozilla/5.0 (X11; Linux aarch64) AppleWebKit/537.36 (KHTML, like Gecko) Chrome/111.0.0.0 Safari/537.36Mozilla/5.0 (X11; CrOS x86_64 14541.0.0) AppleWebKit/537.36 (KHTML, like Gecko) Chrome/114.0.0.0 Safari/537.36'),
('aarenDDCY', 2617566685, '2023-10-03 20:51:46', '2023-11-16 08:22:22', 'Mozilla/5.0 (Macintosh; Intel Mac OS X 10_15_7) AppleWebKit/537.36 (KHTML, like Gecko) Chrome/114.0.0.0 Safari/537.36'),
('aarikap', 1645624376, '2023-10-31 07:45:28', '2023-11-29 02:42:18', 'Mozilla/5.0 (X11; Ubuntu; Linux x86_64; rv:109.0) Gecko/20100101 Firefox/114.0'),
('aarikap', 2392712802, '2023-10-01 12:13:08', '2023-10-02 02:31:25', 'Mozilla/5.0 (Windows NT 10.0; Win64; x64) AppleWebKit/537.36 (KHTML, like Gecko) Chrome/114.0.0.0 Safari/537.36'),
('aarond0V', 2619167853, '2023-09-14 08:17:01', '2023-11-10 17:01:58', 'Mozilla/5.0 (Windows NT 10.0; Win64; x64) AppleWebKit/537.36 (KHTML, like Gecko) Chrome/114.0.0.0 Safari/537.36'),
('aarond0V', 260478872, '2023-09-22 02:49:34', '2023-11-18 08:15:51', 'Mozilla/5.0 (Windows NT 6.1) AppleWebKit/537.36 (KHTML, like Gecko) Chrome/109.0.0.0 Safari/537.36 OPR/95.0.0.0 (Edition Campaign 34)Mozilla/5.0 (Macintosh; Intel Mac OS X 10_15_7) AppleWebKit/605.1.15 (KHTML, like Gecko) Version/16.5 Safari/605.1.1'),
('aarond0V', 1834701619, '2023-11-21 06:34:34', '2024-01-12 20:04:04', 'Mozilla/5.0 (X11; Ubuntu; Linux x86_64; rv:109.0) Gecko/20100101 Firefox/114.0'),
('aarond0V', 1224255154, '2023-10-04 16:35:42', '2023-10-06 04:53:26', 'Mozilla/5.0 (X11; Ubuntu; Linux x86_64; rv:109.0) Gecko/20100101 Firefox/114.0'),
('aarond0V', 167548686, '2023-09-13 06:04:19', '2023-09-26 07:50:47', 'Mozilla/5.0 (X11; Linux x86_64; rv:109.0) Gecko/20100101 Firefox/114.0'),
('aarond0V', 3799111974, '2023-12-09 20:53:06', '2023-12-17 07:27:13', 'Mozilla/5.0 (X11; Ubuntu; Linux x86_64; rv:109.0) Gecko/20100101 Firefox/114.0'),
('aarond0V', 3524182170, '2023-10-16 01:54:41', '2023-11-25 08:28:25', 'Mozilla/5.0 (Windows NT 10.0; Win64; x64) AppleWebKit/537.36 (KHTML, like Gecko) Chrome/114.0.0.0 Safari/537.36'),
('aarond0V', 3872774521, '2023-09-12 12:14:46', '2023-09-21 09:02:58', 'Mozilla/5.0 (X11; Linux x86_64; rv:109.0) Gecko/20100101 Firefox/114.0'),
('aarond0V', 1238383775, '2023-10-24 16:14:05', '2023-10-28 18:39:49', 'Mozilla/5.0 (X11; Ubuntu; Linux x86_64; rv:109.0) Gecko/20100101 Firefox/110.0'),
('aarond0V', 1417454620, '2023-10-04 15:28:23', '2023-10-28 02:48:23', 'Mozilla/5.0 (X11; Linux aarch64) AppleWebKit/537.36 (KHTML, like Gecko) Chrome/111.0.0.0 Safari/537.36Mozilla/5.0 (X11; CrOS x86_64 14541.0.0) AppleWebKit/537.36 (KHTML, like Gecko) Chrome/114.0.0.0 Safari/537.36'),
('aartjann', 3927822652, '2023-12-01 06:45:22', '2023-12-13 17:33:20', 'Mozilla/5.0 (Windows NT 6.1) AppleWebKit/537.36 (KHTML, like Gecko) Chrome/109.0.0.0 Safari/537.36 OPR/95.0.0.0 (Edition Campaign 34)Mozilla/5.0 (Macintosh; Intel Mac OS X 10_15_7) AppleWebKit/605.1.15 (KHTML, like Gecko) Version/16.5 Safari/605.1.1'),
('aartjann', 2552202586, '2023-09-23 01:23:43', '2023-10-09 01:03:13', 'Mozilla/5.0 (Macintosh; Intel Mac OS X 10_15_7) AppleWebKit/537.36 (KHTML, like Gecko) Chrome/114.0.0.0 Safari/537.36'),
('aartjann', 2939277956, '2023-09-19 15:26:09', '2023-09-20 02:07:53', 'Mozilla/5.0 (X11; Linux aarch64) AppleWebKit/537.36 (KHTML, like Gecko) Chrome/111.0.0.0 Safari/537.36Mozilla/5.0 (X11; CrOS x86_64 14541.0.0) AppleWebKit/537.36 (KHTML, like Gecko) Chrome/114.0.0.0 Safari/537.36'),
('aartjann', 993183191, '2023-09-11 15:07:31', '2023-09-27 11:02:15', 'Mozilla/5.0 (X11; Linux x86_64; rv:109.0) Gecko/20100101 Firefox/114.0'),
('aarushiIw', 2961996140, '2023-09-20 16:19:38', '2023-10-08 09:10:11', 'Mozilla/5.0 (X11; Linux x86_64) AppleWebKit/537.36 (KHTML, like Gecko) Chrome/114.0.0.0 Safari/537.36'),
('aarushiIw', 3459057773, '2023-09-24 11:06:26', '2023-10-09 21:23:01', 'Mozilla/5.0 (Windows NT 10.0; Win64; x64) AppleWebKit/537.36 (KHTML, like Gecko) Chrome/114.0.0.0 Safari/537.36'),
('aarushiIw', 966737277, '2023-09-16 21:34:43', '2023-09-28 03:04:29', 'Mozilla/5.0 (Macintosh; Intel Mac OS X 10_15_7) AppleWebKit/537.36 (KHTML, like Gecko) Chrome/114.0.0.0 Safari/537.36'),
('aarushiIw', 3939076258, '2023-09-24 22:19:54', '2023-11-22 00:25:27', 'Mozilla/5.0 (Macintosh; Intel Mac OS X 10_15_7) AppleWebKit/537.36 (KHTML, like Gecko) Chrome/114.0.0.0 Safari/537.36'),
('aarushiIw', 4213971277, '2023-09-24 03:26:33', '2023-10-11 17:31:14', 'Mozilla/5.0 (X11; Ubuntu; Linux x86_64; rv:109.0) Gecko/20100101 Firefox/110.0'),
('aarushiIw', 1360616652, '2023-10-21 15:54:54', '2024-01-23 16:02:59', 'Mozilla/5.0 (Windows NT 6.1) AppleWebKit/537.36 (KHTML, like Gecko) Chrome/109.0.0.0 Safari/537.36 OPR/95.0.0.0 (Edition Campaign 34)Mozilla/5.0 (Macintosh; Intel Mac OS X 10_15_7) AppleWebKit/605.1.15 (KHTML, like Gecko) Version/16.5 Safari/605.1.1'),
('aarushiIw', 3809311770, '2023-09-27 11:27:08', '2023-11-01 06:21:29', 'Mozilla/5.0 (X11; Ubuntu; Linux x86_64; rv:109.0) Gecko/20100101 Firefox/110.0'),
('aarushiIw', 2522252722, '2023-10-01 16:02:23', '2023-10-17 12:55:08', 'Mozilla/5.0 (X11; Linux x86_64; rv:109.0) Gecko/20100101 Firefox/114.0'),
('abagaelEq7RF', 3209881616, '2023-09-15 20:47:38', '2023-10-21 05:57:19', 'Mozilla/5.0 (Windows NT 6.1) AppleWebKit/537.36 (KHTML, like Gecko) Chrome/109.0.0.0 Safari/537.36 OPR/95.0.0.0 (Edition Campaign 34)Mozilla/5.0 (Macintosh; Intel Mac OS X 10_15_7) AppleWebKit/605.1.15 (KHTML, like Gecko) Version/16.5 Safari/605.1.1'),
('abagaelEq7RF', 1179878124, '2023-10-04 23:11:07', '2023-10-14 23:58:06', 'Mozilla/5.0 (X11; Ubuntu; Linux x86_64; rv:109.0) Gecko/20100101 Firefox/110.0'),
('abagaelEq7RF', 4260365469, '2023-10-08 22:12:16', '2023-11-01 05:24:02', 'Mozilla/5.0 (Macintosh; Intel Mac OS X 10_15_7) AppleWebKit/537.36 (KHTML, like Gecko) Chrome/114.0.0.0 Safari/537.36'),
('abagaelEq7RF', 992087676, '2023-10-09 19:04:23', '2023-10-31 16:48:27', 'Mozilla/5.0 (X11; Ubuntu; Linux x86_64; rv:109.0) Gecko/20100101 Firefox/110.0'),
('abagaelEq7RF', 1320020589, '2023-11-16 12:53:43', '2023-12-07 14:08:31', 'Mozilla/5.0 (Windows NT 10.0; Win64; x64; rv:109.0) Gecko/20100101 Firefox/114.0'),
('abagaelEq7RF', 2378550976, '2023-10-23 00:32:54', '2023-11-07 17:42:37', 'Mozilla/5.0 (X11; Linux x86_64) AppleWebKit/537.36 (KHTML, like Gecko) Chrome/114.0.0.0 Safari/537.36'),
('abagaelEq7RF', 2451180936, '2023-09-18 01:32:16', '2023-09-21 23:50:13', 'Mozilla/5.0 (Windows NT 10.0; Win64; x64) AppleWebKit/537.36 (KHTML, like Gecko) Chrome/114.0.0.0 Safari/537.36 Edg/114.0.1823.51'),
('abagaelEq7RF', 2388234289, '2023-11-06 05:17:28', '2023-11-15 21:20:23', 'Mozilla/5.0 (Windows NT 10.0; Win64; x64) AppleWebKit/537.36 (KHTML, like Gecko) Chrome/114.0.0.0 Safari/537.36'),
('abagail6rSA', 358118784, '2023-10-20 09:16:25', '2023-11-25 10:01:18', 'Mozilla/5.0 (Windows NT 10.0; Win64; x64) AppleWebKit/537.36 (KHTML, like Gecko) Chrome/114.0.0.0 Safari/537.36'),
('abagail6rSA', 1278787048, '2023-12-13 05:46:54', '2024-02-29 20:35:20', 'Mozilla/5.0 (Windows NT 10.0; Win64; x64) AppleWebKit/537.36 (KHTML, like Gecko) Chrome/114.0.0.0 Safari/537.36 Edg/114.0.1823.51'),
('abagail6rSA', 1853609370, '2023-09-19 17:00:44', '2023-09-29 16:44:05', 'Mozilla/5.0 (X11; Ubuntu; Linux x86_64; rv:109.0) Gecko/20100101 Firefox/114.0'),
('abagail6rSA', 989403410, '2023-11-26 15:41:54', '2023-12-24 11:39:07', 'Mozilla/5.0 (Windows NT 10.0; Win64; x64; rv:109.0) Gecko/20100101 Firefox/114.0'),
('abagail6rSA', 4005151537, '2023-09-21 13:56:51', '2023-10-03 15:10:28', 'Mozilla/5.0 (Windows NT 10.0; Win64; x64) AppleWebKit/537.36 (KHTML, like Gecko) Chrome/114.0.0.0 Safari/537.36 Edg/114.0.1823.51'),
('abagail6rSA', 4184535473, '2023-11-01 06:34:47', '2023-12-04 15:33:43', 'Mozilla/5.0 (X11; Linux x86_64) AppleWebKit/537.36 (KHTML, like Gecko) Chrome/114.0.0.0 Safari/537.36'),
('abagail6rSA', 362090321, '2023-11-10 14:16:50', '2023-11-17 07:48:59', 'Mozilla/5.0 (Windows NT 10.0; Win64; x64) AppleWebKit/537.36 (KHTML, like Gecko) Chrome/114.0.0.0 Safari/537.36 Edg/114.0.1823.51'),
('abahri9PS0', 2343486684, '2023-09-23 07:59:09', '2023-09-28 03:40:40', 'Mozilla/5.0 (X11; Ubuntu; Linux x86_64; rv:109.0) Gecko/20100101 Firefox/114.0'),
('abahri9PS0', 3792559961, '2023-10-08 13:42:26', '2023-11-07 09:54:21', 'Mozilla/5.0 (X11; Ubuntu; Linux x86_64; rv:109.0) Gecko/20100101 Firefox/114.0'),
('abahri9PS0', 4117986474, '2023-11-19 03:03:25', '2023-12-19 14:08:03', 'Mozilla/5.0 (X11; Ubuntu; Linux x86_64; rv:109.0) Gecko/20100101 Firefox/114.0'),
('abahri9PS0', 1993899146, '2023-10-05 13:56:20', '2023-12-27 13:55:46', 'Mozilla/5.0 (X11; Ubuntu; Linux x86_64; rv:109.0) Gecko/20100101 Firefox/110.0'),
('abahri9PS0', 2552515149, '2023-09-18 23:12:49', '2023-09-19 22:14:13', 'Mozilla/5.0 (X11; Linux aarch64) AppleWebKit/537.36 (KHTML, like Gecko) Chrome/111.0.0.0 Safari/537.36Mozilla/5.0 (X11; CrOS x86_64 14541.0.0) AppleWebKit/537.36 (KHTML, like Gecko) Chrome/114.0.0.0 Safari/537.36'),
('abahri9PS0', 3245760250, '2023-11-04 19:30:41', '2023-12-15 11:33:26', 'Mozilla/5.0 (X11; Linux aarch64) AppleWebKit/537.36 (KHTML, like Gecko) Chrome/111.0.0.0 Safari/537.36Mozilla/5.0 (X11; CrOS x86_64 14541.0.0) AppleWebKit/537.36 (KHTML, like Gecko) Chrome/114.0.0.0 Safari/537.36'),
('abbas3LjF', 358035683, '2023-10-23 00:00:05', '2023-11-23 03:40:16', 'Mozilla/5.0 (X11; Linux x86_64) AppleWebKit/537.36 (KHTML, like Gecko) Chrome/114.0.0.0 Safari/537.36'),
('abbas3LjF', 288320286, '2023-09-25 03:15:25', '2023-11-16 16:28:59', 'Mozilla/5.0 (X11; Linux x86_64) AppleWebKit/537.36 (KHTML, like Gecko) Chrome/114.0.0.0 Safari/537.36'),
('abbas3LjF', 3986286265, '2023-10-07 20:28:52', '2023-10-08 18:02:35', 'Mozilla/5.0 (Windows NT 10.0; Win64; x64) AppleWebKit/537.36 (KHTML, like Gecko) Chrome/114.0.0.0 Safari/537.36'),
('abbas3LjF', 1738183626, '2023-10-07 04:40:08', '2023-10-11 14:50:52', 'Mozilla/5.0 (X11; Linux x86_64) AppleWebKit/537.36 (KHTML, like Gecko) Chrome/114.0.0.0 Safari/537.36'),
('abbas3LjF', 639415277, '2023-09-25 19:08:35', '2023-11-08 14:30:38', 'Mozilla/5.0 (X11; Linux aarch64) AppleWebKit/537.36 (KHTML, like Gecko) Chrome/111.0.0.0 Safari/537.36Mozilla/5.0 (X11; CrOS x86_64 14541.0.0) AppleWebKit/537.36 (KHTML, like Gecko) Chrome/114.0.0.0 Safari/537.36'),
('abbas3LjF', 1736764135, '2023-10-21 18:55:01', '2023-12-01 05:31:08', 'Mozilla/5.0 (Windows NT 10.0; Win64; x64) AppleWebKit/537.36 (KHTML, like Gecko) Chrome/114.0.0.0 Safari/537.36 Edg/114.0.1823.51'),
('abbas3LjF', 4082089054, '2023-10-05 00:46:29', '2023-10-11 13:31:02', 'Mozilla/5.0 (Windows NT 10.0; Win64; x64) AppleWebKit/537.36 (KHTML, like Gecko) Chrome/114.0.0.0 Safari/537.36 Edg/114.0.1823.51'),
('abbas3LjF', 1577629304, '2023-09-22 00:30:28', '2023-10-11 09:25:39', 'Mozilla/5.0 (Macintosh; Intel Mac OS X 10_15_7) AppleWebKit/537.36 (KHTML, like Gecko) Chrome/114.0.0.0 Safari/537.36'),
('abbe8', 1927919192, '2023-10-11 06:07:52', '2023-10-22 15:51:26', 'Mozilla/5.0 (Windows NT 6.1) AppleWebKit/537.36 (KHTML, like Gecko) Chrome/109.0.0.0 Safari/537.36 OPR/95.0.0.0 (Edition Campaign 34)Mozilla/5.0 (Macintosh; Intel Mac OS X 10_15_7) AppleWebKit/605.1.15 (KHTML, like Gecko) Version/16.5 Safari/605.1.1'),
('abbe8', 3999900978, '2023-09-22 18:27:41', '2023-10-18 21:15:40', 'Mozilla/5.0 (Windows NT 10.0; Win64; x64) AppleWebKit/537.36 (KHTML, like Gecko) Chrome/114.0.0.0 Safari/537.36'),
('abbe8', 1005252607, '2023-10-21 22:51:58', '2023-10-24 12:51:04', 'Mozilla/5.0 (X11; Linux aarch64) AppleWebKit/537.36 (KHTML, like Gecko) Chrome/111.0.0.0 Safari/537.36Mozilla/5.0 (X11; CrOS x86_64 14541.0.0) AppleWebKit/537.36 (KHTML, like Gecko) Chrome/114.0.0.0 Safari/537.36'),
('abbe8', 2691536612, '2023-09-14 13:01:40', '2023-10-18 23:39:16', 'Mozilla/5.0 (X11; Ubuntu; Linux x86_64; rv:109.0) Gecko/20100101 Firefox/110.0'),
('abbe8', 1721923240, '2023-10-05 02:43:41', '2023-10-10 21:41:12', 'Mozilla/5.0 (Windows NT 10.0; Win64; x64) AppleWebKit/537.36 (KHTML, like Gecko) Chrome/114.0.0.0 Safari/537.36'),
('abbe8', 1642135164, '2023-11-25 00:38:44', '2023-11-29 12:14:10', 'Mozilla/5.0 (Windows NT 10.0; Win64; x64) AppleWebKit/537.36 (KHTML, like Gecko) Chrome/114.0.0.0 Safari/537.36'),
('abbe8', 6356373, '2023-09-13 17:55:20', '2023-11-14 05:03:42', 'Mozilla/5.0 (Windows NT 10.0; Win64; x64) AppleWebKit/537.36 (KHTML, like Gecko) Chrome/114.0.0.0 Safari/537.36 Edg/114.0.1823.51'),
('abbe8', 2284915561, '2023-09-29 22:50:51', '2023-11-30 04:29:39', 'Mozilla/5.0 (Macintosh; Intel Mac OS X 10_15_7) AppleWebKit/537.36 (KHTML, like Gecko) Chrome/114.0.0.0 Safari/537.36'),
('abbe8', 1396499045, '2023-09-27 16:55:38', '2023-11-22 16:40:09', 'Mozilla/5.0 (Windows NT 6.1) AppleWebKit/537.36 (KHTML, like Gecko) Chrome/109.0.0.0 Safari/537.36 OPR/95.0.0.0 (Edition Campaign 34)Mozilla/5.0 (Macintosh; Intel Mac OS X 10_15_7) AppleWebKit/605.1.15 (KHTML, like Gecko) Version/16.5 Safari/605.1.1'),
('abbey6T', 1895433325, '2023-10-03 23:38:51', '2023-12-13 14:21:02', 'Mozilla/5.0 (Macintosh; Intel Mac OS X 10_15_7) AppleWebKit/537.36 (KHTML, like Gecko) Chrome/114.0.0.0 Safari/537.36'),
('abbey6T', 1545142084, '2023-10-11 17:18:16', '2023-10-22 22:18:50', 'Mozilla/5.0 (X11; Linux x86_64) AppleWebKit/537.36 (KHTML, like Gecko) Chrome/114.0.0.0 Safari/537.36'),
('abbey6T', 1837179915, '2023-09-30 01:06:47', '2023-11-23 02:28:41', 'Mozilla/5.0 (X11; Linux x86_64; rv:109.0) Gecko/20100101 Firefox/114.0'),
('abbey6T', 2748819108, '2023-09-27 07:22:05', '2023-09-28 04:06:54', 'Mozilla/5.0 (Windows NT 10.0; Win64; x64) AppleWebKit/537.36 (KHTML, like Gecko) Chrome/114.0.0.0 Safari/537.36 Edg/114.0.1823.51'),
('abbey6T', 2898198264, '2023-10-22 10:53:38', '2023-10-23 00:45:57', 'Mozilla/5.0 (Macintosh; Intel Mac OS X 10_15_7) AppleWebKit/537.36 (KHTML, like Gecko) Chrome/114.0.0.0 Safari/537.36'),
('abbey6T', 4216862723, '2023-09-11 21:42:27', '2023-09-20 22:33:50', 'Mozilla/5.0 (X11; Linux x86_64) AppleWebKit/537.36 (KHTML, like Gecko) Chrome/114.0.0.0 Safari/537.36'),
('abbey6T', 1915563858, '2023-09-27 16:47:46', '2023-10-13 00:13:52', 'Mozilla/5.0 (X11; Linux x86_64; rv:109.0) Gecko/20100101 Firefox/114.0'),
('abbey6T', 2163712972, '2023-11-06 18:37:18', '2023-11-12 22:08:50', 'Mozilla/5.0 (Windows NT 10.0; Win64; x64; rv:109.0) Gecko/20100101 Firefox/114.0'),
('abbin', 48930167, '2023-09-18 04:36:31', '2023-10-08 12:59:09', 'Mozilla/5.0 (X11; Ubuntu; Linux x86_64; rv:109.0) Gecko/20100101 Firefox/110.0'),
('abbin', 2388555470, '2023-09-17 03:54:55', '2023-09-23 12:22:25', 'Mozilla/5.0 (X11; Linux x86_64) AppleWebKit/537.36 (KHTML, like Gecko) Chrome/114.0.0.0 Safari/537.36'),
('abbin', 1222501062, '2023-09-12 05:06:56', '2023-10-19 22:54:37', 'Mozilla/5.0 (Windows NT 10.0; Win64; x64) AppleWebKit/537.36 (KHTML, like Gecko) Chrome/114.0.0.0 Safari/537.36'),
('abbin', 3356389659, '2023-10-01 05:23:45', '2023-10-02 04:37:28', 'Mozilla/5.0 (Macintosh; Intel Mac OS X 10_15_7) AppleWebKit/537.36 (KHTML, like Gecko) Chrome/114.0.0.0 Safari/537.36'),
('abbin', 882102664, '2023-09-16 08:27:09', '2023-11-16 16:18:27', 'Mozilla/5.0 (Macintosh; Intel Mac OS X 10_15_7) AppleWebKit/537.36 (KHTML, like Gecko) Chrome/114.0.0.0 Safari/537.36'),
('abbie2FFMK', 1787187951, '2023-10-18 22:43:42', '2023-10-21 16:10:47', 'Mozilla/5.0 (X11; Ubuntu; Linux x86_64; rv:109.0) Gecko/20100101 Firefox/110.0'),
('abbie2FFMK', 4128369340, '2023-12-06 23:59:52', '2024-01-10 07:27:01', 'Mozilla/5.0 (Windows NT 10.0; Win64; x64) AppleWebKit/537.36 (KHTML, like Gecko) Chrome/114.0.0.0 Safari/537.36 Edg/114.0.1823.51'),
('abbie2FFMK', 664504889, '2023-09-20 14:42:44', '2023-10-24 21:48:39', 'Mozilla/5.0 (Windows NT 6.1) AppleWebKit/537.36 (KHTML, like Gecko) Chrome/109.0.0.0 Safari/537.36 OPR/95.0.0.0 (Edition Campaign 34)Mozilla/5.0 (Macintosh; Intel Mac OS X 10_15_7) AppleWebKit/605.1.15 (KHTML, like Gecko) Version/16.5 Safari/605.1.1'),
('abbie2FFMK', 2491683135, '2023-09-12 23:00:11', '2023-09-14 12:41:11', 'Mozilla/5.0 (X11; Linux aarch64) AppleWebKit/537.36 (KHTML, like Gecko) Chrome/111.0.0.0 Safari/537.36Mozilla/5.0 (X11; CrOS x86_64 14541.0.0) AppleWebKit/537.36 (KHTML, like Gecko) Chrome/114.0.0.0 Safari/537.36'),
('abbie2FFMK', 2012917647, '2023-10-14 08:06:07', '2023-10-28 07:46:45', 'Mozilla/5.0 (Windows NT 10.0; Win64; x64) AppleWebKit/537.36 (KHTML, like Gecko) Chrome/114.0.0.0 Safari/537.36'),
('abbie2FFMK', 3991089857, '2023-09-27 03:07:20', '2023-11-25 08:40:38', 'Mozilla/5.0 (X11; Linux x86_64; rv:109.0) Gecko/20100101 Firefox/114.0'),
('abbie2FFMK', 674228238, '2023-10-10 12:18:26', '2023-10-17 20:00:29', 'Mozilla/5.0 (Windows NT 10.0; Win64; x64) AppleWebKit/537.36 (KHTML, like Gecko) Chrome/114.0.0.0 Safari/537.36'),
('abbie2FFMK', 793879898, '2023-09-13 18:32:38', '2023-09-14 17:00:01', 'Mozilla/5.0 (Windows NT 10.0; Win64; x64) AppleWebKit/537.36 (KHTML, like Gecko) Chrome/114.0.0.0 Safari/537.36 Edg/114.0.1823.51'),
('abbyk', 4275881471, '2023-09-25 04:26:49', '2023-10-18 09:07:40', 'Mozilla/5.0 (X11; Ubuntu; Linux x86_64; rv:109.0) Gecko/20100101 Firefox/110.0'),
('abbyk', 4066560757, '2023-09-11 15:29:51', '2023-09-23 18:01:29', 'Mozilla/5.0 (X11; Linux x86_64) AppleWebKit/537.36 (KHTML, like Gecko) Chrome/114.0.0.0 Safari/537.36'),
('abbyk', 2610555379, '2023-10-24 16:39:43', '2023-10-31 21:30:09', 'Mozilla/5.0 (Macintosh; Intel Mac OS X 10_15_7) AppleWebKit/537.36 (KHTML, like Gecko) Chrome/114.0.0.0 Safari/537.36'),
('abbyk', 4226717748, '2023-10-01 12:05:23', '2023-10-05 11:10:52', 'Mozilla/5.0 (Windows NT 10.0; Win64; x64) AppleWebKit/537.36 (KHTML, like Gecko) Chrome/114.0.0.0 Safari/537.36'),
('abbyk', 2186432868, '2023-11-15 22:27:42', '2024-01-22 03:03:00', 'Mozilla/5.0 (Windows NT 10.0; Win64; x64) AppleWebKit/537.36 (KHTML, like Gecko) Chrome/114.0.0.0 Safari/537.36 Edg/114.0.1823.51'),
('abbyk', 233624053, '2023-11-13 16:06:10', '2023-11-26 02:04:20', 'Mozilla/5.0 (Macintosh; Intel Mac OS X 10_15_7) AppleWebKit/537.36 (KHTML, like Gecko) Chrome/114.0.0.0 Safari/537.36'),
('abbyk', 1252915993, '2023-09-12 18:06:14', '2023-11-10 09:17:34', 'Mozilla/5.0 (X11; Ubuntu; Linux x86_64; rv:109.0) Gecko/20100101 Firefox/110.0'),
('abbyk', 1118505443, '2023-10-11 13:31:52', '2023-12-17 22:01:26', 'Mozilla/5.0 (Windows NT 6.1) AppleWebKit/537.36 (KHTML, like Gecko) Chrome/109.0.0.0 Safari/537.36 OPR/95.0.0.0 (Edition Campaign 34)Mozilla/5.0 (Macintosh; Intel Mac OS X 10_15_7) AppleWebKit/605.1.15 (KHTML, like Gecko) Version/16.5 Safari/605.1.1'),
('abbye16', 3125975076, '2023-09-22 13:32:42', '2023-10-14 07:39:36', 'Mozilla/5.0 (Windows NT 6.1) AppleWebKit/537.36 (KHTML, like Gecko) Chrome/109.0.0.0 Safari/537.36 OPR/95.0.0.0 (Edition Campaign 34)Mozilla/5.0 (Macintosh; Intel Mac OS X 10_15_7) AppleWebKit/605.1.15 (KHTML, like Gecko) Version/16.5 Safari/605.1.1'),
('abbye16', 2944946616, '2023-12-01 14:26:35', '2023-12-26 11:58:24', 'Mozilla/5.0 (X11; Linux x86_64; rv:109.0) Gecko/20100101 Firefox/114.0'),
('abbye16', 1582452208, '2023-10-13 15:44:04', '2023-12-09 01:00:02', 'Mozilla/5.0 (X11; Linux x86_64; rv:109.0) Gecko/20100101 Firefox/114.0'),
('abbye16', 1229092485, '2023-09-25 19:39:35', '2023-12-10 02:26:04', 'Mozilla/5.0 (X11; Ubuntu; Linux x86_64; rv:109.0) Gecko/20100101 Firefox/114.0'),
('abbye16', 4041425738, '2023-09-20 02:27:04', '2023-10-09 19:37:18', 'Mozilla/5.0 (X11; Ubuntu; Linux x86_64; rv:109.0) Gecko/20100101 Firefox/114.0'),
('abbye16', 268235591, '2023-09-14 21:01:38', '2023-09-16 12:12:16', 'Mozilla/5.0 (X11; Linux x86_64; rv:109.0) Gecko/20100101 Firefox/114.0'),
('abdalla5e', 1719327191, '2023-11-10 20:39:29', '2023-11-17 20:39:13', 'Mozilla/5.0 (Windows NT 10.0; Win64; x64) AppleWebKit/537.36 (KHTML, like Gecko) Chrome/114.0.0.0 Safari/537.36 Edg/114.0.1823.51'),
('abdalla5e', 42826037, '2023-11-05 06:00:27', '2024-01-23 07:24:28', 'Mozilla/5.0 (X11; Linux aarch64) AppleWebKit/537.36 (KHTML, like Gecko) Chrome/111.0.0.0 Safari/537.36Mozilla/5.0 (X11; CrOS x86_64 14541.0.0) AppleWebKit/537.36 (KHTML, like Gecko) Chrome/114.0.0.0 Safari/537.36'),
('abdalla5e', 3114314833, '2023-09-29 16:11:11', '2023-10-04 08:29:23', 'Mozilla/5.0 (Macintosh; Intel Mac OS X 10_15_7) AppleWebKit/537.36 (KHTML, like Gecko) Chrome/114.0.0.0 Safari/537.36'),
('abdallah2lDYv', 862805773, '2023-09-23 23:54:03', '2023-11-06 12:35:11', 'Mozilla/5.0 (Windows NT 10.0; Win64; x64) AppleWebKit/537.36 (KHTML, like Gecko) Chrome/114.0.0.0 Safari/537.36'),
('abdallah2lDYv', 1136742966, '2023-10-25 20:59:41', '2023-12-01 13:25:17', 'Mozilla/5.0 (X11; Linux aarch64) AppleWebKit/537.36 (KHTML, like Gecko) Chrome/111.0.0.0 Safari/537.36Mozilla/5.0 (X11; CrOS x86_64 14541.0.0) AppleWebKit/537.36 (KHTML, like Gecko) Chrome/114.0.0.0 Safari/537.36'),
('abdulRNc', 684421506, '2023-09-20 19:51:01', '2023-09-28 21:13:19', 'Mozilla/5.0 (Windows NT 10.0; Win64; x64) AppleWebKit/537.36 (KHTML, like Gecko) Chrome/114.0.0.0 Safari/537.36'),
('abejvDJC', 2171172106, '2023-09-18 02:11:25', '2023-09-24 05:07:41', 'Mozilla/5.0 (X11; Linux x86_64; rv:109.0) Gecko/20100101 Firefox/114.0'),
('abejvDJC', 3442715755, '2023-09-11 21:53:27', '2023-11-10 17:25:47', 'Mozilla/5.0 (Windows NT 10.0; Win64; x64) AppleWebKit/537.36 (KHTML, like Gecko) Chrome/114.0.0.0 Safari/537.36'),
('abejvDJC', 4244135786, '2023-09-27 17:26:01', '2023-09-27 20:53:33', 'Mozilla/5.0 (X11; Linux x86_64) AppleWebKit/537.36 (KHTML, like Gecko) Chrome/114.0.0.0 Safari/537.36'),
('abiaZv', 2588650748, '2023-09-12 12:26:32', '2023-10-05 12:15:27', 'Mozilla/5.0 (Windows NT 10.0; Win64; x64; rv:109.0) Gecko/20100101 Firefox/114.0'),
('abiaZv', 4256861015, '2023-09-20 07:23:46', '2023-11-13 13:10:59', 'Mozilla/5.0 (X11; Ubuntu; Linux x86_64; rv:109.0) Gecko/20100101 Firefox/110.0'),
('abiaZv', 799313624, '2023-10-29 12:34:21', '2024-01-24 15:55:40', 'Mozilla/5.0 (Windows NT 10.0; Win64; x64; rv:109.0) Gecko/20100101 Firefox/114.0'),
('abiaZv', 340815855, '2023-09-19 10:48:33', '2023-12-01 06:49:11', 'Mozilla/5.0 (Macintosh; Intel Mac OS X 10_15_7) AppleWebKit/537.36 (KHTML, like Gecko) Chrome/114.0.0.0 Safari/537.36'),
('abiaZv', 351760433, '2023-10-02 00:54:04', '2023-10-11 03:18:41', 'Mozilla/5.0 (Windows NT 10.0; Win64; x64) AppleWebKit/537.36 (KHTML, like Gecko) Chrome/114.0.0.0 Safari/537.36 Edg/114.0.1823.51'),
('abigaelrWm', 500337494, '2023-11-03 21:47:34', '2023-11-10 06:53:45', 'Mozilla/5.0 (X11; Linux aarch64) AppleWebKit/537.36 (KHTML, like Gecko) Chrome/111.0.0.0 Safari/537.36Mozilla/5.0 (X11; CrOS x86_64 14541.0.0) AppleWebKit/537.36 (KHTML, like Gecko) Chrome/114.0.0.0 Safari/537.36'),
('abigaelrWm', 2927084679, '2023-09-17 15:55:18', '2023-09-23 00:17:38', 'Mozilla/5.0 (Windows NT 6.1) AppleWebKit/537.36 (KHTML, like Gecko) Chrome/109.0.0.0 Safari/537.36 OPR/95.0.0.0 (Edition Campaign 34)Mozilla/5.0 (Macintosh; Intel Mac OS X 10_15_7) AppleWebKit/605.1.15 (KHTML, like Gecko) Version/16.5 Safari/605.1.1'),
('abigaelrWm', 492010665, '2023-10-10 01:15:38', '2023-11-06 15:21:41', 'Mozilla/5.0 (Windows NT 10.0; Win64; x64) AppleWebKit/537.36 (KHTML, like Gecko) Chrome/114.0.0.0 Safari/537.36'),
('abigaelrWm', 2506469976, '2023-10-02 06:43:39', '2023-12-18 10:45:09', 'Mozilla/5.0 (Windows NT 6.1) AppleWebKit/537.36 (KHTML, like Gecko) Chrome/109.0.0.0 Safari/537.36 OPR/95.0.0.0 (Edition Campaign 34)Mozilla/5.0 (Macintosh; Intel Mac OS X 10_15_7) AppleWebKit/605.1.15 (KHTML, like Gecko) Version/16.5 Safari/605.1.1'),
('abigaelrWm', 3650051619, '2023-09-25 00:52:40', '2023-11-08 05:37:15', 'Mozilla/5.0 (Macintosh; Intel Mac OS X 10_15_7) AppleWebKit/537.36 (KHTML, like Gecko) Chrome/114.0.0.0 Safari/537.36'),
('abigaelrWm', 2885673838, '2023-11-28 07:22:33', '2023-12-21 23:46:26', 'Mozilla/5.0 (Windows NT 10.0; Win64; x64) AppleWebKit/537.36 (KHTML, like Gecko) Chrome/114.0.0.0 Safari/537.36 Edg/114.0.1823.51'),
('abigaelrWm', 1307255976, '2023-09-18 02:32:59', '2023-09-29 05:03:35', 'Mozilla/5.0 (X11; Ubuntu; Linux x86_64; rv:109.0) Gecko/20100101 Firefox/110.0'),
('abigaelrWm', 3219797639, '2023-10-20 07:08:05', '2023-11-29 14:02:04', 'Mozilla/5.0 (Windows NT 10.0; Win64; x64; rv:109.0) Gecko/20100101 Firefox/114.0'),
('abigail6CA', 1402076504, '2023-11-25 23:49:40', '2024-01-01 05:01:34', 'Mozilla/5.0 (X11; Ubuntu; Linux x86_64; rv:109.0) Gecko/20100101 Firefox/110.0'),
('abigail6CA', 1139192898, '2023-10-11 22:40:22', '2023-10-14 21:15:57', 'Mozilla/5.0 (Windows NT 6.1) AppleWebKit/537.36 (KHTML, like Gecko) Chrome/109.0.0.0 Safari/537.36 OPR/95.0.0.0 (Edition Campaign 34)Mozilla/5.0 (Macintosh; Intel Mac OS X 10_15_7) AppleWebKit/605.1.15 (KHTML, like Gecko) Version/16.5 Safari/605.1.1'),
('abigail6CA', 2958516782, '2023-09-25 01:26:08', '2023-10-10 16:23:11', 'Mozilla/5.0 (X11; Ubuntu; Linux x86_64; rv:109.0) Gecko/20100101 Firefox/110.0'),
('abigail6CA', 2685258375, '2023-10-09 06:05:50', '2023-10-16 08:49:17', 'Mozilla/5.0 (X11; Ubuntu; Linux x86_64; rv:109.0) Gecko/20100101 Firefox/114.0'),
('abigail6CA', 4292171035, '2023-10-01 15:28:23', '2023-10-05 08:06:26', 'Mozilla/5.0 (X11; Linux x86_64) AppleWebKit/537.36 (KHTML, like Gecko) Chrome/114.0.0.0 Safari/537.36'),
('abigail6CA', 3526084667, '2023-12-07 03:56:54', '2024-02-23 16:39:15', 'Mozilla/5.0 (X11; Linux x86_64) AppleWebKit/537.36 (KHTML, like Gecko) Chrome/114.0.0.0 Safari/537.36'),
('abigail6CA', 1451603882, '2023-10-02 09:38:52', '2023-10-11 06:14:49', 'Mozilla/5.0 (Macintosh; Intel Mac OS X 10_15_7) AppleWebKit/537.36 (KHTML, like Gecko) Chrome/114.0.0.0 Safari/537.36'),
('abigaleq', 812292374, '2023-09-16 06:23:57', '2023-09-27 20:33:01', 'Mozilla/5.0 (X11; Linux x86_64) AppleWebKit/537.36 (KHTML, like Gecko) Chrome/114.0.0.0 Safari/537.36'),
('abraLH', 1975294965, '2023-10-11 23:10:39', '2023-10-18 11:30:00', 'Mozilla/5.0 (X11; Ubuntu; Linux x86_64; rv:109.0) Gecko/20100101 Firefox/114.0'),
('abraLH', 138430171, '2023-10-06 17:42:27', '2023-10-17 06:06:48', 'Mozilla/5.0 (Macintosh; Intel Mac OS X 10_15_7) AppleWebKit/537.36 (KHTML, like Gecko) Chrome/114.0.0.0 Safari/537.36'),
('abraLH', 2171432467, '2023-10-03 01:19:21', '2023-11-03 21:32:12', 'Mozilla/5.0 (X11; Ubuntu; Linux x86_64; rv:109.0) Gecko/20100101 Firefox/114.0'),
('abraLH', 1292695838, '2023-09-14 06:28:36', '2023-09-22 00:40:43', 'Mozilla/5.0 (Windows NT 10.0; Win64; x64) AppleWebKit/537.36 (KHTML, like Gecko) Chrome/114.0.0.0 Safari/537.36 Edg/114.0.1823.51'),
('abraLH', 661008365, '2023-09-25 19:31:08', '2023-12-20 19:51:58', 'Mozilla/5.0 (Windows NT 6.1) AppleWebKit/537.36 (KHTML, like Gecko) Chrome/109.0.0.0 Safari/537.36 OPR/95.0.0.0 (Edition Campaign 34)Mozilla/5.0 (Macintosh; Intel Mac OS X 10_15_7) AppleWebKit/605.1.15 (KHTML, like Gecko) Version/16.5 Safari/605.1.1'),
('abrahamnNCN', 1757503815, '2023-12-07 11:59:40', '2024-01-20 03:22:04', 'Mozilla/5.0 (X11; Ubuntu; Linux x86_64; rv:109.0) Gecko/20100101 Firefox/114.0'),
('abrahamnNCN', 1631398165, '2023-10-14 18:56:18', '2023-10-23 20:44:09', 'Mozilla/5.0 (Windows NT 10.0; Win64; x64) AppleWebKit/537.36 (KHTML, like Gecko) Chrome/114.0.0.0 Safari/537.36 Edg/114.0.1823.51'),
('abrahamnNCN', 1453543875, '2023-10-13 19:14:43', '2023-12-28 14:54:01', 'Mozilla/5.0 (Macintosh; Intel Mac OS X 10_15_7) AppleWebKit/537.36 (KHTML, like Gecko) Chrome/114.0.0.0 Safari/537.36'),
('abrahamnNCN', 724652606, '2023-11-04 01:52:26', '2023-11-24 23:29:22', 'Mozilla/5.0 (X11; Ubuntu; Linux x86_64; rv:109.0) Gecko/20100101 Firefox/114.0'),
('abrahamnNCN', 3088624267, '2023-10-04 09:48:34', '2023-10-15 22:55:39', 'Mozilla/5.0 (Windows NT 10.0; Win64; x64) AppleWebKit/537.36 (KHTML, like Gecko) Chrome/114.0.0.0 Safari/537.36 Edg/114.0.1823.51'),
('abrahamnNCN', 671579752, '2023-09-20 11:42:20', '2023-09-21 23:04:37', 'Mozilla/5.0 (X11; Linux x86_64; rv:109.0) Gecko/20100101 Firefox/114.0'),
('abrahamnNCN', 3575955663, '2023-10-15 17:24:56', '2023-10-19 13:06:32', 'Mozilla/5.0 (X11; Linux aarch64) AppleWebKit/537.36 (KHTML, like Gecko) Chrome/111.0.0.0 Safari/537.36Mozilla/5.0 (X11; CrOS x86_64 14541.0.0) AppleWebKit/537.36 (KHTML, like Gecko) Chrome/114.0.0.0 Safari/537.36'),
('abrahamnNCN', 1978367722, '2023-10-09 22:26:21', '2023-10-13 21:20:54', 'Mozilla/5.0 (X11; Ubuntu; Linux x86_64; rv:109.0) Gecko/20100101 Firefox/114.0'),
('abrahamnNCN', 2432295471, '2023-10-25 10:46:41', '2023-11-12 18:34:47', 'Mozilla/5.0 (X11; Ubuntu; Linux x86_64; rv:109.0) Gecko/20100101 Firefox/110.0'),
('abram5Ry', 1780201194, '2023-09-23 18:41:12', '2023-11-13 23:05:20', 'Mozilla/5.0 (Windows NT 6.1) AppleWebKit/537.36 (KHTML, like Gecko) Chrome/109.0.0.0 Safari/537.36 OPR/95.0.0.0 (Edition Campaign 34)Mozilla/5.0 (Macintosh; Intel Mac OS X 10_15_7) AppleWebKit/605.1.15 (KHTML, like Gecko) Version/16.5 Safari/605.1.1'),
('abram5Ry', 1851667003, '2023-09-11 14:02:13', '2023-10-21 11:36:42', 'Mozilla/5.0 (X11; Linux x86_64; rv:109.0) Gecko/20100101 Firefox/114.0'),
('abree0ned', 3087087366, '2023-10-04 21:55:01', '2023-12-20 13:54:03', 'Mozilla/5.0 (Windows NT 10.0; Win64; x64) AppleWebKit/537.36 (KHTML, like Gecko) Chrome/114.0.0.0 Safari/537.36'),
('abree0ned', 1803495310, '2023-10-11 08:03:59', '2023-11-25 18:48:55', 'Mozilla/5.0 (Windows NT 6.1) AppleWebKit/537.36 (KHTML, like Gecko) Chrome/109.0.0.0 Safari/537.36 OPR/95.0.0.0 (Edition Campaign 34)Mozilla/5.0 (Macintosh; Intel Mac OS X 10_15_7) AppleWebKit/605.1.15 (KHTML, like Gecko) Version/16.5 Safari/605.1.1'),
('abree0ned', 4288108297, '2023-10-26 23:46:38', '2023-12-05 22:13:43', 'Mozilla/5.0 (Windows NT 10.0; Win64; x64; rv:109.0) Gecko/20100101 Firefox/114.0'),
('abree0ned', 1654625802, '2023-09-13 18:27:32', '2023-09-18 20:49:53', 'Mozilla/5.0 (Windows NT 10.0; Win64; x64) AppleWebKit/537.36 (KHTML, like Gecko) Chrome/114.0.0.0 Safari/537.36 Edg/114.0.1823.51'),
('abree0ned', 880370474, '2023-10-17 12:51:02', '2023-11-20 18:21:07', 'Mozilla/5.0 (Windows NT 6.1) AppleWebKit/537.36 (KHTML, like Gecko) Chrome/109.0.0.0 Safari/537.36 OPR/95.0.0.0 (Edition Campaign 34)Mozilla/5.0 (Macintosh; Intel Mac OS X 10_15_7) AppleWebKit/605.1.15 (KHTML, like Gecko) Version/16.5 Safari/605.1.1'),
('abree0ned', 336171045, '2023-11-14 14:54:31', '2023-12-02 20:00:20', 'Mozilla/5.0 (X11; Linux aarch64) AppleWebKit/537.36 (KHTML, like Gecko) Chrome/111.0.0.0 Safari/537.36Mozilla/5.0 (X11; CrOS x86_64 14541.0.0) AppleWebKit/537.36 (KHTML, like Gecko) Chrome/114.0.0.0 Safari/537.36'),
('abree0ned', 3094830937, '2023-09-19 07:43:53', '2023-10-04 04:47:49', 'Mozilla/5.0 (X11; Linux aarch64) AppleWebKit/537.36 (KHTML, like Gecko) Chrome/111.0.0.0 Safari/537.36Mozilla/5.0 (X11; CrOS x86_64 14541.0.0) AppleWebKit/537.36 (KHTML, like Gecko) Chrome/114.0.0.0 Safari/537.36'),
('abree0ned', 326602757, '2023-09-12 03:45:58', '2023-09-24 22:48:39', 'Mozilla/5.0 (Windows NT 10.0; Win64; x64) AppleWebKit/537.36 (KHTML, like Gecko) Chrome/114.0.0.0 Safari/537.36'),
('abriannavY', 661847925, '2023-10-08 09:58:20', '2023-11-08 23:01:04', 'Mozilla/5.0 (Windows NT 10.0; Win64; x64) AppleWebKit/537.36 (KHTML, like Gecko) Chrome/114.0.0.0 Safari/537.36'),
('abriannavY', 3766255368, '2023-11-15 11:50:54', '2023-12-11 23:12:12', 'Mozilla/5.0 (Macintosh; Intel Mac OS X 10_15_7) AppleWebKit/537.36 (KHTML, like Gecko) Chrome/114.0.0.0 Safari/537.36'),
('abriannavY', 2608197405, '2023-11-02 16:33:21', '2023-11-03 05:17:44', 'Mozilla/5.0 (X11; Linux x86_64; rv:109.0) Gecko/20100101 Firefox/114.0'),
('abriannavY', 746372815, '2023-09-16 17:20:00', '2023-11-03 09:25:44', 'Mozilla/5.0 (Windows NT 6.1) AppleWebKit/537.36 (KHTML, like Gecko) Chrome/109.0.0.0 Safari/537.36 OPR/95.0.0.0 (Edition Campaign 34)Mozilla/5.0 (Macintosh; Intel Mac OS X 10_15_7) AppleWebKit/605.1.15 (KHTML, like Gecko) Version/16.5 Safari/605.1.1'),
('abriannavY', 3213979794, '2023-10-16 04:23:32', '2023-10-31 14:26:13', 'Mozilla/5.0 (Windows NT 6.1) AppleWebKit/537.36 (KHTML, like Gecko) Chrome/109.0.0.0 Safari/537.36 OPR/95.0.0.0 (Edition Campaign 34)Mozilla/5.0 (Macintosh; Intel Mac OS X 10_15_7) AppleWebKit/605.1.15 (KHTML, like Gecko) Version/16.5 Safari/605.1.1'),
('abriannavY', 720194818, '2023-09-20 04:01:13', '2023-11-24 23:19:23', 'Mozilla/5.0 (X11; Linux aarch64) AppleWebKit/537.36 (KHTML, like Gecko) Chrome/111.0.0.0 Safari/537.36Mozilla/5.0 (X11; CrOS x86_64 14541.0.0) AppleWebKit/537.36 (KHTML, like Gecko) Chrome/114.0.0.0 Safari/537.36'),
('abrielNKWG', 1391821943, '2023-09-18 15:09:02', '2023-10-04 15:31:31', 'Mozilla/5.0 (Windows NT 6.1) AppleWebKit/537.36 (KHTML, like Gecko) Chrome/109.0.0.0 Safari/537.36 OPR/95.0.0.0 (Edition Campaign 34)Mozilla/5.0 (Macintosh; Intel Mac OS X 10_15_7) AppleWebKit/605.1.15 (KHTML, like Gecko) Version/16.5 Safari/605.1.1'),
('abrielNKWG', 338103550, '2023-09-19 21:48:43', '2023-11-28 22:41:21', 'Mozilla/5.0 (X11; Ubuntu; Linux x86_64; rv:109.0) Gecko/20100101 Firefox/114.0'),
('abrielleoKvo', 3145249744, '2023-10-11 23:20:29', '2023-10-17 05:30:10', 'Mozilla/5.0 (Windows NT 6.1) AppleWebKit/537.36 (KHTML, like Gecko) Chrome/109.0.0.0 Safari/537.36 OPR/95.0.0.0 (Edition Campaign 34)Mozilla/5.0 (Macintosh; Intel Mac OS X 10_15_7) AppleWebKit/605.1.15 (KHTML, like Gecko) Version/16.5 Safari/605.1.1'),
('abrielleoKvo', 3639104777, '2023-11-02 01:43:09', '2023-11-12 23:58:38', 'Mozilla/5.0 (X11; Ubuntu; Linux x86_64; rv:109.0) Gecko/20100101 Firefox/110.0'),
('abrielleoKvo', 397884327, '2023-09-13 15:25:49', '2023-09-24 18:23:39', 'Mozilla/5.0 (Windows NT 6.1) AppleWebKit/537.36 (KHTML, like Gecko) Chrome/109.0.0.0 Safari/537.36 OPR/95.0.0.0 (Edition Campaign 34)Mozilla/5.0 (Macintosh; Intel Mac OS X 10_15_7) AppleWebKit/605.1.15 (KHTML, like Gecko) Version/16.5 Safari/605.1.1'),
('abuEVvO', 2251328351, '2023-09-14 07:12:54', '2023-09-14 16:34:33', 'Mozilla/5.0 (Windows NT 10.0; Win64; x64) AppleWebKit/537.36 (KHTML, like Gecko) Chrome/114.0.0.0 Safari/537.36 Edg/114.0.1823.51'),
('abuEVvO', 3599398250, '2023-09-14 21:03:18', '2023-10-02 12:08:11', 'Mozilla/5.0 (Windows NT 10.0; Win64; x64) AppleWebKit/537.36 (KHTML, like Gecko) Chrome/114.0.0.0 Safari/537.36 Edg/114.0.1823.51'),
('abuEVvO', 3788349416, '2023-10-10 17:43:55', '2023-10-14 15:41:31', 'Mozilla/5.0 (Windows NT 10.0; Win64; x64; rv:109.0) Gecko/20100101 Firefox/114.0'),
('abuEVvO', 1744496918, '2023-09-20 06:47:08', '2023-09-20 20:22:05', 'Mozilla/5.0 (Windows NT 10.0; Win64; x64; rv:109.0) Gecko/20100101 Firefox/114.0'),
('abuEVvO', 2035806227, '2023-09-20 15:39:45', '2023-11-09 21:59:40', 'Mozilla/5.0 (Windows NT 6.1) AppleWebKit/537.36 (KHTML, like Gecko) Chrome/109.0.0.0 Safari/537.36 OPR/95.0.0.0 (Edition Campaign 34)Mozilla/5.0 (Macintosh; Intel Mac OS X 10_15_7) AppleWebKit/605.1.15 (KHTML, like Gecko) Version/16.5 Safari/605.1.1'),
('abuEVvO', 204432044, '2023-10-14 13:55:48', '2023-10-15 19:25:53', 'Mozilla/5.0 (X11; Ubuntu; Linux x86_64; rv:109.0) Gecko/20100101 Firefox/114.0'),
('abuEVvO', 3277717049, '2023-09-13 04:53:37', '2023-09-22 04:22:36', 'Mozilla/5.0 (X11; Ubuntu; Linux x86_64; rv:109.0) Gecko/20100101 Firefox/110.0'),
('abyrb', 1234366463, '2023-10-29 17:32:11', '2023-11-26 21:32:37', 'Mozilla/5.0 (Windows NT 6.1) AppleWebKit/537.36 (KHTML, like Gecko) Chrome/109.0.0.0 Safari/537.36 OPR/95.0.0.0 (Edition Campaign 34)Mozilla/5.0 (Macintosh; Intel Mac OS X 10_15_7) AppleWebKit/605.1.15 (KHTML, like Gecko) Version/16.5 Safari/605.1.1'),
('abyrb', 4057315124, '2023-10-13 06:26:22', '2023-12-06 08:09:25', 'Mozilla/5.0 (X11; Linux x86_64; rv:109.0) Gecko/20100101 Firefox/114.0'),
('acaciamD', 2519143665, '2023-09-29 10:29:18', '2023-10-12 10:09:11', 'Mozilla/5.0 (X11; Linux x86_64) AppleWebKit/537.36 (KHTML, like Gecko) Chrome/114.0.0.0 Safari/537.36'),
('acaciamD', 2133436255, '2023-09-22 20:31:54', '2023-10-02 22:37:01', 'Mozilla/5.0 (X11; Linux aarch64) AppleWebKit/537.36 (KHTML, like Gecko) Chrome/111.0.0.0 Safari/537.36Mozilla/5.0 (X11; CrOS x86_64 14541.0.0) AppleWebKit/537.36 (KHTML, like Gecko) Chrome/114.0.0.0 Safari/537.36'),
('accountingu', 475509290, '2023-09-11 02:49:45', '2023-10-24 02:10:44', 'Mozilla/5.0 (Macintosh; Intel Mac OS X 10_15_7) AppleWebKit/537.36 (KHTML, like Gecko) Chrome/114.0.0.0 Safari/537.36'),
('accountingu', 2460351651, '2023-10-19 20:34:02', '2023-11-09 14:36:21', 'Mozilla/5.0 (Windows NT 10.0; Win64; x64) AppleWebKit/537.36 (KHTML, like Gecko) Chrome/114.0.0.0 Safari/537.36 Edg/114.0.1823.51'),
('accountingu', 2432179947, '2023-10-11 19:53:55', '2023-12-11 02:40:09', 'Mozilla/5.0 (X11; Linux x86_64; rv:109.0) Gecko/20100101 Firefox/114.0'),
('accountingu', 4200600354, '2023-10-15 02:03:47', '2023-10-31 23:04:11', 'Mozilla/5.0 (Windows NT 10.0; Win64; x64) AppleWebKit/537.36 (KHTML, like Gecko) Chrome/114.0.0.0 Safari/537.36'),
('accountingu', 3321292174, '2023-09-16 02:41:57', '2023-09-22 02:48:56', 'Mozilla/5.0 (Windows NT 10.0; Win64; x64) AppleWebKit/537.36 (KHTML, like Gecko) Chrome/114.0.0.0 Safari/537.36'),
('accountingu', 3972699857, '2023-10-12 20:20:22', '2023-11-26 22:37:24', 'Mozilla/5.0 (Macintosh; Intel Mac OS X 10_15_7) AppleWebKit/537.36 (KHTML, like Gecko) Chrome/114.0.0.0 Safari/537.36'),
('accountingu', 2634467115, '2023-10-12 03:07:50', '2023-10-31 22:33:36', 'Mozilla/5.0 (X11; Linux x86_64) AppleWebKit/537.36 (KHTML, like Gecko) Chrome/114.0.0.0 Safari/537.36'),
('accountingu', 633232440, '2023-10-04 00:25:03', '2023-10-24 03:06:58', 'Mozilla/5.0 (X11; Linux aarch64) AppleWebKit/537.36 (KHTML, like Gecko) Chrome/111.0.0.0 Safari/537.36Mozilla/5.0 (X11; CrOS x86_64 14541.0.0) AppleWebKit/537.36 (KHTML, like Gecko) Chrome/114.0.0.0 Safari/537.36'),
('accountingu', 2945206615, '2023-10-15 21:02:59', '2023-10-26 16:19:02', 'Mozilla/5.0 (Windows NT 10.0; Win64; x64) AppleWebKit/537.36 (KHTML, like Gecko) Chrome/114.0.0.0 Safari/537.36'),
('acesl', 229900667, '2023-09-15 10:49:22', '2023-09-16 14:41:49', 'Mozilla/5.0 (X11; Linux aarch64) AppleWebKit/537.36 (KHTML, like Gecko) Chrome/111.0.0.0 Safari/537.36Mozilla/5.0 (X11; CrOS x86_64 14541.0.0) AppleWebKit/537.36 (KHTML, like Gecko) Chrome/114.0.0.0 Safari/537.36'),
('acesl', 2239483699, '2023-10-09 00:35:33', '2023-10-10 16:38:48', 'Mozilla/5.0 (X11; Linux x86_64; rv:109.0) Gecko/20100101 Firefox/114.0'),
('acesl', 630339761, '2023-11-26 07:58:24', '2024-01-08 19:10:12', 'Mozilla/5.0 (X11; Ubuntu; Linux x86_64; rv:109.0) Gecko/20100101 Firefox/110.0'),
('achalbkG', 732914832, '2023-11-17 17:02:57', '2024-01-02 07:19:27', 'Mozilla/5.0 (Macintosh; Intel Mac OS X 10_15_7) AppleWebKit/537.36 (KHTML, like Gecko) Chrome/114.0.0.0 Safari/537.36'),
('achalbkG', 1403506639, '2023-11-08 08:46:03', '2023-12-03 19:56:06', 'Mozilla/5.0 (X11; Ubuntu; Linux x86_64; rv:109.0) Gecko/20100101 Firefox/114.0'),
('achalbkG', 2556376476, '2023-10-02 14:47:12', '2023-11-13 21:02:11', 'Mozilla/5.0 (Windows NT 10.0; Win64; x64; rv:109.0) Gecko/20100101 Firefox/114.0'),
('achammaFtwp5', 3380776868, '2023-09-29 11:25:05', '2023-10-12 05:07:03', 'Mozilla/5.0 (X11; Linux aarch64) AppleWebKit/537.36 (KHTML, like Gecko) Chrome/111.0.0.0 Safari/537.36Mozilla/5.0 (X11; CrOS x86_64 14541.0.0) AppleWebKit/537.36 (KHTML, like Gecko) Chrome/114.0.0.0 Safari/537.36'),
('achammaFtwp5', 4182792184, '2023-12-13 12:41:44', '2024-02-02 12:58:52', 'Mozilla/5.0 (Windows NT 10.0; Win64; x64) AppleWebKit/537.36 (KHTML, like Gecko) Chrome/114.0.0.0 Safari/537.36'),
('achammaFtwp5', 2808423530, '2023-10-17 21:08:35', '2023-10-25 07:05:02', 'Mozilla/5.0 (Windows NT 6.1) AppleWebKit/537.36 (KHTML, like Gecko) Chrome/109.0.0.0 Safari/537.36 OPR/95.0.0.0 (Edition Campaign 34)Mozilla/5.0 (Macintosh; Intel Mac OS X 10_15_7) AppleWebKit/605.1.15 (KHTML, like Gecko) Version/16.5 Safari/605.1.1'),
('achammaFtwp5', 1993946113, '2023-10-08 05:05:44', '2023-10-08 10:20:23', 'Mozilla/5.0 (X11; Linux x86_64) AppleWebKit/537.36 (KHTML, like Gecko) Chrome/114.0.0.0 Safari/537.36'),
('action5h9z1', 2889421629, '2023-12-07 17:58:46', '2024-01-29 14:18:43', 'Mozilla/5.0 (X11; Linux x86_64; rv:109.0) Gecko/20100101 Firefox/114.0'),
('action5h9z1', 2244163410, '2023-10-06 19:09:53', '2023-10-06 19:13:22', 'Mozilla/5.0 (Macintosh; Intel Mac OS X 10_15_7) AppleWebKit/537.36 (KHTML, like Gecko) Chrome/114.0.0.0 Safari/537.36'),
('action5h9z1', 2690926897, '2023-10-24 22:41:06', '2023-12-23 03:21:13', 'Mozilla/5.0 (X11; Ubuntu; Linux x86_64; rv:109.0) Gecko/20100101 Firefox/110.0'),
('action5h9z1', 3126577820, '2023-09-30 03:33:18', '2023-10-03 00:36:25', 'Mozilla/5.0 (X11; Linux x86_64) AppleWebKit/537.36 (KHTML, like Gecko) Chrome/114.0.0.0 Safari/537.36'),
('action5h9z1', 74276601, '2023-09-14 01:50:15', '2023-09-19 05:10:33', 'Mozilla/5.0 (X11; Linux aarch64) AppleWebKit/537.36 (KHTML, like Gecko) Chrome/111.0.0.0 Safari/537.36Mozilla/5.0 (X11; CrOS x86_64 14541.0.0) AppleWebKit/537.36 (KHTML, like Gecko) Chrome/114.0.0.0 Safari/537.36'),
('action5h9z1', 2291129080, '2023-09-29 15:26:24', '2023-10-20 07:52:08', 'Mozilla/5.0 (Windows NT 10.0; Win64; x64) AppleWebKit/537.36 (KHTML, like Gecko) Chrome/114.0.0.0 Safari/537.36 Edg/114.0.1823.51'),
('action5h9z1', 953530542, '2023-09-12 10:34:38', '2023-09-21 03:09:45', 'Mozilla/5.0 (Windows NT 6.1) AppleWebKit/537.36 (KHTML, like Gecko) Chrome/109.0.0.0 Safari/537.36 OPR/95.0.0.0 (Edition Campaign 34)Mozilla/5.0 (Macintosh; Intel Mac OS X 10_15_7) AppleWebKit/605.1.15 (KHTML, like Gecko) Version/16.5 Safari/605.1.1'),
('adaB1', 2843666402, '2023-10-27 08:42:19', '2024-01-19 03:09:12', 'Mozilla/5.0 (Windows NT 6.1) AppleWebKit/537.36 (KHTML, like Gecko) Chrome/109.0.0.0 Safari/537.36 OPR/95.0.0.0 (Edition Campaign 34)Mozilla/5.0 (Macintosh; Intel Mac OS X 10_15_7) AppleWebKit/605.1.15 (KHTML, like Gecko) Version/16.5 Safari/605.1.1'),
('adaB1', 1296262750, '2023-11-27 15:16:01', '2023-12-15 23:15:37', 'Mozilla/5.0 (X11; Linux aarch64) AppleWebKit/537.36 (KHTML, like Gecko) Chrome/111.0.0.0 Safari/537.36Mozilla/5.0 (X11; CrOS x86_64 14541.0.0) AppleWebKit/537.36 (KHTML, like Gecko) Chrome/114.0.0.0 Safari/537.36'),
('adaB1', 1785906761, '2023-10-07 18:55:46', '2023-10-07 22:03:05', 'Mozilla/5.0 (X11; Linux x86_64; rv:109.0) Gecko/20100101 Firefox/114.0'),
('adaB1', 2552380185, '2023-10-07 15:15:53', '2023-10-16 20:58:08', 'Mozilla/5.0 (X11; Linux aarch64) AppleWebKit/537.36 (KHTML, like Gecko) Chrome/111.0.0.0 Safari/537.36Mozilla/5.0 (X11; CrOS x86_64 14541.0.0) AppleWebKit/537.36 (KHTML, like Gecko) Chrome/114.0.0.0 Safari/537.36'),
('adaB1', 1419992319, '2023-10-16 17:29:10', '2023-10-26 04:47:42', 'Mozilla/5.0 (Windows NT 10.0; Win64; x64) AppleWebKit/537.36 (KHTML, like Gecko) Chrome/114.0.0.0 Safari/537.36'),
('adaB1', 1189477278, '2023-10-10 16:35:49', '2023-10-15 11:13:28', 'Mozilla/5.0 (X11; Linux x86_64; rv:109.0) Gecko/20100101 Firefox/114.0'),
('adahg5', 2180500285, '2023-11-22 04:25:06', '2024-01-20 21:25:38', 'Mozilla/5.0 (X11; Linux aarch64) AppleWebKit/537.36 (KHTML, like Gecko) Chrome/111.0.0.0 Safari/537.36Mozilla/5.0 (X11; CrOS x86_64 14541.0.0) AppleWebKit/537.36 (KHTML, like Gecko) Chrome/114.0.0.0 Safari/537.36'),
('adahg5', 4132438653, '2023-10-20 04:46:23', '2023-10-22 23:28:57', 'Mozilla/5.0 (Windows NT 6.1) AppleWebKit/537.36 (KHTML, like Gecko) Chrome/109.0.0.0 Safari/537.36 OPR/95.0.0.0 (Edition Campaign 34)Mozilla/5.0 (Macintosh; Intel Mac OS X 10_15_7) AppleWebKit/605.1.15 (KHTML, like Gecko) Version/16.5 Safari/605.1.1'),
('adairNxJ4', 760197076, '2023-09-22 10:47:20', '2023-10-26 08:51:49', 'Mozilla/5.0 (X11; Linux x86_64; rv:109.0) Gecko/20100101 Firefox/114.0'),
('adairNxJ4', 1373162819, '2023-10-13 08:12:59', '2023-12-25 14:04:19', 'Mozilla/5.0 (Windows NT 6.1) AppleWebKit/537.36 (KHTML, like Gecko) Chrome/109.0.0.0 Safari/537.36 OPR/95.0.0.0 (Edition Campaign 34)Mozilla/5.0 (Macintosh; Intel Mac OS X 10_15_7) AppleWebKit/605.1.15 (KHTML, like Gecko) Version/16.5 Safari/605.1.1'),
('adairNxJ4', 378863865, '2023-09-29 03:34:54', '2023-11-24 22:41:45', 'Mozilla/5.0 (Windows NT 10.0; Win64; x64; rv:109.0) Gecko/20100101 Firefox/114.0'),
('adairNxJ4', 3185894408, '2023-09-15 14:39:41', '2023-09-22 17:56:43', 'Mozilla/5.0 (X11; Linux x86_64; rv:109.0) Gecko/20100101 Firefox/114.0'),
('adairNxJ4', 3271530929, '2023-10-05 18:51:23', '2023-10-18 07:12:14', 'Mozilla/5.0 (Windows NT 6.1) AppleWebKit/537.36 (KHTML, like Gecko) Chrome/109.0.0.0 Safari/537.36 OPR/95.0.0.0 (Edition Campaign 34)Mozilla/5.0 (Macintosh; Intel Mac OS X 10_15_7) AppleWebKit/605.1.15 (KHTML, like Gecko) Version/16.5 Safari/605.1.1'),
('adairNxJ4', 2723196510, '2023-09-22 10:46:25', '2023-09-24 00:19:14', 'Mozilla/5.0 (X11; Linux aarch64) AppleWebKit/537.36 (KHTML, like Gecko) Chrome/111.0.0.0 Safari/537.36Mozilla/5.0 (X11; CrOS x86_64 14541.0.0) AppleWebKit/537.36 (KHTML, like Gecko) Chrome/114.0.0.0 Safari/537.36'),
('adalinex', 3977325098, '2023-10-04 23:44:02', '2023-12-17 15:28:17', 'Mozilla/5.0 (X11; Linux aarch64) AppleWebKit/537.36 (KHTML, like Gecko) Chrome/111.0.0.0 Safari/537.36Mozilla/5.0 (X11; CrOS x86_64 14541.0.0) AppleWebKit/537.36 (KHTML, like Gecko) Chrome/114.0.0.0 Safari/537.36'),
('adalinex', 410245089, '2023-09-27 14:59:46', '2023-11-24 08:10:53', 'Mozilla/5.0 (X11; Ubuntu; Linux x86_64; rv:109.0) Gecko/20100101 Firefox/114.0'),
('adalinex', 2817105887, '2023-09-11 18:55:33', '2023-10-12 15:54:13', 'Mozilla/5.0 (X11; Ubuntu; Linux x86_64; rv:109.0) Gecko/20100101 Firefox/110.0'),
('adalinex', 3028497127, '2023-10-30 00:40:43', '2023-10-31 05:48:17', 'Mozilla/5.0 (Windows NT 6.1) AppleWebKit/537.36 (KHTML, like Gecko) Chrome/109.0.0.0 Safari/537.36 OPR/95.0.0.0 (Edition Campaign 34)Mozilla/5.0 (Macintosh; Intel Mac OS X 10_15_7) AppleWebKit/605.1.15 (KHTML, like Gecko) Version/16.5 Safari/605.1.1'),
('adalynMjC1r', 1875323681, '2023-09-13 21:51:25', '2023-09-20 07:18:30', 'Mozilla/5.0 (X11; Ubuntu; Linux x86_64; rv:109.0) Gecko/20100101 Firefox/114.0'),
('adalynMjC1r', 2510308399, '2023-10-03 02:33:18', '2023-11-19 14:35:00', 'Mozilla/5.0 (Windows NT 6.1) AppleWebKit/537.36 (KHTML, like Gecko) Chrome/109.0.0.0 Safari/537.36 OPR/95.0.0.0 (Edition Campaign 34)Mozilla/5.0 (Macintosh; Intel Mac OS X 10_15_7) AppleWebKit/605.1.15 (KHTML, like Gecko) Version/16.5 Safari/605.1.1'),
('adalynMjC1r', 2543937039, '2023-09-21 22:37:11', '2023-11-03 10:52:15', 'Mozilla/5.0 (X11; Linux x86_64) AppleWebKit/537.36 (KHTML, like Gecko) Chrome/114.0.0.0 Safari/537.36'),
('adalynMjC1r', 3812779435, '2023-09-17 19:08:56', '2023-09-26 06:03:58', 'Mozilla/5.0 (Windows NT 6.1) AppleWebKit/537.36 (KHTML, like Gecko) Chrome/109.0.0.0 Safari/537.36 OPR/95.0.0.0 (Edition Campaign 34)Mozilla/5.0 (Macintosh; Intel Mac OS X 10_15_7) AppleWebKit/605.1.15 (KHTML, like Gecko) Version/16.5 Safari/605.1.1'),
('adalynMjC1r', 1490306108, '2023-09-26 16:36:41', '2023-12-03 01:42:25', 'Mozilla/5.0 (Windows NT 10.0; Win64; x64) AppleWebKit/537.36 (KHTML, like Gecko) Chrome/114.0.0.0 Safari/537.36'),
('adalynMjC1r', 1113163787, '2023-09-14 17:54:52', '2023-09-16 20:25:43', 'Mozilla/5.0 (X11; Linux aarch64) AppleWebKit/537.36 (KHTML, like Gecko) Chrome/111.0.0.0 Safari/537.36Mozilla/5.0 (X11; CrOS x86_64 14541.0.0) AppleWebKit/537.36 (KHTML, like Gecko) Chrome/114.0.0.0 Safari/537.36'),
('adalynMjC1r', 2491933192, '2023-09-13 06:34:04', '2023-10-15 14:45:52', 'Mozilla/5.0 (X11; Linux x86_64; rv:109.0) Gecko/20100101 Firefox/114.0'),
('adalynMjC1r', 2274404643, '2023-11-06 16:51:53', '2023-11-15 16:26:26', 'Mozilla/5.0 (Windows NT 10.0; Win64; x64) AppleWebKit/537.36 (KHTML, like Gecko) Chrome/114.0.0.0 Safari/537.36 Edg/114.0.1823.51'),
('adalynMjC1r', 3470483471, '2023-10-04 09:28:23', '2023-10-15 21:51:26', 'Mozilla/5.0 (X11; Linux x86_64; rv:109.0) Gecko/20100101 Firefox/114.0'),
('adalynMjC1r', 1831691304, '2023-12-09 18:21:09', '2024-01-25 16:18:22', 'Mozilla/5.0 (X11; Linux x86_64; rv:109.0) Gecko/20100101 Firefox/114.0'),
('adamYi', 890201304, '2023-10-09 02:02:26', '2023-10-27 10:11:14', 'Mozilla/5.0 (Windows NT 6.1) AppleWebKit/537.36 (KHTML, like Gecko) Chrome/109.0.0.0 Safari/537.36 OPR/95.0.0.0 (Edition Campaign 34)Mozilla/5.0 (Macintosh; Intel Mac OS X 10_15_7) AppleWebKit/605.1.15 (KHTML, like Gecko) Version/16.5 Safari/605.1.1'),
('adamYi', 4238934986, '2023-09-13 03:06:28', '2023-09-29 16:29:52', 'Mozilla/5.0 (X11; Linux aarch64) AppleWebKit/537.36 (KHTML, like Gecko) Chrome/111.0.0.0 Safari/537.36Mozilla/5.0 (X11; CrOS x86_64 14541.0.0) AppleWebKit/537.36 (KHTML, like Gecko) Chrome/114.0.0.0 Safari/537.36'),
('adamYi', 949009897, '2023-10-09 08:57:01', '2023-11-07 00:26:47', 'Mozilla/5.0 (X11; Linux aarch64) AppleWebKit/537.36 (KHTML, like Gecko) Chrome/111.0.0.0 Safari/537.36Mozilla/5.0 (X11; CrOS x86_64 14541.0.0) AppleWebKit/537.36 (KHTML, like Gecko) Chrome/114.0.0.0 Safari/537.36'),
('adamYi', 1794561673, '2023-09-21 07:42:43', '2023-10-03 01:28:46', 'Mozilla/5.0 (X11; Linux x86_64) AppleWebKit/537.36 (KHTML, like Gecko) Chrome/114.0.0.0 Safari/537.36'),
('adamYi', 2116813421, '2023-09-16 09:19:44', '2023-09-19 01:43:33', 'Mozilla/5.0 (X11; Linux aarch64) AppleWebKit/537.36 (KHTML, like Gecko) Chrome/111.0.0.0 Safari/537.36Mozilla/5.0 (X11; CrOS x86_64 14541.0.0) AppleWebKit/537.36 (KHTML, like Gecko) Chrome/114.0.0.0 Safari/537.36'),
('adantH', 2444712563, '2023-10-19 03:44:01', '2023-11-07 15:11:02', 'Mozilla/5.0 (X11; Linux x86_64) AppleWebKit/537.36 (KHTML, like Gecko) Chrome/114.0.0.0 Safari/537.36'),
('adantH', 3698633665, '2023-09-12 19:04:54', '2023-10-17 03:02:02', 'Mozilla/5.0 (X11; Linux x86_64; rv:109.0) Gecko/20100101 Firefox/114.0'),
('adantH', 437051496, '2023-11-21 23:28:18', '2024-01-04 02:50:58', 'Mozilla/5.0 (Windows NT 10.0; Win64; x64) AppleWebKit/537.36 (KHTML, like Gecko) Chrome/114.0.0.0 Safari/537.36'),
('adantH', 634910737, '2023-11-30 01:25:30', '2024-01-05 16:19:01', 'Mozilla/5.0 (Windows NT 10.0; Win64; x64) AppleWebKit/537.36 (KHTML, like Gecko) Chrome/114.0.0.0 Safari/537.36 Edg/114.0.1823.51'),
('adantH', 2514768578, '2023-10-17 21:58:06', '2023-10-30 03:59:11', 'Mozilla/5.0 (X11; Linux x86_64) AppleWebKit/537.36 (KHTML, like Gecko) Chrome/114.0.0.0 Safari/537.36'),
('adantH', 1868736933, '2023-10-29 22:07:27', '2023-11-24 02:38:52', 'Mozilla/5.0 (Windows NT 10.0; Win64; x64; rv:109.0) Gecko/20100101 Firefox/114.0'),
('adantH', 520876962, '2023-09-11 14:06:40', '2023-10-20 10:32:37', 'Mozilla/5.0 (Windows NT 10.0; Win64; x64) AppleWebKit/537.36 (KHTML, like Gecko) Chrome/114.0.0.0 Safari/537.36'),
('adantH', 2994416135, '2023-09-21 23:27:26', '2023-11-09 18:24:10', 'Mozilla/5.0 (Windows NT 6.1) AppleWebKit/537.36 (KHTML, like Gecko) Chrome/109.0.0.0 Safari/537.36 OPR/95.0.0.0 (Edition Campaign 34)Mozilla/5.0 (Macintosh; Intel Mac OS X 10_15_7) AppleWebKit/605.1.15 (KHTML, like Gecko) Version/16.5 Safari/605.1.1'),
('adantH', 3069347707, '2023-10-10 11:04:17', '2023-10-28 18:32:36', 'Mozilla/5.0 (Windows NT 6.1) AppleWebKit/537.36 (KHTML, like Gecko) Chrome/109.0.0.0 Safari/537.36 OPR/95.0.0.0 (Edition Campaign 34)Mozilla/5.0 (Macintosh; Intel Mac OS X 10_15_7) AppleWebKit/605.1.15 (KHTML, like Gecko) Version/16.5 Safari/605.1.1'),
('adaracUs', 3962985961, '2023-09-25 10:19:52', '2023-09-27 07:55:55', 'Mozilla/5.0 (X11; Ubuntu; Linux x86_64; rv:109.0) Gecko/20100101 Firefox/114.0'),
('adaracUs', 458249748, '2023-11-15 03:41:51', '2024-01-03 15:30:03', 'Mozilla/5.0 (Windows NT 6.1) AppleWebKit/537.36 (KHTML, like Gecko) Chrome/109.0.0.0 Safari/537.36 OPR/95.0.0.0 (Edition Campaign 34)Mozilla/5.0 (Macintosh; Intel Mac OS X 10_15_7) AppleWebKit/605.1.15 (KHTML, like Gecko) Version/16.5 Safari/605.1.1'),
('adaracUs', 3351363318, '2023-10-12 11:06:06', '2023-11-25 04:55:12', 'Mozilla/5.0 (X11; Ubuntu; Linux x86_64; rv:109.0) Gecko/20100101 Firefox/114.0'),
('adaracUs', 3908544633, '2023-11-21 09:59:12', '2023-12-03 10:27:30', 'Mozilla/5.0 (X11; Ubuntu; Linux x86_64; rv:109.0) Gecko/20100101 Firefox/114.0'),
('addaD', 2686625495, '2023-09-13 05:45:01', '2023-11-14 03:06:26', 'Mozilla/5.0 (X11; Linux x86_64) AppleWebKit/537.36 (KHTML, like Gecko) Chrome/114.0.0.0 Safari/537.36'),
('addaD', 4086915366, '2023-10-18 17:35:31', '2023-12-14 15:04:36', 'Mozilla/5.0 (Macintosh; Intel Mac OS X 10_15_7) AppleWebKit/537.36 (KHTML, like Gecko) Chrome/114.0.0.0 Safari/537.36'),
('addaD', 1924753295, '2023-09-22 19:08:51', '2023-10-04 06:22:22', 'Mozilla/5.0 (X11; Linux x86_64; rv:109.0) Gecko/20100101 Firefox/114.0'),
('addaD', 1454067311, '2023-09-17 18:11:53', '2023-10-15 20:08:58', 'Mozilla/5.0 (X11; Linux x86_64) AppleWebKit/537.36 (KHTML, like Gecko) Chrome/114.0.0.0 Safari/537.36'),
('addaD', 203348976, '2023-10-06 18:41:43', '2023-10-25 07:23:47', 'Mozilla/5.0 (X11; Ubuntu; Linux x86_64; rv:109.0) Gecko/20100101 Firefox/114.0'),
('addaD', 3408142599, '2023-09-11 13:45:49', '2023-10-11 08:04:33', 'Mozilla/5.0 (X11; Ubuntu; Linux x86_64; rv:109.0) Gecko/20100101 Firefox/114.0'),
('addaD', 4231344124, '2023-10-08 12:26:54', '2023-10-12 23:25:57', 'Mozilla/5.0 (Windows NT 10.0; Win64; x64) AppleWebKit/537.36 (KHTML, like Gecko) Chrome/114.0.0.0 Safari/537.36'),
('addaD', 2415157706, '2023-10-15 20:59:31', '2023-10-19 05:27:12', 'Mozilla/5.0 (Windows NT 10.0; Win64; x64; rv:109.0) Gecko/20100101 Firefox/114.0'),
('addaD', 3411865674, '2023-09-11 14:35:31', '2023-10-05 13:39:08', 'Mozilla/5.0 (Windows NT 6.1) AppleWebKit/537.36 (KHTML, like Gecko) Chrome/109.0.0.0 Safari/537.36 OPR/95.0.0.0 (Edition Campaign 34)Mozilla/5.0 (Macintosh; Intel Mac OS X 10_15_7) AppleWebKit/605.1.15 (KHTML, like Gecko) Version/16.5 Safari/605.1.1'),
('addaD', 2866099985, '2023-09-14 23:12:20', '2023-09-17 05:59:09', 'Mozilla/5.0 (X11; Ubuntu; Linux x86_64; rv:109.0) Gecko/20100101 Firefox/114.0'),
('addiF2Lfd', 3287098613, '2023-09-17 19:57:55', '2023-11-04 15:19:05', 'Mozilla/5.0 (X11; Linux x86_64; rv:109.0) Gecko/20100101 Firefox/114.0'),
('addiF2Lfd', 4171323464, '2023-09-12 06:02:09', '2023-09-19 11:41:15', 'Mozilla/5.0 (X11; Linux aarch64) AppleWebKit/537.36 (KHTML, like Gecko) Chrome/111.0.0.0 Safari/537.36Mozilla/5.0 (X11; CrOS x86_64 14541.0.0) AppleWebKit/537.36 (KHTML, like Gecko) Chrome/114.0.0.0 Safari/537.36'),
('addiF2Lfd', 16552557, '2023-09-19 20:21:20', '2023-10-12 16:18:33', 'Mozilla/5.0 (X11; Ubuntu; Linux x86_64; rv:109.0) Gecko/20100101 Firefox/110.0'),
('addia0H', 1677290, '2023-11-23 23:58:06', '2023-12-05 19:29:24', 'Mozilla/5.0 (Macintosh; Intel Mac OS X 10_15_7) AppleWebKit/537.36 (KHTML, like Gecko) Chrome/114.0.0.0 Safari/537.36'),
('addia0H', 2814015884, '2023-09-17 12:55:15', '2023-10-16 23:21:16', 'Mozilla/5.0 (Macintosh; Intel Mac OS X 10_15_7) AppleWebKit/537.36 (KHTML, like Gecko) Chrome/114.0.0.0 Safari/537.36'),
('addia0H', 532916583, '2023-12-07 22:23:33', '2024-01-18 02:36:36', 'Mozilla/5.0 (X11; Ubuntu; Linux x86_64; rv:109.0) Gecko/20100101 Firefox/114.0'),
('addia0H', 3671758264, '2023-10-16 15:01:01', '2023-11-09 04:11:25', 'Mozilla/5.0 (X11; Linux x86_64; rv:109.0) Gecko/20100101 Firefox/114.0'),
('addia0H', 2080399624, '2023-10-14 07:38:54', '2023-11-08 23:45:19', 'Mozilla/5.0 (Macintosh; Intel Mac OS X 10_15_7) AppleWebKit/537.36 (KHTML, like Gecko) Chrome/114.0.0.0 Safari/537.36'),
('addia0H', 2394858239, '2023-10-30 01:22:01', '2023-11-08 05:43:49', 'Mozilla/5.0 (X11; Ubuntu; Linux x86_64; rv:109.0) Gecko/20100101 Firefox/110.0'),
('addia0H', 2222000181, '2023-11-17 12:35:24', '2023-12-06 02:07:27', 'Mozilla/5.0 (Windows NT 6.1) AppleWebKit/537.36 (KHTML, like Gecko) Chrome/109.0.0.0 Safari/537.36 OPR/95.0.0.0 (Edition Campaign 34)Mozilla/5.0 (Macintosh; Intel Mac OS X 10_15_7) AppleWebKit/605.1.15 (KHTML, like Gecko) Version/16.5 Safari/605.1.1'),
('addia0H', 28583879, '2023-10-08 17:43:15', '2023-11-05 07:58:28', 'Mozilla/5.0 (Windows NT 10.0; Win64; x64) AppleWebKit/537.36 (KHTML, like Gecko) Chrome/114.0.0.0 Safari/537.36'),
('addia0H', 612523923, '2023-09-25 22:25:00', '2023-10-17 05:46:14', 'Mozilla/5.0 (Macintosh; Intel Mac OS X 10_15_7) AppleWebKit/537.36 (KHTML, like Gecko) Chrome/114.0.0.0 Safari/537.36'),
('addieXxM7f', 2047792685, '2023-09-11 07:03:02', '2023-09-28 04:02:51', 'Mozilla/5.0 (X11; Linux x86_64) AppleWebKit/537.36 (KHTML, like Gecko) Chrome/114.0.0.0 Safari/537.36'),
('addieXxM7f', 4188844914, '2023-10-13 11:35:58', '2023-12-05 04:04:22', 'Mozilla/5.0 (X11; Linux aarch64) AppleWebKit/537.36 (KHTML, like Gecko) Chrome/111.0.0.0 Safari/537.36Mozilla/5.0 (X11; CrOS x86_64 14541.0.0) AppleWebKit/537.36 (KHTML, like Gecko) Chrome/114.0.0.0 Safari/537.36'),
('addieXxM7f', 1837400007, '2023-09-22 13:07:50', '2023-12-01 19:45:59', 'Mozilla/5.0 (X11; Linux x86_64; rv:109.0) Gecko/20100101 Firefox/114.0'),
('addieXxM7f', 3810344636, '2023-10-04 06:49:36', '2023-10-11 03:10:30', 'Mozilla/5.0 (X11; Linux aarch64) AppleWebKit/537.36 (KHTML, like Gecko) Chrome/111.0.0.0 Safari/537.36Mozilla/5.0 (X11; CrOS x86_64 14541.0.0) AppleWebKit/537.36 (KHTML, like Gecko) Chrome/114.0.0.0 Safari/537.36'),
('addieXxM7f', 331046259, '2023-10-05 05:22:43', '2023-10-09 17:31:13', 'Mozilla/5.0 (Windows NT 10.0; Win64; x64) AppleWebKit/537.36 (KHTML, like Gecko) Chrome/114.0.0.0 Safari/537.36 Edg/114.0.1823.51'),
('addieXxM7f', 3119155136, '2023-10-21 05:33:47', '2023-11-23 02:14:05', 'Mozilla/5.0 (Macintosh; Intel Mac OS X 10_15_7) AppleWebKit/537.36 (KHTML, like Gecko) Chrome/114.0.0.0 Safari/537.36'),
('addieXxM7f', 2852863591, '2023-09-19 03:12:30', '2023-10-08 06:07:21', 'Mozilla/5.0 (Windows NT 10.0; Win64; x64) AppleWebKit/537.36 (KHTML, like Gecko) Chrome/114.0.0.0 Safari/537.36 Edg/114.0.1823.51'),
('addieXxM7f', 3946450727, '2023-10-30 04:32:41', '2023-11-05 11:00:52', 'Mozilla/5.0 (X11; Ubuntu; Linux x86_64; rv:109.0) Gecko/20100101 Firefox/110.0'),
('addieXxM7f', 2330817747, '2023-10-24 15:55:53', '2023-10-27 09:19:11', 'Mozilla/5.0 (Windows NT 6.1) AppleWebKit/537.36 (KHTML, like Gecko) Chrome/109.0.0.0 Safari/537.36 OPR/95.0.0.0 (Edition Campaign 34)Mozilla/5.0 (Macintosh; Intel Mac OS X 10_15_7) AppleWebKit/605.1.15 (KHTML, like Gecko) Version/16.5 Safari/605.1.1'),
('addieXxM7f', 3017058087, '2023-09-11 00:22:31', '2023-11-08 09:50:53', 'Mozilla/5.0 (X11; Ubuntu; Linux x86_64; rv:109.0) Gecko/20100101 Firefox/114.0'),
('addisonb8l', 890169397, '2023-09-25 08:32:40', '2023-09-28 07:42:18', 'Mozilla/5.0 (X11; Linux x86_64; rv:109.0) Gecko/20100101 Firefox/114.0'),
('addisonb8l', 2393490716, '2023-09-14 12:49:47', '2023-10-10 16:16:19', 'Mozilla/5.0 (Windows NT 6.1) AppleWebKit/537.36 (KHTML, like Gecko) Chrome/109.0.0.0 Safari/537.36 OPR/95.0.0.0 (Edition Campaign 34)Mozilla/5.0 (Macintosh; Intel Mac OS X 10_15_7) AppleWebKit/605.1.15 (KHTML, like Gecko) Version/16.5 Safari/605.1.1'),
('addisonb8l', 2948254140, '2023-10-08 10:35:41', '2023-10-30 00:25:24', 'Mozilla/5.0 (X11; Ubuntu; Linux x86_64; rv:109.0) Gecko/20100101 Firefox/114.0'),
('addisonb8l', 4114246338, '2023-09-16 12:45:49', '2023-09-23 23:14:42', 'Mozilla/5.0 (Windows NT 10.0; Win64; x64; rv:109.0) Gecko/20100101 Firefox/114.0'),
('addisonb8l', 3523172243, '2023-10-02 19:30:23', '2023-12-10 11:27:41', 'Mozilla/5.0 (Windows NT 6.1) AppleWebKit/537.36 (KHTML, like Gecko) Chrome/109.0.0.0 Safari/537.36 OPR/95.0.0.0 (Edition Campaign 34)Mozilla/5.0 (Macintosh; Intel Mac OS X 10_15_7) AppleWebKit/605.1.15 (KHTML, like Gecko) Version/16.5 Safari/605.1.1'),
('addisonb8l', 3396797330, '2023-09-11 11:49:26', '2023-09-28 07:28:26', 'Mozilla/5.0 (Windows NT 10.0; Win64; x64) AppleWebKit/537.36 (KHTML, like Gecko) Chrome/114.0.0.0 Safari/537.36'),
('addisonb8l', 1612561582, '2023-09-11 05:33:49', '2023-11-21 03:58:17', 'Mozilla/5.0 (X11; Ubuntu; Linux x86_64; rv:109.0) Gecko/20100101 Firefox/110.0'),
('addisonb8l', 473180324, '2023-09-16 11:38:51', '2023-09-21 12:43:47', 'Mozilla/5.0 (Macintosh; Intel Mac OS X 10_15_7) AppleWebKit/537.36 (KHTML, like Gecko) Chrome/114.0.0.0 Safari/537.36'),
('addisonb8l', 274318778, '2023-09-25 23:57:39', '2023-10-05 18:00:34', 'Mozilla/5.0 (Windows NT 10.0; Win64; x64) AppleWebKit/537.36 (KHTML, like Gecko) Chrome/114.0.0.0 Safari/537.36 Edg/114.0.1823.51'),
('addonsOAKDs', 3144373575, '2023-11-19 00:03:12', '2023-11-23 03:32:11', 'Mozilla/5.0 (X11; Ubuntu; Linux x86_64; rv:109.0) Gecko/20100101 Firefox/114.0'),
('addonsOAKDs', 2977136618, '2023-09-24 09:13:41', '2023-10-01 22:48:39', 'Mozilla/5.0 (X11; Linux x86_64) AppleWebKit/537.36 (KHTML, like Gecko) Chrome/114.0.0.0 Safari/537.36'),
('addyJ', 74502916, '2023-10-24 05:43:58', '2024-01-21 23:28:19', 'Mozilla/5.0 (Windows NT 10.0; Win64; x64; rv:109.0) Gecko/20100101 Firefox/114.0'),
('addyJ', 3051718122, '2023-09-30 15:58:22', '2023-11-13 06:43:29', 'Mozilla/5.0 (X11; Linux x86_64) AppleWebKit/537.36 (KHTML, like Gecko) Chrome/114.0.0.0 Safari/537.36'),
('addyJ', 2771057373, '2023-10-29 15:15:41', '2024-01-13 16:34:28', 'Mozilla/5.0 (X11; Linux x86_64) AppleWebKit/537.36 (KHTML, like Gecko) Chrome/114.0.0.0 Safari/537.36'),
('addyJ', 2196653732, '2023-09-12 05:39:46', '2023-09-23 23:00:19', 'Mozilla/5.0 (X11; Ubuntu; Linux x86_64; rv:109.0) Gecko/20100101 Firefox/110.0'),
('addyJ', 823317030, '2023-11-06 20:37:15', '2023-11-09 14:37:16', 'Mozilla/5.0 (X11; Ubuntu; Linux x86_64; rv:109.0) Gecko/20100101 Firefox/114.0'),
('adeTe9W', 3691965924, '2023-09-14 14:27:03', '2023-10-08 16:28:25', 'Mozilla/5.0 (X11; Ubuntu; Linux x86_64; rv:109.0) Gecko/20100101 Firefox/114.0'),
('adeTe9W', 3644856327, '2023-10-05 15:43:21', '2023-10-10 11:29:36', 'Mozilla/5.0 (X11; Linux aarch64) AppleWebKit/537.36 (KHTML, like Gecko) Chrome/111.0.0.0 Safari/537.36Mozilla/5.0 (X11; CrOS x86_64 14541.0.0) AppleWebKit/537.36 (KHTML, like Gecko) Chrome/114.0.0.0 Safari/537.36'),
('adeTe9W', 249618254, '2023-10-09 07:04:35', '2023-12-22 02:53:45', 'Mozilla/5.0 (X11; Linux x86_64) AppleWebKit/537.36 (KHTML, like Gecko) Chrome/114.0.0.0 Safari/537.36'),
('adeTe9W', 1085250616, '2023-09-11 20:15:33', '2023-09-21 02:02:07', 'Mozilla/5.0 (X11; Linux aarch64) AppleWebKit/537.36 (KHTML, like Gecko) Chrome/111.0.0.0 Safari/537.36Mozilla/5.0 (X11; CrOS x86_64 14541.0.0) AppleWebKit/537.36 (KHTML, like Gecko) Chrome/114.0.0.0 Safari/537.36'),
('adeliL', 2786314744, '2023-10-02 03:53:05', '2023-11-18 12:44:42', 'Mozilla/5.0 (X11; Ubuntu; Linux x86_64; rv:109.0) Gecko/20100101 Firefox/114.0'),
('adeliL', 3286064521, '2023-09-21 09:42:35', '2023-09-27 04:26:34', 'Mozilla/5.0 (Windows NT 10.0; Win64; x64) AppleWebKit/537.36 (KHTML, like Gecko) Chrome/114.0.0.0 Safari/537.36'),
('adeliL', 1077081532, '2023-09-25 00:06:33', '2023-10-09 07:18:46', 'Mozilla/5.0 (Windows NT 10.0; Win64; x64) AppleWebKit/537.36 (KHTML, like Gecko) Chrome/114.0.0.0 Safari/537.36 Edg/114.0.1823.51'),
('adelaidalgL', 843213132, '2023-11-02 15:49:45', '2023-11-19 01:08:44', 'Mozilla/5.0 (Windows NT 10.0; Win64; x64) AppleWebKit/537.36 (KHTML, like Gecko) Chrome/114.0.0.0 Safari/537.36 Edg/114.0.1823.51'),
('adelaidalgL', 29978391, '2023-09-29 17:42:42', '2023-12-10 05:47:09', 'Mozilla/5.0 (Windows NT 6.1) AppleWebKit/537.36 (KHTML, like Gecko) Chrome/109.0.0.0 Safari/537.36 OPR/95.0.0.0 (Edition Campaign 34)Mozilla/5.0 (Macintosh; Intel Mac OS X 10_15_7) AppleWebKit/605.1.15 (KHTML, like Gecko) Version/16.5 Safari/605.1.1'),
('adelaidalgL', 704883995, '2023-09-16 00:26:07', '2023-10-01 17:53:37', 'Mozilla/5.0 (X11; Linux x86_64) AppleWebKit/537.36 (KHTML, like Gecko) Chrome/114.0.0.0 Safari/537.36'),
('adelaidalgL', 92755394, '2023-09-16 13:42:59', '2023-11-15 06:48:05', 'Mozilla/5.0 (X11; Ubuntu; Linux x86_64; rv:109.0) Gecko/20100101 Firefox/114.0'),
('adelaidalgL', 1890703144, '2023-11-24 02:57:51', '2023-12-06 14:24:00', 'Mozilla/5.0 (Windows NT 6.1) AppleWebKit/537.36 (KHTML, like Gecko) Chrome/109.0.0.0 Safari/537.36 OPR/95.0.0.0 (Edition Campaign 34)Mozilla/5.0 (Macintosh; Intel Mac OS X 10_15_7) AppleWebKit/605.1.15 (KHTML, like Gecko) Version/16.5 Safari/605.1.1'),
('adelaidalgL', 3508682705, '2023-09-26 18:36:21', '2023-10-05 13:28:41', 'Mozilla/5.0 (X11; Ubuntu; Linux x86_64; rv:109.0) Gecko/20100101 Firefox/110.0'),
('adelaidalgL', 2450175709, '2023-10-11 03:22:50', '2023-10-22 16:52:02', 'Mozilla/5.0 (X11; Linux x86_64) AppleWebKit/537.36 (KHTML, like Gecko) Chrome/114.0.0.0 Safari/537.36'),
('adelaidalgL', 2891578622, '2023-09-23 06:48:31', '2023-10-08 07:49:28', 'Mozilla/5.0 (X11; Linux x86_64) AppleWebKit/537.36 (KHTML, like Gecko) Chrome/114.0.0.0 Safari/537.36'),
('adelaideAbBJt', 2490877741, '2023-11-10 11:44:18', '2023-12-01 10:10:49', 'Mozilla/5.0 (X11; Ubuntu; Linux x86_64; rv:109.0) Gecko/20100101 Firefox/114.0'),
('adelaideAbBJt', 2873523719, '2023-09-14 11:09:17', '2023-09-22 18:29:03', 'Mozilla/5.0 (X11; Linux x86_64) AppleWebKit/537.36 (KHTML, like Gecko) Chrome/114.0.0.0 Safari/537.36'),
('adelaideAbBJt', 3314988033, '2023-11-16 16:12:42', '2023-12-07 01:34:35', 'Mozilla/5.0 (Windows NT 10.0; Win64; x64; rv:109.0) Gecko/20100101 Firefox/114.0'),
('adelaideAbBJt', 2543251693, '2023-10-12 02:46:14', '2023-11-16 15:29:55', 'Mozilla/5.0 (X11; Ubuntu; Linux x86_64; rv:109.0) Gecko/20100101 Firefox/110.0'),
('adelaideAbBJt', 1338564300, '2023-09-15 16:49:31', '2023-09-26 17:14:50', 'Mozilla/5.0 (Windows NT 6.1) AppleWebKit/537.36 (KHTML, like Gecko) Chrome/109.0.0.0 Safari/537.36 OPR/95.0.0.0 (Edition Campaign 34)Mozilla/5.0 (Macintosh; Intel Mac OS X 10_15_7) AppleWebKit/605.1.15 (KHTML, like Gecko) Version/16.5 Safari/605.1.1'),
('adelaideAbBJt', 2669515068, '2023-09-25 20:39:04', '2023-10-02 20:15:19', 'Mozilla/5.0 (X11; Linux x86_64; rv:109.0) Gecko/20100101 Firefox/114.0'),
('adelaideAbBJt', 2741420076, '2023-10-30 12:23:08', '2023-12-09 04:15:29', 'Mozilla/5.0 (Macintosh; Intel Mac OS X 10_15_7) AppleWebKit/537.36 (KHTML, like Gecko) Chrome/114.0.0.0 Safari/537.36'),
('adelaideAbBJt', 3352776448, '2023-10-01 02:00:11', '2023-10-02 07:22:13', 'Mozilla/5.0 (X11; Ubuntu; Linux x86_64; rv:109.0) Gecko/20100101 Firefox/110.0'),
('adelaideAbBJt', 2117407506, '2023-09-21 07:43:23', '2023-10-13 17:06:13', 'Mozilla/5.0 (Windows NT 10.0; Win64; x64) AppleWebKit/537.36 (KHTML, like Gecko) Chrome/114.0.0.0 Safari/537.36 Edg/114.0.1823.51'),
('adelaideAbBJt', 1756563355, '2023-10-14 05:11:55', '2023-10-18 00:27:17', 'Mozilla/5.0 (X11; Ubuntu; Linux x86_64; rv:109.0) Gecko/20100101 Firefox/110.0'),
('adeleOt', 682802091, '2023-10-01 22:32:47', '2023-10-28 02:42:50', 'Mozilla/5.0 (X11; Linux aarch64) AppleWebKit/537.36 (KHTML, like Gecko) Chrome/111.0.0.0 Safari/537.36Mozilla/5.0 (X11; CrOS x86_64 14541.0.0) AppleWebKit/537.36 (KHTML, like Gecko) Chrome/114.0.0.0 Safari/537.36'),
('adeleOt', 4086131767, '2023-10-11 17:02:25', '2023-10-30 05:43:09', 'Mozilla/5.0 (Windows NT 6.1) AppleWebKit/537.36 (KHTML, like Gecko) Chrome/109.0.0.0 Safari/537.36 OPR/95.0.0.0 (Edition Campaign 34)Mozilla/5.0 (Macintosh; Intel Mac OS X 10_15_7) AppleWebKit/605.1.15 (KHTML, like Gecko) Version/16.5 Safari/605.1.1'),
('adeleOt', 2019450159, '2023-10-18 07:31:38', '2023-11-22 20:40:10', 'Mozilla/5.0 (X11; Ubuntu; Linux x86_64; rv:109.0) Gecko/20100101 Firefox/110.0'),
('adeleOt', 1512875283, '2023-11-19 13:55:21', '2023-12-08 07:30:05', 'Mozilla/5.0 (X11; Linux x86_64; rv:109.0) Gecko/20100101 Firefox/114.0'),
('adeleOt', 2968071933, '2023-09-21 22:12:45', '2023-09-26 01:01:57', 'Mozilla/5.0 (Macintosh; Intel Mac OS X 10_15_7) AppleWebKit/537.36 (KHTML, like Gecko) Chrome/114.0.0.0 Safari/537.36'),
('adeleOt', 3389599775, '2023-09-12 21:43:24', '2023-09-19 23:49:03', 'Mozilla/5.0 (X11; Linux x86_64; rv:109.0) Gecko/20100101 Firefox/114.0'),
('adeleneeO2', 756888550, '2023-09-13 08:56:40', '2023-10-04 04:23:11', 'Mozilla/5.0 (Windows NT 10.0; Win64; x64) AppleWebKit/537.36 (KHTML, like Gecko) Chrome/114.0.0.0 Safari/537.36'),
('adeleneeO2', 1981502185, '2023-09-23 14:53:04', '2023-09-26 04:17:13', 'Mozilla/5.0 (Windows NT 6.1) AppleWebKit/537.36 (KHTML, like Gecko) Chrome/109.0.0.0 Safari/537.36 OPR/95.0.0.0 (Edition Campaign 34)Mozilla/5.0 (Macintosh; Intel Mac OS X 10_15_7) AppleWebKit/605.1.15 (KHTML, like Gecko) Version/16.5 Safari/605.1.1'),
('adeleneeO2', 2507407646, '2023-09-24 14:07:28', '2023-10-01 03:48:53', 'Mozilla/5.0 (X11; Ubuntu; Linux x86_64; rv:109.0) Gecko/20100101 Firefox/110.0'),
('adeleneeO2', 2178273847, '2023-09-27 01:14:09', '2023-09-30 01:24:40', 'Mozilla/5.0 (Macintosh; Intel Mac OS X 10_15_7) AppleWebKit/537.36 (KHTML, like Gecko) Chrome/114.0.0.0 Safari/537.36'),
('adeleneeO2', 2295893712, '2023-09-18 17:57:44', '2023-09-19 20:55:50', 'Mozilla/5.0 (Windows NT 6.1) AppleWebKit/537.36 (KHTML, like Gecko) Chrome/109.0.0.0 Safari/537.36 OPR/95.0.0.0 (Edition Campaign 34)Mozilla/5.0 (Macintosh; Intel Mac OS X 10_15_7) AppleWebKit/605.1.15 (KHTML, like Gecko) Version/16.5 Safari/605.1.1'),
('adeleneeO2', 962119042, '2023-10-16 11:35:44', '2023-10-18 21:57:14', 'Mozilla/5.0 (X11; Ubuntu; Linux x86_64; rv:109.0) Gecko/20100101 Firefox/110.0'),
('adeleneeO2', 3428008295, '2023-09-11 06:53:28', '2023-09-17 22:02:50', 'Mozilla/5.0 (X11; Linux x86_64; rv:109.0) Gecko/20100101 Firefox/114.0'),
('adeleneeO2', 1085808413, '2023-09-13 18:59:04', '2023-11-09 22:00:51', 'Mozilla/5.0 (Windows NT 10.0; Win64; x64; rv:109.0) Gecko/20100101 Firefox/114.0'),
('adeleneeO2', 588783305, '2023-09-13 10:50:52', '2023-11-19 19:31:32', 'Mozilla/5.0 (X11; Linux x86_64; rv:109.0) Gecko/20100101 Firefox/114.0'),
('adelheid1ZjKc', 4279387602, '2023-10-21 01:43:45', '2023-10-25 21:40:05', 'Mozilla/5.0 (Windows NT 10.0; Win64; x64) AppleWebKit/537.36 (KHTML, like Gecko) Chrome/114.0.0.0 Safari/537.36 Edg/114.0.1823.51'),
('adeliajtXT3', 693897457, '2023-09-17 14:32:04', '2023-09-23 21:01:32', 'Mozilla/5.0 (X11; Ubuntu; Linux x86_64; rv:109.0) Gecko/20100101 Firefox/114.0'),
('adeliajtXT3', 3358168785, '2023-11-27 21:42:38', '2023-12-03 01:17:31', 'Mozilla/5.0 (Windows NT 10.0; Win64; x64) AppleWebKit/537.36 (KHTML, like Gecko) Chrome/114.0.0.0 Safari/537.36'),
('adeliajtXT3', 2331539716, '2023-09-21 06:56:11', '2023-10-05 19:24:30', 'Mozilla/5.0 (X11; Linux aarch64) AppleWebKit/537.36 (KHTML, like Gecko) Chrome/111.0.0.0 Safari/537.36Mozilla/5.0 (X11; CrOS x86_64 14541.0.0) AppleWebKit/537.36 (KHTML, like Gecko) Chrome/114.0.0.0 Safari/537.36'),
('adeliajtXT3', 2960136761, '2023-11-12 23:09:48', '2023-12-08 07:26:17', 'Mozilla/5.0 (X11; Ubuntu; Linux x86_64; rv:109.0) Gecko/20100101 Firefox/110.0'),
('adeliajtXT3', 3915444144, '2023-09-19 14:38:44', '2023-10-12 07:59:57', 'Mozilla/5.0 (X11; Ubuntu; Linux x86_64; rv:109.0) Gecko/20100101 Firefox/114.0'),
('adeliajtXT3', 1350670568, '2023-09-19 06:21:36', '2023-10-12 21:47:33', 'Mozilla/5.0 (X11; Linux x86_64) AppleWebKit/537.36 (KHTML, like Gecko) Chrome/114.0.0.0 Safari/537.36'),
('adeliajtXT3', 3381481250, '2023-10-31 20:59:35', '2023-12-07 07:43:53', 'Mozilla/5.0 (X11; Linux x86_64; rv:109.0) Gecko/20100101 Firefox/114.0'),
('adeliajtXT3', 3620003049, '2023-09-30 11:52:04', '2023-11-08 10:36:14', 'Mozilla/5.0 (Macintosh; Intel Mac OS X 10_15_7) AppleWebKit/537.36 (KHTML, like Gecko) Chrome/114.0.0.0 Safari/537.36'),
('adelicewx', 2611649970, '2023-11-11 20:09:37', '2023-11-13 09:29:31', 'Mozilla/5.0 (X11; Linux x86_64; rv:109.0) Gecko/20100101 Firefox/114.0'),
('adelicewx', 2537114379, '2023-09-25 01:16:06', '2023-10-08 19:13:11', 'Mozilla/5.0 (Windows NT 6.1) AppleWebKit/537.36 (KHTML, like Gecko) Chrome/109.0.0.0 Safari/537.36 OPR/95.0.0.0 (Edition Campaign 34)Mozilla/5.0 (Macintosh; Intel Mac OS X 10_15_7) AppleWebKit/605.1.15 (KHTML, like Gecko) Version/16.5 Safari/605.1.1'),
('adelicewx', 1506700330, '2023-09-26 15:50:23', '2023-11-12 23:56:55', 'Mozilla/5.0 (X11; Linux x86_64; rv:109.0) Gecko/20100101 Firefox/114.0'),
('adelicewx', 2373939912, '2023-09-18 04:58:38', '2023-09-19 23:38:20', 'Mozilla/5.0 (Windows NT 10.0; Win64; x64; rv:109.0) Gecko/20100101 Firefox/114.0'),
('adelinaXu', 2844469171, '2023-10-07 18:58:11', '2023-10-10 22:53:09', 'Mozilla/5.0 (Macintosh; Intel Mac OS X 10_15_7) AppleWebKit/537.36 (KHTML, like Gecko) Chrome/114.0.0.0 Safari/537.36'),
('adelinaXu', 1032222002, '2023-11-01 12:37:57', '2023-12-22 06:17:50', 'Mozilla/5.0 (Macintosh; Intel Mac OS X 10_15_7) AppleWebKit/537.36 (KHTML, like Gecko) Chrome/114.0.0.0 Safari/537.36'),
('adelinaXu', 2851692254, '2023-10-04 10:49:26', '2023-10-15 01:48:18', 'Mozilla/5.0 (Macintosh; Intel Mac OS X 10_15_7) AppleWebKit/537.36 (KHTML, like Gecko) Chrome/114.0.0.0 Safari/537.36'),
('adelinaXu', 434427501, '2023-09-14 06:27:29', '2023-09-16 20:32:25', 'Mozilla/5.0 (X11; Linux aarch64) AppleWebKit/537.36 (KHTML, like Gecko) Chrome/111.0.0.0 Safari/537.36Mozilla/5.0 (X11; CrOS x86_64 14541.0.0) AppleWebKit/537.36 (KHTML, like Gecko) Chrome/114.0.0.0 Safari/537.36'),
('adelinaXu', 1049982104, '2023-09-18 10:42:05', '2023-09-22 22:09:03', 'Mozilla/5.0 (Windows NT 6.1) AppleWebKit/537.36 (KHTML, like Gecko) Chrome/109.0.0.0 Safari/537.36 OPR/95.0.0.0 (Edition Campaign 34)Mozilla/5.0 (Macintosh; Intel Mac OS X 10_15_7) AppleWebKit/605.1.15 (KHTML, like Gecko) Version/16.5 Safari/605.1.1'),
('adelinaXu', 3552022682, '2023-09-23 17:12:43', '2023-11-01 05:41:12', 'Mozilla/5.0 (X11; Linux aarch64) AppleWebKit/537.36 (KHTML, like Gecko) Chrome/111.0.0.0 Safari/537.36Mozilla/5.0 (X11; CrOS x86_64 14541.0.0) AppleWebKit/537.36 (KHTML, like Gecko) Chrome/114.0.0.0 Safari/537.36'),
('adelinaXu', 2064259881, '2023-09-26 22:27:48', '2023-10-01 21:14:20', 'Mozilla/5.0 (Windows NT 10.0; Win64; x64) AppleWebKit/537.36 (KHTML, like Gecko) Chrome/114.0.0.0 Safari/537.36 Edg/114.0.1823.51'),
('adelinaXu', 198537475, '2023-09-20 10:03:01', '2023-09-24 11:04:11', 'Mozilla/5.0 (X11; Linux x86_64; rv:109.0) Gecko/20100101 Firefox/114.0'),
('adelinaXu', 3422437678, '2023-09-11 06:39:19', '2023-11-21 04:04:41', 'Mozilla/5.0 (X11; Ubuntu; Linux x86_64; rv:109.0) Gecko/20100101 Firefox/110.0'),
('adelinaXu', 803845509, '2023-11-27 14:54:45', '2023-12-19 12:57:20', 'Mozilla/5.0 (X11; Linux x86_64; rv:109.0) Gecko/20100101 Firefox/114.0'),
('adelind1Kp5X', 2712350200, '2023-09-27 15:45:50', '2023-11-15 23:35:36', 'Mozilla/5.0 (X11; Linux x86_64; rv:109.0) Gecko/20100101 Firefox/114.0'),
('adelind1Kp5X', 2221437345, '2023-10-09 01:53:55', '2023-11-25 18:26:18', 'Mozilla/5.0 (X11; Linux x86_64; rv:109.0) Gecko/20100101 Firefox/114.0'),
('adelind1Kp5X', 3488664401, '2023-09-23 00:31:38', '2023-10-17 16:08:36', 'Mozilla/5.0 (Windows NT 6.1) AppleWebKit/537.36 (KHTML, like Gecko) Chrome/109.0.0.0 Safari/537.36 OPR/95.0.0.0 (Edition Campaign 34)Mozilla/5.0 (Macintosh; Intel Mac OS X 10_15_7) AppleWebKit/605.1.15 (KHTML, like Gecko) Version/16.5 Safari/605.1.1'),
('adelind1Kp5X', 2692984856, '2023-10-24 01:57:35', '2023-10-30 19:23:42', 'Mozilla/5.0 (X11; Ubuntu; Linux x86_64; rv:109.0) Gecko/20100101 Firefox/114.0'),
('adella8XpVj', 4201219776, '2023-09-18 04:23:56', '2023-10-06 11:07:56', 'Mozilla/5.0 (X11; Linux x86_64) AppleWebKit/537.36 (KHTML, like Gecko) Chrome/114.0.0.0 Safari/537.36'),
('adelleh7M', 2172709649, '2023-11-03 08:30:01', '2023-11-03 10:07:48', 'Mozilla/5.0 (X11; Linux x86_64) AppleWebKit/537.36 (KHTML, like Gecko) Chrome/114.0.0.0 Safari/537.36'),
('adelleh7M', 1959265776, '2023-10-02 17:34:17', '2023-11-08 05:07:15', 'Mozilla/5.0 (Windows NT 10.0; Win64; x64) AppleWebKit/537.36 (KHTML, like Gecko) Chrome/114.0.0.0 Safari/537.36 Edg/114.0.1823.51'),
('adelleh7M', 2928099746, '2023-09-14 08:02:55', '2023-09-22 21:09:00', 'Mozilla/5.0 (X11; Linux x86_64) AppleWebKit/537.36 (KHTML, like Gecko) Chrome/114.0.0.0 Safari/537.36'),
('adelynng', 1524201429, '2023-11-24 03:13:31', '2023-11-26 12:05:50', 'Mozilla/5.0 (Windows NT 10.0; Win64; x64) AppleWebKit/537.36 (KHTML, like Gecko) Chrome/114.0.0.0 Safari/537.36'),
('adenVA8p', 3557037940, '2023-09-15 07:00:15', '2023-09-28 15:51:41', 'Mozilla/5.0 (X11; Ubuntu; Linux x86_64; rv:109.0) Gecko/20100101 Firefox/114.0'),
('adenVA8p', 1584165500, '2023-09-16 21:46:06', '2023-11-01 05:36:53', 'Mozilla/5.0 (Windows NT 10.0; Win64; x64) AppleWebKit/537.36 (KHTML, like Gecko) Chrome/114.0.0.0 Safari/537.36 Edg/114.0.1823.51'),
('adenVA8p', 2738948394, '2023-09-30 13:16:46', '2023-10-04 22:15:07', 'Mozilla/5.0 (X11; Linux x86_64; rv:109.0) Gecko/20100101 Firefox/114.0'),
('adenVA8p', 2537302262, '2023-09-28 16:58:36', '2023-09-29 00:41:09', 'Mozilla/5.0 (Macintosh; Intel Mac OS X 10_15_7) AppleWebKit/537.36 (KHTML, like Gecko) Chrome/114.0.0.0 Safari/537.36'),
('adenVA8p', 2675958678, '2023-10-07 03:46:00', '2023-12-01 13:05:50', 'Mozilla/5.0 (X11; Ubuntu; Linux x86_64; rv:109.0) Gecko/20100101 Firefox/114.0'),
('adenVA8p', 1722748373, '2023-09-14 05:49:10', '2023-11-01 00:24:00', 'Mozilla/5.0 (Windows NT 10.0; Win64; x64; rv:109.0) Gecko/20100101 Firefox/114.0'),
('adenar3QR', 1690280646, '2023-10-05 02:46:20', '2023-10-27 09:17:50', 'Mozilla/5.0 (X11; Linux aarch64) AppleWebKit/537.36 (KHTML, like Gecko) Chrome/111.0.0.0 Safari/537.36Mozilla/5.0 (X11; CrOS x86_64 14541.0.0) AppleWebKit/537.36 (KHTML, like Gecko) Chrome/114.0.0.0 Safari/537.36'),
('adenar3QR', 611600086, '2023-09-30 01:12:16', '2023-10-13 18:32:46', 'Mozilla/5.0 (X11; Linux x86_64) AppleWebKit/537.36 (KHTML, like Gecko) Chrome/114.0.0.0 Safari/537.36'),
('adenar3QR', 4256628940, '2023-11-10 21:47:42', '2023-12-12 16:46:24', 'Mozilla/5.0 (Windows NT 10.0; Win64; x64) AppleWebKit/537.36 (KHTML, like Gecko) Chrome/114.0.0.0 Safari/537.36'),
('adenar3QR', 3289790884, '2023-09-12 20:56:53', '2023-09-15 08:59:19', 'Mozilla/5.0 (X11; Linux x86_64) AppleWebKit/537.36 (KHTML, like Gecko) Chrome/114.0.0.0 Safari/537.36'),
('adenar3QR', 9364676, '2023-11-10 13:05:32', '2023-11-21 07:41:36', 'Mozilla/5.0 (X11; Linux aarch64) AppleWebKit/537.36 (KHTML, like Gecko) Chrome/111.0.0.0 Safari/537.36Mozilla/5.0 (X11; CrOS x86_64 14541.0.0) AppleWebKit/537.36 (KHTML, like Gecko) Chrome/114.0.0.0 Safari/537.36'),
('adenar3QR', 3509896283, '2023-09-27 17:43:51', '2023-10-31 10:12:34', 'Mozilla/5.0 (Windows NT 10.0; Win64; x64) AppleWebKit/537.36 (KHTML, like Gecko) Chrome/114.0.0.0 Safari/537.36'),
('adenar3QR', 1899168176, '2023-10-18 05:41:27', '2023-12-10 09:20:53', 'Mozilla/5.0 (Windows NT 10.0; Win64; x64) AppleWebKit/537.36 (KHTML, like Gecko) Chrome/114.0.0.0 Safari/537.36'),
('adeyh', 129161851, '2023-10-11 07:18:20', '2023-12-04 06:15:35', 'Mozilla/5.0 (X11; Ubuntu; Linux x86_64; rv:109.0) Gecko/20100101 Firefox/110.0'),
('adeyh', 2091883412, '2023-10-03 09:50:00', '2023-10-12 14:08:32', 'Mozilla/5.0 (Macintosh; Intel Mac OS X 10_15_7) AppleWebKit/537.36 (KHTML, like Gecko) Chrome/114.0.0.0 Safari/537.36'),
('adeyh', 1389479482, '2023-10-08 01:21:04', '2023-10-20 08:29:08', 'Mozilla/5.0 (Windows NT 6.1) AppleWebKit/537.36 (KHTML, like Gecko) Chrome/109.0.0.0 Safari/537.36 OPR/95.0.0.0 (Edition Campaign 34)Mozilla/5.0 (Macintosh; Intel Mac OS X 10_15_7) AppleWebKit/605.1.15 (KHTML, like Gecko) Version/16.5 Safari/605.1.1'),
('adeyh', 1633629867, '2023-10-17 09:53:53', '2023-12-10 07:46:43', 'Mozilla/5.0 (X11; Linux x86_64; rv:109.0) Gecko/20100101 Firefox/114.0'),
('adeyh', 1029519004, '2023-09-26 18:30:56', '2023-11-07 18:24:10', 'Mozilla/5.0 (X11; Linux aarch64) AppleWebKit/537.36 (KHTML, like Gecko) Chrome/111.0.0.0 Safari/537.36Mozilla/5.0 (X11; CrOS x86_64 14541.0.0) AppleWebKit/537.36 (KHTML, like Gecko) Chrome/114.0.0.0 Safari/537.36'),
('adiQ', 1396460449, '2023-10-06 07:24:21', '2023-11-05 11:04:05', 'Mozilla/5.0 (Windows NT 10.0; Win64; x64) AppleWebKit/537.36 (KHTML, like Gecko) Chrome/114.0.0.0 Safari/537.36'),
('adianaFa6WR', 763780456, '2023-10-21 07:49:11', '2023-11-26 21:49:40', 'Mozilla/5.0 (X11; Linux x86_64) AppleWebKit/537.36 (KHTML, like Gecko) Chrome/114.0.0.0 Safari/537.36'),
('adianaFa6WR', 1037812202, '2023-10-17 01:07:55', '2023-12-07 02:12:38', 'Mozilla/5.0 (Windows NT 10.0; Win64; x64; rv:109.0) Gecko/20100101 Firefox/114.0'),
('adianaFa6WR', 446328621, '2023-09-22 02:01:50', '2023-10-01 00:19:05', 'Mozilla/5.0 (X11; Linux x86_64; rv:109.0) Gecko/20100101 Firefox/114.0'),
('adianaFa6WR', 3666699210, '2023-10-03 11:18:16', '2023-10-05 05:14:37', 'Mozilla/5.0 (X11; Linux aarch64) AppleWebKit/537.36 (KHTML, like Gecko) Chrome/111.0.0.0 Safari/537.36Mozilla/5.0 (X11; CrOS x86_64 14541.0.0) AppleWebKit/537.36 (KHTML, like Gecko) Chrome/114.0.0.0 Safari/537.36'),
('adianaFa6WR', 2844770496, '2023-09-15 00:56:24', '2023-10-11 07:28:48', 'Mozilla/5.0 (X11; Linux x86_64) AppleWebKit/537.36 (KHTML, like Gecko) Chrome/114.0.0.0 Safari/537.36'),
('adianaFa6WR', 2447523298, '2023-09-19 20:05:29', '2023-12-07 23:42:09', 'Mozilla/5.0 (Windows NT 10.0; Win64; x64; rv:109.0) Gecko/20100101 Firefox/114.0'),
('adianaFa6WR', 2864330961, '2023-10-14 04:47:25', '2023-10-15 02:12:02', 'Mozilla/5.0 (X11; Linux aarch64) AppleWebKit/537.36 (KHTML, like Gecko) Chrome/111.0.0.0 Safari/537.36Mozilla/5.0 (X11; CrOS x86_64 14541.0.0) AppleWebKit/537.36 (KHTML, like Gecko) Chrome/114.0.0.0 Safari/537.36'),
('adianaFa6WR', 1072514621, '2023-10-16 20:56:31', '2023-10-22 07:23:41', 'Mozilla/5.0 (Windows NT 10.0; Win64; x64) AppleWebKit/537.36 (KHTML, like Gecko) Chrome/114.0.0.0 Safari/537.36 Edg/114.0.1823.51'),
('adianaFa6WR', 1962684654, '2023-09-23 03:29:44', '2023-10-07 20:53:14', 'Mozilla/5.0 (X11; Ubuntu; Linux x86_64; rv:109.0) Gecko/20100101 Firefox/114.0'),
('adiey', 2763856633, '2023-09-26 22:20:01', '2023-10-12 01:34:25', 'Mozilla/5.0 (Windows NT 10.0; Win64; x64) AppleWebKit/537.36 (KHTML, like Gecko) Chrome/114.0.0.0 Safari/537.36 Edg/114.0.1823.51'),
('adiey', 3837118249, '2023-11-08 14:49:37', '2023-11-18 03:10:46', 'Mozilla/5.0 (Windows NT 10.0; Win64; x64) AppleWebKit/537.36 (KHTML, like Gecko) Chrome/114.0.0.0 Safari/537.36'),
('adiey', 4132655224, '2023-09-21 22:19:27', '2023-10-28 03:13:27', 'Mozilla/5.0 (Windows NT 6.1) AppleWebKit/537.36 (KHTML, like Gecko) Chrome/109.0.0.0 Safari/537.36 OPR/95.0.0.0 (Edition Campaign 34)Mozilla/5.0 (Macintosh; Intel Mac OS X 10_15_7) AppleWebKit/605.1.15 (KHTML, like Gecko) Version/16.5 Safari/605.1.1'),
('adiey', 1626392967, '2023-09-10 21:51:27', '2023-11-11 10:14:46', 'Mozilla/5.0 (X11; Ubuntu; Linux x86_64; rv:109.0) Gecko/20100101 Firefox/110.0'),
('adiey', 3004988061, '2023-10-12 16:24:23', '2023-11-04 05:02:11', 'Mozilla/5.0 (X11; Linux x86_64; rv:109.0) Gecko/20100101 Firefox/114.0'),
('adiey', 1051460894, '2023-09-15 09:15:38', '2023-10-04 01:56:28', 'Mozilla/5.0 (Windows NT 10.0; Win64; x64) AppleWebKit/537.36 (KHTML, like Gecko) Chrome/114.0.0.0 Safari/537.36 Edg/114.0.1823.51'),
('adinaa7', 454008644, '2023-10-12 00:24:13', '2023-11-08 15:58:22', 'Mozilla/5.0 (Windows NT 10.0; Win64; x64) AppleWebKit/537.36 (KHTML, like Gecko) Chrome/114.0.0.0 Safari/537.36 Edg/114.0.1823.51'),
('adinaa7', 1206109301, '2023-10-13 05:47:30', '2023-10-26 05:24:42', 'Mozilla/5.0 (X11; Ubuntu; Linux x86_64; rv:109.0) Gecko/20100101 Firefox/110.0'),
('adinaa7', 3628554300, '2023-09-12 13:57:01', '2023-09-20 13:10:24', 'Mozilla/5.0 (Windows NT 10.0; Win64; x64) AppleWebKit/537.36 (KHTML, like Gecko) Chrome/114.0.0.0 Safari/537.36'),
('adinaa7', 692343147, '2023-09-15 07:58:48', '2023-09-20 01:27:30', 'Mozilla/5.0 (Windows NT 10.0; Win64; x64; rv:109.0) Gecko/20100101 Firefox/114.0'),
('adinaa7', 2673195242, '2023-09-17 08:59:15', '2023-10-14 07:29:29', 'Mozilla/5.0 (Windows NT 10.0; Win64; x64) AppleWebKit/537.36 (KHTML, like Gecko) Chrome/114.0.0.0 Safari/537.36 Edg/114.0.1823.51'),
('adinaa7', 2309480174, '2023-09-20 23:56:56', '2023-11-02 11:07:28', 'Mozilla/5.0 (Windows NT 10.0; Win64; x64) AppleWebKit/537.36 (KHTML, like Gecko) Chrome/114.0.0.0 Safari/537.36 Edg/114.0.1823.51'),
('adinaa7', 3452183076, '2023-11-28 23:09:24', '2023-12-28 08:32:48', 'Mozilla/5.0 (Windows NT 6.1) AppleWebKit/537.36 (KHTML, like Gecko) Chrome/109.0.0.0 Safari/537.36 OPR/95.0.0.0 (Edition Campaign 34)Mozilla/5.0 (Macintosh; Intel Mac OS X 10_15_7) AppleWebKit/605.1.15 (KHTML, like Gecko) Version/16.5 Safari/605.1.1'),
('adinaa7', 944971921, '2023-09-12 04:59:26', '2023-10-16 20:55:16', 'Mozilla/5.0 (X11; Linux x86_64; rv:109.0) Gecko/20100101 Firefox/114.0'),
('adinaa7', 3170001496, '2023-09-11 12:29:56', '2023-10-10 21:08:22', 'Mozilla/5.0 (X11; Linux x86_64; rv:109.0) Gecko/20100101 Firefox/114.0'),
('adityaHQ', 604321067, '2023-11-21 00:35:58', '2023-12-05 15:55:22', 'Mozilla/5.0 (Macintosh; Intel Mac OS X 10_15_7) AppleWebKit/537.36 (KHTML, like Gecko) Chrome/114.0.0.0 Safari/537.36'),
('adityaHQ', 97842572, '2023-11-29 13:11:51', '2023-11-30 05:17:10', 'Mozilla/5.0 (Windows NT 10.0; Win64; x64; rv:109.0) Gecko/20100101 Firefox/114.0'),
('adityaHQ', 1726750919, '2023-09-14 11:37:30', '2023-10-09 11:17:59', 'Mozilla/5.0 (X11; Ubuntu; Linux x86_64; rv:109.0) Gecko/20100101 Firefox/114.0'),
('adityaHQ', 2268209090, '2023-10-17 03:14:17', '2023-10-29 16:14:59', 'Mozilla/5.0 (Windows NT 10.0; Win64; x64) AppleWebKit/537.36 (KHTML, like Gecko) Chrome/114.0.0.0 Safari/537.36'),
('adityaHQ', 3492551881, '2023-09-11 09:38:09', '2023-09-27 10:54:24', 'Mozilla/5.0 (Windows NT 6.1) AppleWebKit/537.36 (KHTML, like Gecko) Chrome/109.0.0.0 Safari/537.36 OPR/95.0.0.0 (Edition Campaign 34)Mozilla/5.0 (Macintosh; Intel Mac OS X 10_15_7) AppleWebKit/605.1.15 (KHTML, like Gecko) Version/16.5 Safari/605.1.1'),
('admin0CxU', 1977860525, '2023-09-14 19:55:50', '2023-09-18 14:46:14', 'Mozilla/5.0 (X11; Linux x86_64; rv:109.0) Gecko/20100101 Firefox/114.0'),
('admin0CxU', 3251415296, '2023-09-12 05:14:32', '2023-10-24 10:31:19', 'Mozilla/5.0 (X11; Ubuntu; Linux x86_64; rv:109.0) Gecko/20100101 Firefox/110.0'),
('admin0CxU', 856631943, '2023-10-31 16:16:24', '2023-12-01 13:55:10', 'Mozilla/5.0 (X11; Linux x86_64) AppleWebKit/537.36 (KHTML, like Gecko) Chrome/114.0.0.0 Safari/537.36'),
('admin0CxU', 1678830281, '2023-09-30 16:41:00', '2023-10-07 07:19:22', 'Mozilla/5.0 (X11; Linux x86_64; rv:109.0) Gecko/20100101 Firefox/114.0'),
('admin0CxU', 1140317823, '2023-11-22 19:19:33', '2023-11-30 04:46:11', 'Mozilla/5.0 (X11; Linux x86_64) AppleWebKit/537.36 (KHTML, like Gecko) Chrome/114.0.0.0 Safari/537.36'),
('admin0CxU', 4243141953, '2023-09-11 04:21:01', '2023-09-28 20:12:02', 'Mozilla/5.0 (Windows NT 10.0; Win64; x64) AppleWebKit/537.36 (KHTML, like Gecko) Chrome/114.0.0.0 Safari/537.36 Edg/114.0.1823.51'),
('admin0CxU', 1711639846, '2023-09-19 19:11:11', '2023-11-06 05:56:49', 'Mozilla/5.0 (X11; Linux x86_64; rv:109.0) Gecko/20100101 Firefox/114.0'),
('admin0CxU', 3191590249, '2023-11-28 11:22:17', '2023-11-28 14:11:02', 'Mozilla/5.0 (Windows NT 6.1) AppleWebKit/537.36 (KHTML, like Gecko) Chrome/109.0.0.0 Safari/537.36 OPR/95.0.0.0 (Edition Campaign 34)Mozilla/5.0 (Macintosh; Intel Mac OS X 10_15_7) AppleWebKit/605.1.15 (KHTML, like Gecko) Version/16.5 Safari/605.1.1'),
('adnanBcmh', 409648035, '2023-09-17 11:57:55', '2023-11-02 00:17:32', 'Mozilla/5.0 (X11; Linux x86_64) AppleWebKit/537.36 (KHTML, like Gecko) Chrome/114.0.0.0 Safari/537.36'),
('adnanBcmh', 959975303, '2023-11-28 06:29:48', '2023-11-28 18:49:18', 'Mozilla/5.0 (X11; Linux x86_64) AppleWebKit/537.36 (KHTML, like Gecko) Chrome/114.0.0.0 Safari/537.36'),
('adnanBcmh', 251380953, '2023-10-20 21:47:32', '2023-10-23 17:57:10', 'Mozilla/5.0 (X11; Ubuntu; Linux x86_64; rv:109.0) Gecko/20100101 Firefox/110.0'),
('adnanBcmh', 1284018007, '2023-09-19 01:29:02', '2023-09-19 15:34:38', 'Mozilla/5.0 (X11; Linux aarch64) AppleWebKit/537.36 (KHTML, like Gecko) Chrome/111.0.0.0 Safari/537.36Mozilla/5.0 (X11; CrOS x86_64 14541.0.0) AppleWebKit/537.36 (KHTML, like Gecko) Chrome/114.0.0.0 Safari/537.36'),
('adnanBcmh', 3859600151, '2023-09-15 10:34:06', '2023-10-04 13:51:49', 'Mozilla/5.0 (Windows NT 10.0; Win64; x64) AppleWebKit/537.36 (KHTML, like Gecko) Chrome/114.0.0.0 Safari/537.36 Edg/114.0.1823.51'),
('adnanBcmh', 2916282928, '2023-09-16 02:55:32', '2023-09-25 14:11:31', 'Mozilla/5.0 (X11; Ubuntu; Linux x86_64; rv:109.0) Gecko/20100101 Firefox/110.0'),
('adnanBcmh', 1389200672, '2023-10-26 16:17:38', '2023-11-07 04:52:22', 'Mozilla/5.0 (Windows NT 10.0; Win64; x64) AppleWebKit/537.36 (KHTML, like Gecko) Chrome/114.0.0.0 Safari/537.36 Edg/114.0.1823.51'),
('adon6', 1098633317, '2023-09-12 04:07:35', '2023-09-16 18:56:19', 'Mozilla/5.0 (Windows NT 10.0; Win64; x64) AppleWebKit/537.36 (KHTML, like Gecko) Chrome/114.0.0.0 Safari/537.36 Edg/114.0.1823.51'),
('adon6', 2273652366, '2023-11-14 21:27:39', '2023-11-21 04:01:14', 'Mozilla/5.0 (X11; Ubuntu; Linux x86_64; rv:109.0) Gecko/20100101 Firefox/114.0'),
('adon6', 2023611778, '2023-09-11 05:22:56', '2023-10-17 15:20:38', 'Mozilla/5.0 (X11; Linux aarch64) AppleWebKit/537.36 (KHTML, like Gecko) Chrome/111.0.0.0 Safari/537.36Mozilla/5.0 (X11; CrOS x86_64 14541.0.0) AppleWebKit/537.36 (KHTML, like Gecko) Chrome/114.0.0.0 Safari/537.36'),
('adon6', 1088006263, '2023-09-11 22:09:44', '2023-10-04 16:33:07', 'Mozilla/5.0 (X11; Linux x86_64) AppleWebKit/537.36 (KHTML, like Gecko) Chrome/114.0.0.0 Safari/537.36'),
('adonisX', 887090784, '2023-11-13 09:23:13', '2023-11-16 22:22:45', 'Mozilla/5.0 (Windows NT 10.0; Win64; x64; rv:109.0) Gecko/20100101 Firefox/114.0'),
('adonisX', 2748469179, '2023-09-13 07:45:26', '2023-09-13 20:09:18', 'Mozilla/5.0 (Windows NT 10.0; Win64; x64) AppleWebKit/537.36 (KHTML, like Gecko) Chrome/114.0.0.0 Safari/537.36'),
('adonisX', 353368813, '2023-10-14 16:56:32', '2023-12-08 16:06:14', 'Mozilla/5.0 (Windows NT 6.1) AppleWebKit/537.36 (KHTML, like Gecko) Chrome/109.0.0.0 Safari/537.36 OPR/95.0.0.0 (Edition Campaign 34)Mozilla/5.0 (Macintosh; Intel Mac OS X 10_15_7) AppleWebKit/605.1.15 (KHTML, like Gecko) Version/16.5 Safari/605.1.1'),
('adora1gH', 2767225891, '2023-09-30 19:51:24', '2023-12-11 03:26:48', 'Mozilla/5.0 (Macintosh; Intel Mac OS X 10_15_7) AppleWebKit/537.36 (KHTML, like Gecko) Chrome/114.0.0.0 Safari/537.36'),
('adora1gH', 2641601559, '2023-10-27 21:21:23', '2023-11-14 18:53:05', 'Mozilla/5.0 (Macintosh; Intel Mac OS X 10_15_7) AppleWebKit/537.36 (KHTML, like Gecko) Chrome/114.0.0.0 Safari/537.36'),
('adora1gH', 3793214241, '2023-09-24 01:58:24', '2023-10-07 23:28:32', 'Mozilla/5.0 (X11; Linux x86_64) AppleWebKit/537.36 (KHTML, like Gecko) Chrome/114.0.0.0 Safari/537.36'),
('adora1gH', 4088709396, '2023-10-12 20:03:06', '2023-10-27 12:06:28', 'Mozilla/5.0 (Windows NT 10.0; Win64; x64; rv:109.0) Gecko/20100101 Firefox/114.0'),
('adora1gH', 694103030, '2023-09-12 12:37:58', '2023-09-27 07:02:23', 'Mozilla/5.0 (X11; Ubuntu; Linux x86_64; rv:109.0) Gecko/20100101 Firefox/114.0'),
('adora1gH', 4239944846, '2023-09-22 17:57:41', '2023-12-09 16:54:58', 'Mozilla/5.0 (X11; Ubuntu; Linux x86_64; rv:109.0) Gecko/20100101 Firefox/114.0'),
('adoreVd', 4094301809, '2023-11-27 03:12:32', '2023-11-28 11:41:59', 'Mozilla/5.0 (Windows NT 10.0; Win64; x64) AppleWebKit/537.36 (KHTML, like Gecko) Chrome/114.0.0.0 Safari/537.36'),
('adoreVd', 4041223824, '2023-09-11 00:33:01', '2023-09-30 03:54:54', 'Mozilla/5.0 (Macintosh; Intel Mac OS X 10_15_7) AppleWebKit/537.36 (KHTML, like Gecko) Chrome/114.0.0.0 Safari/537.36'),
('adoreVd', 2386764872, '2023-09-19 14:54:12', '2023-09-24 15:44:06', 'Mozilla/5.0 (X11; Linux aarch64) AppleWebKit/537.36 (KHTML, like Gecko) Chrome/111.0.0.0 Safari/537.36Mozilla/5.0 (X11; CrOS x86_64 14541.0.0) AppleWebKit/537.36 (KHTML, like Gecko) Chrome/114.0.0.0 Safari/537.36'),
('adoreVd', 4050396082, '2023-09-13 06:44:46', '2023-09-30 04:02:34', 'Mozilla/5.0 (X11; Linux aarch64) AppleWebKit/537.36 (KHTML, like Gecko) Chrome/111.0.0.0 Safari/537.36Mozilla/5.0 (X11; CrOS x86_64 14541.0.0) AppleWebKit/537.36 (KHTML, like Gecko) Chrome/114.0.0.0 Safari/537.36'),
('adoreVd', 586470313, '2023-09-10 16:48:36', '2023-09-20 22:55:31', 'Mozilla/5.0 (Macintosh; Intel Mac OS X 10_15_7) AppleWebKit/537.36 (KHTML, like Gecko) Chrome/114.0.0.0 Safari/537.36'),
('adoreVd', 641042536, '2023-09-15 22:45:17', '2023-10-03 19:54:30', 'Mozilla/5.0 (X11; Linux x86_64) AppleWebKit/537.36 (KHTML, like Gecko) Chrome/114.0.0.0 Safari/537.36'),
('adoreVd', 3929763901, '2023-09-22 09:44:22', '2023-11-12 17:12:51', 'Mozilla/5.0 (X11; Ubuntu; Linux x86_64; rv:109.0) Gecko/20100101 Firefox/110.0'),
('adoreedx1', 1007293758, '2023-09-13 20:10:23', '2023-09-29 10:47:37', 'Mozilla/5.0 (X11; Ubuntu; Linux x86_64; rv:109.0) Gecko/20100101 Firefox/114.0'),
('adoreedx1', 2077274764, '2023-10-09 12:44:46', '2023-10-17 16:45:49', 'Mozilla/5.0 (X11; Ubuntu; Linux x86_64; rv:109.0) Gecko/20100101 Firefox/114.0'),
('adoreedx1', 990315879, '2023-09-13 19:43:43', '2023-09-16 17:57:47', 'Mozilla/5.0 (Windows NT 10.0; Win64; x64) AppleWebKit/537.36 (KHTML, like Gecko) Chrome/114.0.0.0 Safari/537.36 Edg/114.0.1823.51'),
('adoreedx1', 2681516215, '2023-11-26 19:15:04', '2023-12-04 14:57:24', 'Mozilla/5.0 (X11; Linux x86_64; rv:109.0) Gecko/20100101 Firefox/114.0'),
('adoreedx1', 3096351030, '2023-09-12 05:18:09', '2023-09-15 13:02:13', 'Mozilla/5.0 (X11; Linux aarch64) AppleWebKit/537.36 (KHTML, like Gecko) Chrome/111.0.0.0 Safari/537.36Mozilla/5.0 (X11; CrOS x86_64 14541.0.0) AppleWebKit/537.36 (KHTML, like Gecko) Chrome/114.0.0.0 Safari/537.36'),
('adoreedx1', 4226450932, '2023-09-18 12:49:53', '2023-09-19 19:04:16', 'Mozilla/5.0 (X11; Linux aarch64) AppleWebKit/537.36 (KHTML, like Gecko) Chrome/111.0.0.0 Safari/537.36Mozilla/5.0 (X11; CrOS x86_64 14541.0.0) AppleWebKit/537.36 (KHTML, like Gecko) Chrome/114.0.0.0 Safari/537.36'),
('adoreedx1', 2053051057, '2023-09-12 02:23:18', '2023-10-18 07:54:09', 'Mozilla/5.0 (Windows NT 10.0; Win64; x64) AppleWebKit/537.36 (KHTML, like Gecko) Chrome/114.0.0.0 Safari/537.36 Edg/114.0.1823.51'),
('adoreedx1', 1518446617, '2023-09-19 00:17:58', '2023-10-12 18:45:33', 'Mozilla/5.0 (X11; Ubuntu; Linux x86_64; rv:109.0) Gecko/20100101 Firefox/110.0'),
('adoreedx1', 3133362750, '2023-09-28 23:59:50', '2023-12-17 08:21:16', 'Mozilla/5.0 (Macintosh; Intel Mac OS X 10_15_7) AppleWebKit/537.36 (KHTML, like Gecko) Chrome/114.0.0.0 Safari/537.36'),
('adornenz0', 2088284727, '2023-09-20 12:05:32', '2023-11-12 19:20:05', 'Mozilla/5.0 (Windows NT 6.1) AppleWebKit/537.36 (KHTML, like Gecko) Chrome/109.0.0.0 Safari/537.36 OPR/95.0.0.0 (Edition Campaign 34)Mozilla/5.0 (Macintosh; Intel Mac OS X 10_15_7) AppleWebKit/605.1.15 (KHTML, like Gecko) Version/16.5 Safari/605.1.1'),
('adornenz0', 1237506877, '2023-09-11 14:28:27', '2023-09-27 08:32:08', 'Mozilla/5.0 (Windows NT 6.1) AppleWebKit/537.36 (KHTML, like Gecko) Chrome/109.0.0.0 Safari/537.36 OPR/95.0.0.0 (Edition Campaign 34)Mozilla/5.0 (Macintosh; Intel Mac OS X 10_15_7) AppleWebKit/605.1.15 (KHTML, like Gecko) Version/16.5 Safari/605.1.1'),
('adornenz0', 3329098066, '2023-09-22 02:46:53', '2023-09-25 14:27:41', 'Mozilla/5.0 (X11; Linux x86_64) AppleWebKit/537.36 (KHTML, like Gecko) Chrome/114.0.0.0 Safari/537.36'),
('adornenz0', 4131183899, '2023-10-15 05:04:18', '2023-10-21 08:44:26', 'Mozilla/5.0 (Windows NT 10.0; Win64; x64; rv:109.0) Gecko/20100101 Firefox/114.0'),
('adornenz0', 2280302385, '2023-12-01 06:44:01', '2024-02-29 05:11:58', 'Mozilla/5.0 (Windows NT 10.0; Win64; x64; rv:109.0) Gecko/20100101 Firefox/114.0'),
('adornenz0', 1250807496, '2023-09-29 06:07:31', '2023-10-05 16:53:12', 'Mozilla/5.0 (Macintosh; Intel Mac OS X 10_15_7) AppleWebKit/537.36 (KHTML, like Gecko) Chrome/114.0.0.0 Safari/537.36'),
('adornenz0', 1146188477, '2023-09-26 06:23:31', '2023-10-09 00:19:14', 'Mozilla/5.0 (Macintosh; Intel Mac OS X 10_15_7) AppleWebKit/537.36 (KHTML, like Gecko) Chrome/114.0.0.0 Safari/537.36'),
('adornenz0', 1272193645, '2023-09-22 06:14:25', '2023-10-02 15:23:42', 'Mozilla/5.0 (Windows NT 10.0; Win64; x64) AppleWebKit/537.36 (KHTML, like Gecko) Chrome/114.0.0.0 Safari/537.36'),
('adreaNd', 3520155825, '2023-09-17 08:31:57', '2023-10-27 14:34:42', 'Mozilla/5.0 (X11; Linux x86_64) AppleWebKit/537.36 (KHTML, like Gecko) Chrome/114.0.0.0 Safari/537.36'),
('adreaNd', 3946883449, '2023-12-11 13:41:22', '2023-12-18 13:47:19', 'Mozilla/5.0 (Windows NT 10.0; Win64; x64) AppleWebKit/537.36 (KHTML, like Gecko) Chrome/114.0.0.0 Safari/537.36'),
('adreaNd', 278850507, '2023-12-04 23:21:27', '2023-12-16 04:05:19', 'Mozilla/5.0 (X11; Ubuntu; Linux x86_64; rv:109.0) Gecko/20100101 Firefox/114.0'),
('adreaNd', 2814112924, '2023-09-13 13:24:08', '2023-11-09 02:24:17', 'Mozilla/5.0 (X11; Ubuntu; Linux x86_64; rv:109.0) Gecko/20100101 Firefox/114.0'),
('adreaNd', 2168844098, '2023-12-14 15:15:06', '2024-01-04 16:35:54', 'Mozilla/5.0 (Windows NT 10.0; Win64; x64) AppleWebKit/537.36 (KHTML, like Gecko) Chrome/114.0.0.0 Safari/537.36'),
('adreanna8', 2779612346, '2023-10-24 12:02:58', '2023-11-04 19:10:46', 'Mozilla/5.0 (Windows NT 10.0; Win64; x64) AppleWebKit/537.36 (KHTML, like Gecko) Chrome/114.0.0.0 Safari/537.36 Edg/114.0.1823.51'),
('adreanna8', 4004599972, '2023-09-18 13:03:52', '2023-11-05 20:54:09', 'Mozilla/5.0 (X11; Ubuntu; Linux x86_64; rv:109.0) Gecko/20100101 Firefox/110.0'),
('adreanna8', 2078512742, '2023-10-02 16:14:23', '2023-10-03 07:06:23', 'Mozilla/5.0 (X11; Linux x86_64; rv:109.0) Gecko/20100101 Firefox/114.0'),
('adreanna8', 1079572201, '2023-12-10 13:46:47', '2023-12-26 20:06:10', 'Mozilla/5.0 (Windows NT 6.1) AppleWebKit/537.36 (KHTML, like Gecko) Chrome/109.0.0.0 Safari/537.36 OPR/95.0.0.0 (Edition Campaign 34)Mozilla/5.0 (Macintosh; Intel Mac OS X 10_15_7) AppleWebKit/605.1.15 (KHTML, like Gecko) Version/16.5 Safari/605.1.1'),
('adreanna8', 4105921094, '2023-10-06 09:05:27', '2023-10-13 15:42:27', 'Mozilla/5.0 (Macintosh; Intel Mac OS X 10_15_7) AppleWebKit/537.36 (KHTML, like Gecko) Chrome/114.0.0.0 Safari/537.36'),
('adrisJFr6', 1889631282, '2023-10-21 08:58:19', '2023-11-15 03:50:10', 'Mozilla/5.0 (Windows NT 10.0; Win64; x64; rv:109.0) Gecko/20100101 Firefox/114.0'),
('adriabp5w', 1653843789, '2023-09-15 13:09:09', '2023-12-12 20:01:52', 'Mozilla/5.0 (X11; Linux x86_64; rv:109.0) Gecko/20100101 Firefox/114.0'),
('adriabp5w', 3517406060, '2023-10-06 02:18:49', '2023-10-07 12:42:28', 'Mozilla/5.0 (X11; Linux aarch64) AppleWebKit/537.36 (KHTML, like Gecko) Chrome/111.0.0.0 Safari/537.36Mozilla/5.0 (X11; CrOS x86_64 14541.0.0) AppleWebKit/537.36 (KHTML, like Gecko) Chrome/114.0.0.0 Safari/537.36'),
('adriabp5w', 2894444818, '2023-09-28 03:56:13', '2023-10-20 11:17:16', 'Mozilla/5.0 (Windows NT 10.0; Win64; x64) AppleWebKit/537.36 (KHTML, like Gecko) Chrome/114.0.0.0 Safari/537.36 Edg/114.0.1823.51'),
('adriabp5w', 62364199, '2023-09-10 14:09:14', '2023-09-26 17:29:52', 'Mozilla/5.0 (X11; Ubuntu; Linux x86_64; rv:109.0) Gecko/20100101 Firefox/114.0'),
('adriabp5w', 1434682793, '2023-10-27 21:08:26', '2023-11-10 18:52:29', 'Mozilla/5.0 (X11; Linux aarch64) AppleWebKit/537.36 (KHTML, like Gecko) Chrome/111.0.0.0 Safari/537.36Mozilla/5.0 (X11; CrOS x86_64 14541.0.0) AppleWebKit/537.36 (KHTML, like Gecko) Chrome/114.0.0.0 Safari/537.36'),
('adriabp5w', 3546049893, '2023-10-22 23:51:12', '2023-10-28 10:38:47', 'Mozilla/5.0 (X11; Linux x86_64) AppleWebKit/537.36 (KHTML, like Gecko) Chrome/114.0.0.0 Safari/537.36'),
('adriaensc', 3438563082, '2023-09-14 03:02:06', '2023-09-21 14:22:17', 'Mozilla/5.0 (X11; Linux aarch64) AppleWebKit/537.36 (KHTML, like Gecko) Chrome/111.0.0.0 Safari/537.36Mozilla/5.0 (X11; CrOS x86_64 14541.0.0) AppleWebKit/537.36 (KHTML, like Gecko) Chrome/114.0.0.0 Safari/537.36'),
('adriaensc', 2136263821, '2023-09-26 14:32:07', '2023-10-15 09:23:57', 'Mozilla/5.0 (X11; Ubuntu; Linux x86_64; rv:109.0) Gecko/20100101 Firefox/114.0'),
('adriaensc', 663178721, '2023-10-03 23:39:33', '2023-12-20 10:14:31', 'Mozilla/5.0 (X11; Ubuntu; Linux x86_64; rv:109.0) Gecko/20100101 Firefox/110.0'),
('adriaensc', 173112384, '2023-10-26 00:12:43', '2023-11-09 11:47:25', 'Mozilla/5.0 (Windows NT 10.0; Win64; x64) AppleWebKit/537.36 (KHTML, like Gecko) Chrome/114.0.0.0 Safari/537.36'),
('adriaensc', 3983671294, '2023-10-13 10:11:09', '2023-11-06 06:15:13', 'Mozilla/5.0 (X11; Linux aarch64) AppleWebKit/537.36 (KHTML, like Gecko) Chrome/111.0.0.0 Safari/537.36Mozilla/5.0 (X11; CrOS x86_64 14541.0.0) AppleWebKit/537.36 (KHTML, like Gecko) Chrome/114.0.0.0 Safari/537.36'),
('adriaensc', 3596172986, '2023-09-16 16:32:51', '2023-12-02 18:44:27', 'Mozilla/5.0 (X11; Ubuntu; Linux x86_64; rv:109.0) Gecko/20100101 Firefox/110.0'),
('adriaensc', 996628859, '2023-10-05 12:51:07', '2023-10-25 10:38:32', 'Mozilla/5.0 (Windows NT 6.1) AppleWebKit/537.36 (KHTML, like Gecko) Chrome/109.0.0.0 Safari/537.36 OPR/95.0.0.0 (Edition Campaign 34)Mozilla/5.0 (Macintosh; Intel Mac OS X 10_15_7) AppleWebKit/605.1.15 (KHTML, like Gecko) Version/16.5 Safari/605.1.1'),
('adriaensc', 1652896704, '2023-10-03 03:52:57', '2023-10-24 22:51:29', 'Mozilla/5.0 (Macintosh; Intel Mac OS X 10_15_7) AppleWebKit/537.36 (KHTML, like Gecko) Chrome/114.0.0.0 Safari/537.36'),
('adriaensc', 2187400456, '2023-09-28 12:30:36', '2023-10-03 08:58:19', 'Mozilla/5.0 (X11; Linux x86_64; rv:109.0) Gecko/20100101 Firefox/114.0'),
('adrianbz', 2714715052, '2023-11-19 17:09:32', '2023-12-08 03:34:44', 'Mozilla/5.0 (Windows NT 10.0; Win64; x64; rv:109.0) Gecko/20100101 Firefox/114.0'),
('adrianbz', 1041692902, '2023-09-27 15:29:31', '2023-10-17 13:07:18', 'Mozilla/5.0 (Windows NT 10.0; Win64; x64) AppleWebKit/537.36 (KHTML, like Gecko) Chrome/114.0.0.0 Safari/537.36 Edg/114.0.1823.51'),
('adrianbz', 1813627848, '2023-09-11 06:08:33', '2023-09-22 22:06:29', 'Mozilla/5.0 (X11; Linux aarch64) AppleWebKit/537.36 (KHTML, like Gecko) Chrome/111.0.0.0 Safari/537.36Mozilla/5.0 (X11; CrOS x86_64 14541.0.0) AppleWebKit/537.36 (KHTML, like Gecko) Chrome/114.0.0.0 Safari/537.36'),
('adrianbz', 2042936270, '2023-10-13 19:07:46', '2023-12-18 12:08:28', 'Mozilla/5.0 (Windows NT 6.1) AppleWebKit/537.36 (KHTML, like Gecko) Chrome/109.0.0.0 Safari/537.36 OPR/95.0.0.0 (Edition Campaign 34)Mozilla/5.0 (Macintosh; Intel Mac OS X 10_15_7) AppleWebKit/605.1.15 (KHTML, like Gecko) Version/16.5 Safari/605.1.1'),
('adrianbz', 2841011374, '2023-09-15 12:41:13', '2023-12-04 01:42:23', 'Mozilla/5.0 (Windows NT 6.1) AppleWebKit/537.36 (KHTML, like Gecko) Chrome/109.0.0.0 Safari/537.36 OPR/95.0.0.0 (Edition Campaign 34)Mozilla/5.0 (Macintosh; Intel Mac OS X 10_15_7) AppleWebKit/605.1.15 (KHTML, like Gecko) Version/16.5 Safari/605.1.1'),
('adrianbz', 4271184811, '2023-09-23 03:15:35', '2023-12-23 21:52:05', 'Mozilla/5.0 (Windows NT 6.1) AppleWebKit/537.36 (KHTML, like Gecko) Chrome/109.0.0.0 Safari/537.36 OPR/95.0.0.0 (Edition Campaign 34)Mozilla/5.0 (Macintosh; Intel Mac OS X 10_15_7) AppleWebKit/605.1.15 (KHTML, like Gecko) Version/16.5 Safari/605.1.1'),
('adrianbz', 276462011, '2023-10-16 11:27:44', '2023-10-21 11:00:42', 'Mozilla/5.0 (Macintosh; Intel Mac OS X 10_15_7) AppleWebKit/537.36 (KHTML, like Gecko) Chrome/114.0.0.0 Safari/537.36'),
('adrianbz', 953506382, '2023-10-04 05:23:13', '2023-10-16 04:08:19', 'Mozilla/5.0 (X11; Linux aarch64) AppleWebKit/537.36 (KHTML, like Gecko) Chrome/111.0.0.0 Safari/537.36Mozilla/5.0 (X11; CrOS x86_64 14541.0.0) AppleWebKit/537.36 (KHTML, like Gecko) Chrome/114.0.0.0 Safari/537.36'),
('adrianbz', 2310263043, '2023-09-14 02:45:11', '2023-09-15 23:10:14', 'Mozilla/5.0 (Macintosh; Intel Mac OS X 10_15_7) AppleWebKit/537.36 (KHTML, like Gecko) Chrome/114.0.0.0 Safari/537.36'),
('richie-314', 1, CURRENT_TIMESTAMP, CURRENT_TIMESTAMP, 'Mozilla/5.0 (X11; Ubuntu; Linux x86_64; rv:109.0) Gecko/20100101 Firefox/110.0');





REPLACE INTO `Visualizzazione` (Timestamp, Edizione, Utente, IP, InizioConnessione) VALUES
('2023-09-12 11:58:23',1,'adinaa7',3628554300,'2023-09-12 11:57:01'),('2023-09-13 05:54:58',1,'aaliyah1PcW',381358358,'2023-09-13 05:49:00'),('2023-09-16 00:55:50',1,'adnanBcmh',2916282928,'2023-09-16 00:55:32'),('2023-09-18 00:45:58',1,'abigaelrWm',1307255976,'2023-09-18 00:32:59'),('2023-09-21 22:37:14',1,'abbas3LjF',1577629304,'2023-09-21 22:30:28'),('2023-09-23 01:28:31',1,'adrianbz',4271184811,'2023-09-23 01:15:35'),('2023-09-24 07:15:24',1,'addonsOAKDs',2977136618,'2023-09-24 07:13:41'),('2023-09-27 05:25:03',1,'abbey6T',2748819108,'2023-09-27 05:22:05'),('2023-09-30 11:25:24',1,'adenVA8p',2738948394,'2023-09-30 11:16:46'),('2023-09-30 14:57:58',1,'admin0CxU',1678830281,'2023-09-30 14:41:00'),('2023-10-03 07:56:52',1,'adeyh',2091883412,'2023-10-03 07:50:00'),('2023-10-03 19:01:43',1,'aarenDDCY',2617566685,'2023-10-03 18:51:46'),('2023-10-11 06:06:44',1,'abree0ned',1803495310,'2023-10-11 06:03:59'),('2023-10-14 05:46:30',1,'addia0H',2080399624,'2023-10-14 05:38:54'),('2023-10-24 14:14:41',1,'aarond0V',1238383775,'2023-10-24 14:14:05'),('2023-10-26 14:25:31',1,'adnanBcmh',1389200672,'2023-10-26 14:17:38'),('2023-11-13 15:21:03',1,'abbyk',233624053,'2023-11-13 15:06:10'),('2023-09-11 04:09:55',2,'adrianbz',1813627848,'2023-09-11 04:08:33'),('2023-09-11 05:12:45',2,'addieXxM7f',2047792685,'2023-09-11 05:03:02'),('2023-09-11 09:49:52',2,'addisonb8l',3396797330,'2023-09-11 09:49:26'),('2023-09-11 13:23:22',2,'aartjann',993183191,'2023-09-11 13:07:31'),('2023-09-13 04:50:40',2,'adalynMjC1r',2491933192,'2023-09-13 04:34:04'),('2023-09-13 16:07:27',2,'abbe8',6356373,'2023-09-13 15:55:20'),('2023-09-13 18:11:46',2,'adoreedx1',1007293758,'2023-09-13 18:10:23'),('2023-09-14 01:04:10',2,'adriaensc',3438563082,'2023-09-14 01:02:06'),('2023-09-14 01:13:52',2,'adriaensc',3438563082,'2023-09-14 01:02:06'),('2023-09-17 10:55:58',2,'addia0H',2814015884,'2023-09-17 10:55:15'),('2023-09-17 12:47:31',2,'adeliajtXT3',693897457,'2023-09-17 12:32:04'),('2023-09-18 02:30:53',2,'adella8XpVj',4201219776,'2023-09-18 02:23:56'),('2023-09-20 05:24:49',2,'abiaZv',4256861015,'2023-09-20 05:23:46'),('2023-09-24 23:28:40',2,'adelicewx',2537114379,'2023-09-24 23:16:06'),('2023-09-25 18:51:04',2,'adelaideAbBJt',2669515068,'2023-09-25 18:39:04'),('2023-09-27 13:42:02',2,'adrianbz',1041692902,'2023-09-27 13:29:31'),('2023-10-07 17:03:29',2,'adaB1',1785906761,'2023-10-07 16:55:46'),('2023-10-16 23:12:32',2,'adianaFa6WR',1037812202,'2023-10-16 23:07:55'),('2023-10-26 14:27:31',2,'adnanBcmh',1389200672,'2023-10-26 14:17:38'),('2023-10-29 16:39:40',2,'abyrb',1234366463,'2023-10-29 16:32:11'),('2023-11-06 17:47:52',2,'abbey6T',2163712972,'2023-11-06 17:37:18'),('2023-09-11 04:45:14',3,'adelinaXu',3422437678,'2023-09-11 04:39:19'),('2023-09-13 16:07:26',3,'abbe8',6356373,'2023-09-13 15:55:20'),('2023-09-13 18:14:29',3,'adoreedx1',1007293758,'2023-09-13 18:10:23'),('2023-09-14 04:01:16',3,'adenVA8p',1722748373,'2023-09-14 03:49:10'),('2023-09-15 05:08:36',3,'adenVA8p',3557037940,'2023-09-15 05:00:15'),('2023-09-15 18:49:10',3,'abagaelEq7RF',3209881616,'2023-09-15 18:47:38'),('2023-09-16 11:49:26',3,'adelaidalgL',92755394,'2023-09-16 11:42:59'),('2023-09-20 04:58:29',3,'abuEVvO',1744496918,'2023-09-20 04:47:08'),('2023-09-20 05:30:05',3,'abiaZv',4256861015,'2023-09-20 05:23:46'),('2023-09-25 17:23:02',3,'aarenDDCY',2318257079,'2023-09-25 17:16:41'),('2023-09-27 15:12:41',3,'abbe8',1396499045,'2023-09-27 14:55:38'),('2023-09-30 11:27:13',3,'adenVA8p',2738948394,'2023-09-30 11:16:46'),('2023-10-03 19:07:01',3,'aarenDDCY',2617566685,'2023-10-03 18:51:46'),('2023-10-06 00:22:06',3,'adriabp5w',3517406060,'2023-10-06 00:18:49'),('2023-10-07 17:05:12',3,'adelinaXu',2844469171,'2023-10-07 16:58:11'),('2023-10-09 23:30:27',3,'abigaelrWm',492010665,'2023-10-09 23:15:38'),('2023-10-11 21:16:31',3,'abraLH',1975294965,'2023-10-11 21:10:39'),('2023-10-11 21:21:16',3,'abrielleoKvo',3145249744,'2023-10-11 21:20:29'),('2023-11-01 05:38:19',3,'abagail6rSA',4184535473,'2023-11-01 05:34:47'),('2023-12-14 14:17:46',3,'adreaNd',2168844098,'2023-12-14 14:15:06'),('2023-09-12 10:50:30',4,'adora1gH',694103030,'2023-09-12 10:37:58'),('2023-09-12 21:11:45',4,'abbie2FFMK',2491683135,'2023-09-12 21:00:11'),('2023-09-15 22:30:38',4,'adelaidalgL',704883995,'2023-09-15 22:26:07'),('2023-09-16 15:30:46',4,'abriannavY',746372815,'2023-09-16 15:20:00'),('2023-09-18 00:34:50',4,'abigaelrWm',1307255976,'2023-09-18 00:32:59'),('2023-09-18 08:58:17',4,'adelinaXu',1049982104,'2023-09-18 08:42:05'),('2023-09-20 05:01:26',4,'abuEVvO',1744496918,'2023-09-20 04:47:08'),('2023-09-27 13:58:58',4,'adelind1Kp5X',2712350200,'2023-09-27 13:45:50'),('2023-09-27 14:59:21',4,'abbe8',1396499045,'2023-09-27 14:55:38'),('2023-09-29 08:44:40',4,'acaciamD',2519143665,'2023-09-29 08:29:18'),('2023-10-01 00:12:17',4,'adelaideAbBJt',3352776448,'2023-10-01 00:00:11'),('2023-10-03 21:53:14',4,'adriaensc',663178721,'2023-10-03 21:39:33'),('2023-10-03 22:25:28',4,'accountingu',633232440,'2023-10-03 22:25:03'),('2023-10-05 12:00:51',4,'abahri9PS0',1993899146,'2023-10-05 11:56:20'),('2023-10-17 01:18:50',4,'adityaHQ',2268209090,'2023-10-17 01:14:17'),('2023-10-17 19:10:19',4,'achammaFtwp5',2808423530,'2023-10-17 19:08:35'),('2023-10-18 20:51:16',4,'abbie2FFMK',1787187951,'2023-10-18 20:43:42'),('2023-10-22 12:36:33',4,'aaliyah1PcW',2711062787,'2023-10-22 12:24:05'),('2023-10-24 20:54:58',4,'action5h9z1',2690926897,'2023-10-24 20:41:06'),('2023-11-13 15:18:49',4,'abbyk',233624053,'2023-11-13 15:06:10'),('2023-11-19 12:58:36',4,'adeleOt',1512875283,'2023-11-19 12:55:21'),('2023-09-13 05:54:51',5,'aaliyah1PcW',381358358,'2023-09-13 05:49:00'),('2023-09-13 06:00:29',5,'adonisX',2748469179,'2023-09-13 05:45:26'),('2023-09-13 11:03:49',5,'aaliyah1PcW',4106946456,'2023-09-13 11:01:17'),('2023-09-13 16:42:07',5,'abbie2FFMK',793879898,'2023-09-13 16:32:38'),('2023-09-15 10:52:39',5,'adrianbz',2841011374,'2023-09-15 10:41:13'),('2023-09-15 11:12:10',5,'adriabp5w',1653843789,'2023-09-15 11:09:09'),('2023-09-24 23:28:16',5,'adelicewx',2537114379,'2023-09-24 23:16:06'),('2023-09-25 01:22:24',5,'abbas3LjF',288320286,'2023-09-25 01:15:25'),('2023-09-25 08:34:28',5,'adaracUs',3962985961,'2023-09-25 08:19:52'),('2023-09-27 09:36:15',5,'aarushiIw',3809311770,'2023-09-27 09:27:08'),('2023-09-27 13:46:21',5,'adelind1Kp5X',2712350200,'2023-09-27 13:45:50'),('2023-09-30 14:43:47',5,'admin0CxU',1678830281,'2023-09-30 14:41:00'),('2023-10-03 02:04:44',5,'adriaensc',1652896704,'2023-10-03 01:52:57'),('2023-10-06 00:26:56',5,'adriabp5w',3517406060,'2023-10-06 00:18:49'),('2023-10-09 05:05:35',5,'adeTe9W',249618254,'2023-10-09 05:04:35'),('2023-10-16 15:42:42',5,'adaB1',1419992319,'2023-10-16 15:29:10'),('2023-10-20 05:22:09',5,'abigaelrWm',3219797639,'2023-10-20 05:08:05'),('2023-10-26 14:25:23',5,'adnanBcmh',1389200672,'2023-10-26 14:17:38'),('2023-10-30 03:40:32',5,'addieXxM7f',3946450727,'2023-10-30 03:32:41'),('2023-11-02 15:43:08',5,'abriannavY',2608197405,'2023-11-02 15:33:21'),('2023-11-06 19:41:05',5,'addyJ',823317030,'2023-11-06 19:37:15'),('2023-12-07 11:12:24',5,'abrahamnNCN',1757503815,'2023-12-07 10:59:40'),('2023-09-11 04:08:48',6,'adrianbz',1813627848,'2023-09-11 04:08:33'),('2023-09-11 19:58:41',6,'aarenDDCY',790530317,'2023-09-11 19:51:28'),('2023-09-13 01:07:58',6,'adamYi',4238934986,'2023-09-13 01:06:28'),('2023-09-14 11:06:40',6,'abbe8',2691536612,'2023-09-14 11:01:40'),('2023-09-20 08:16:27',6,'adelinaXu',198537475,'2023-09-20 08:03:01'),('2023-09-22 18:38:58',6,'acaciamD',2133436255,'2023-09-22 18:31:54'),('2023-09-23 01:16:50',6,'adrianbz',4271184811,'2023-09-23 01:15:35'),('2023-09-24 20:33:13',6,'aarushiIw',3939076258,'2023-09-24 20:19:54'),('2023-09-25 17:17:22',6,'aarenDDCY',2318257079,'2023-09-25 17:16:41'),('2023-09-28 02:04:44',6,'adriabp5w',2894444818,'2023-09-28 01:56:13'),('2023-10-02 23:34:10',6,'abraLH',2171432467,'2023-10-02 23:19:21'),('2023-10-05 10:54:03',6,'adriaensc',996628859,'2023-10-05 10:51:07'),('2023-10-05 16:51:27',6,'adairNxJ4',3271530929,'2023-10-05 16:51:23'),('2023-10-05 16:59:26',6,'adairNxJ4',3271530929,'2023-10-05 16:51:23'),('2023-10-06 16:58:25',6,'addaD',203348976,'2023-10-06 16:41:43'),('2023-10-08 22:49:59',6,'acesl',2239483699,'2023-10-08 22:35:33'),('2023-10-09 17:09:21',6,'abagaelEq7RF',992087676,'2023-10-09 17:04:23'),('2023-10-10 15:49:50',6,'abuEVvO',3788349416,'2023-10-10 15:43:55'),('2023-10-14 11:56:33',6,'abuEVvO',204432044,'2023-10-14 11:55:48'),('2023-10-20 05:11:39',6,'abigaelrWm',3219797639,'2023-10-20 05:08:05'),('2023-10-20 05:12:08',6,'abigaelrWm',3219797639,'2023-10-20 05:08:05'),('2023-09-10 12:23:02',7,'adriabp5w',62364199,'2023-09-10 12:09:14'),('2023-09-11 10:01:51',7,'addisonb8l',3396797330,'2023-09-11 09:49:26'),('2023-09-18 08:44:36',7,'adelinaXu',1049982104,'2023-09-18 08:42:05'),('2023-09-21 21:37:41',7,'adantH',2994416135,'2023-09-21 21:27:26'),('2023-09-23 01:17:56',7,'adrianbz',4271184811,'2023-09-23 01:15:35'),('2023-09-26 20:33:00',7,'adiey',2763856633,'2023-09-26 20:20:01'),('2023-10-03 02:05:37',7,'adriaensc',1652896704,'2023-10-03 01:52:57'),('2023-10-03 22:39:36',7,'accountingu',633232440,'2023-10-03 22:25:03'),('2023-10-04 20:06:51',7,'abree0ned',3087087366,'2023-10-04 19:55:01'),('2023-10-15 15:38:31',7,'abrahamnNCN',3575955663,'2023-10-15 15:24:56'),('2023-10-16 19:12:38',7,'adianaFa6WR',1072514621,'2023-10-16 18:56:31'),('2023-10-29 14:21:17',7,'addyJ',2771057373,'2023-10-29 14:15:41'),('2023-11-16 11:54:36',7,'abagaelEq7RF',1320020589,'2023-11-16 11:53:43'),('2023-11-19 16:19:05',7,'adrianbz',2714715052,'2023-11-19 16:09:32'),('2023-11-24 02:30:08',7,'adelynng',1524201429,'2023-11-24 02:13:31'),('2023-11-26 14:45:37',7,'abagail6rSA',989403410,'2023-11-26 14:41:54'),('2023-12-10 12:53:26',7,'adreanna8',1079572201,'2023-12-10 12:46:47'),('2023-09-15 11:10:18',8,'adriabp5w',1653843789,'2023-09-15 11:09:09'),('2023-09-19 17:20:39',8,'admin0CxU',1711639846,'2023-09-19 17:11:11'),('2023-09-27 13:43:40',8,'adrianbz',1041692902,'2023-09-27 13:29:31'),('2023-10-02 12:48:56',8,'achalbkG',2556376476,'2023-10-02 12:47:12'),('2023-10-06 16:47:08',8,'addaD',203348976,'2023-10-06 16:41:43'),('2023-10-11 21:22:47',8,'abraLH',1975294965,'2023-10-11 21:10:39'),('2023-10-17 01:15:13',8,'adityaHQ',2268209090,'2023-10-17 01:14:17'),('2023-10-31 06:51:06',8,'aarikap',1645624376,'2023-10-31 06:45:28'),('2023-11-19 02:09:11',8,'abahri9PS0',4117986474,'2023-11-19 02:03:25'),('2023-11-19 12:56:32',8,'adeleOt',1512875283,'2023-11-19 12:55:21'),('2023-12-09 17:33:59',8,'adalynMjC1r',1831691304,'2023-12-09 17:21:09'),('2023-09-10 12:15:32',9,'adriabp5w',62364199,'2023-09-10 12:09:14'),('2023-09-10 22:35:55',9,'addieXxM7f',3017058087,'2023-09-10 22:22:31'),('2023-09-11 20:02:02',9,'aarenDDCY',790530317,'2023-09-11 19:51:28'),('2023-09-13 04:45:16',9,'adalynMjC1r',2491933192,'2023-09-13 04:34:04'),('2023-09-17 17:18:12',9,'adalynMjC1r',3812779435,'2023-09-17 17:08:56'),('2023-09-17 23:53:48',9,'aaliyah1PcW',3534309795,'2023-09-17 23:50:08'),('2023-09-18 23:34:12',9,'adnanBcmh',1284018007,'2023-09-18 23:29:02'),('2023-09-20 04:59:46',9,'abuEVvO',1744496918,'2023-09-20 04:47:08'),('2023-09-22 11:46:20',9,'abbye16',3125975076,'2023-09-22 11:32:42'),('2023-09-23 06:06:04',9,'abahri9PS0',2343486684,'2023-09-23 05:59:09'),('2023-09-26 16:51:49',9,'adelaidalgL',3508682705,'2023-09-26 16:36:21'),('2023-10-02 14:17:21',9,'adreanna8',2078512742,'2023-10-02 14:14:23'),('2023-10-07 07:38:21',9,'aaliyah1PcW',3324480782,'2023-10-07 07:28:54'),('2023-10-11 06:19:12',9,'abree0ned',1803495310,'2023-10-11 06:03:59'),('2023-10-11 11:45:23',9,'abbyk',1118505443,'2023-10-11 11:31:52'),('2023-10-14 03:22:16',9,'adelaideAbBJt',1756563355,'2023-10-14 03:11:55'),('2023-10-16 15:45:36',9,'adaB1',1419992319,'2023-10-16 15:29:10'),('2023-10-18 20:49:47',9,'abbie2FFMK',1787187951,'2023-10-18 20:43:42'),('2023-11-03 20:58:52',9,'abigaelrWm',500337494,'2023-11-03 20:47:34'),('2023-11-22 03:39:32',9,'adahg5',2180500285,'2023-11-22 03:25:06'),('2023-09-11 09:59:21',10,'addisonb8l',3396797330,'2023-09-11 09:49:26'),('2023-09-17 07:03:45',10,'adinaa7',2673195242,'2023-09-17 06:59:15'),('2023-09-19 01:21:18',10,'addieXxM7f',2852863591,'2023-09-19 01:12:30'),('2023-09-19 15:01:20',10,'abagail6rSA',1853609370,'2023-09-19 15:00:44'),('2023-09-22 04:26:50',10,'adornenz0',1272193645,'2023-09-22 04:14:25'),('2023-09-22 23:25:39',10,'aartjann',2552202586,'2023-09-22 23:23:43'),('2023-09-24 22:10:45',10,'adeliL',1077081532,'2023-09-24 22:06:33'),('2023-09-25 18:46:05',10,'adelaideAbBJt',2669515068,'2023-09-25 18:39:04'),('2023-09-27 15:05:25',10,'abbe8',1396499045,'2023-09-27 14:55:38'),('2023-09-28 15:05:47',10,'adenVA8p',2537302262,'2023-09-28 14:58:36'),('2023-09-29 23:19:43',10,'abbey6T',1837179915,'2023-09-29 23:06:47'),('2023-10-04 14:46:56',10,'aarond0V',1224255154,'2023-10-04 14:35:42'),('2023-10-05 11:59:47',10,'abahri9PS0',1993899146,'2023-10-05 11:56:20'),('2023-10-09 05:06:06',10,'adeTe9W',249618254,'2023-10-09 05:04:35'),('2023-10-09 23:26:18',10,'abigaelrWm',492010665,'2023-10-09 23:15:38'),('2023-10-11 21:34:30',10,'abrielleoKvo',3145249744,'2023-10-11 21:20:29'),('2023-10-14 12:09:50',10,'abuEVvO',204432044,'2023-10-14 11:55:48'),('2023-10-15 19:10:22',10,'accountingu',2945206615,'2023-10-15 19:02:59'),('2023-10-17 19:17:02',10,'achammaFtwp5',2808423530,'2023-10-17 19:08:35'),('2023-09-10 12:12:00',11,'adriabp5w',62364199,'2023-09-10 12:09:14'),('2023-09-10 22:22:32',11,'addieXxM7f',3017058087,'2023-09-10 22:22:31'),('2023-09-12 03:45:01',11,'addyJ',2196653732,'2023-09-12 03:39:46'),('2023-09-12 21:00:50',11,'abbie2FFMK',2491683135,'2023-09-12 21:00:11'),('2023-09-13 04:49:29',11,'adalynMjC1r',2491933192,'2023-09-13 04:34:04'),('2023-09-13 16:39:08',11,'abbie2FFMK',793879898,'2023-09-13 16:32:38'),('2023-09-14 19:08:39',11,'abuEVvO',3599398250,'2023-09-14 19:03:18'),('2023-09-16 01:11:33',11,'adnanBcmh',2916282928,'2023-09-16 00:55:32'),('2023-09-16 19:36:01',11,'aarushiIw',966737277,'2023-09-16 19:34:43'),('2023-09-17 12:34:00',11,'adeliajtXT3',693897457,'2023-09-17 12:32:04'),('2023-09-18 22:20:02',11,'adoreedx1',1518446617,'2023-09-18 22:17:58'),('2023-09-19 04:26:52',11,'adeliajtXT3',1350670568,'2023-09-19 04:21:36'),('2023-09-20 08:11:24',11,'adelinaXu',198537475,'2023-09-20 08:03:01'),('2023-09-21 11:58:26',11,'abagail6rSA',4005151537,'2023-09-21 11:56:51'),('2023-09-21 22:43:46',11,'abbas3LjF',1577629304,'2023-09-21 22:30:28'),('2023-09-22 09:00:16',11,'adairNxJ4',2723196510,'2023-09-22 08:46:25'),('2023-09-23 01:22:28',11,'adrianbz',4271184811,'2023-09-23 01:15:35'),('2023-09-24 23:36:01',11,'abigail6CA',2958516782,'2023-09-24 23:26:08'),('2023-09-25 17:43:10',11,'abbye16',1229092485,'2023-09-25 17:39:35'),('2023-09-29 23:16:43',11,'abbey6T',1837179915,'2023-09-29 23:06:47'),('2023-10-04 20:01:32',11,'abree0ned',3087087366,'2023-10-04 19:55:01'),('2023-10-07 17:03:33',11,'adaB1',1785906761,'2023-10-07 16:55:46'),('2023-10-07 17:15:13',11,'adelinaXu',2844469171,'2023-10-07 16:58:11'),('2023-10-11 05:23:52',11,'adeyh',129161851,'2023-10-11 05:18:20'),('2023-10-15 19:16:36',11,'accountingu',2945206615,'2023-10-15 19:02:59'),('2023-10-15 19:19:17',11,'accountingu',2945206615,'2023-10-15 19:02:59'),('2023-10-20 23:55:04',11,'adelheid1ZjKc',4279387602,'2023-10-20 23:43:45'),('2023-10-24 03:47:45',11,'addyJ',74502916,'2023-10-24 03:43:58'),('2023-10-25 08:50:56',11,'abrahamnNCN',2432295471,'2023-10-25 08:46:41'),('2023-10-25 08:56:32',11,'abrahamnNCN',2432295471,'2023-10-25 08:46:41'),('2023-10-29 16:36:12',11,'abyrb',1234366463,'2023-10-29 16:32:11'),('2023-10-31 15:28:03',11,'admin0CxU',856631943,'2023-10-31 15:16:24'),('2023-09-12 00:25:11',12,'adoreedx1',2053051057,'2023-09-12 00:23:18'),('2023-09-15 19:02:50',12,'abagaelEq7RF',3209881616,'2023-09-15 18:47:38'),('2023-09-18 11:04:26',12,'adoreedx1',4226450932,'2023-09-18 10:49:53'),('2023-09-26 16:36:31',12,'adelaidalgL',3508682705,'2023-09-26 16:36:21'),('2023-09-27 13:58:56',12,'adelind1Kp5X',2712350200,'2023-09-27 13:45:50'),('2023-10-04 07:32:18',12,'adalynMjC1r',3470483471,'2023-10-04 07:28:23'),('2023-10-04 20:08:02',12,'abree0ned',3087087366,'2023-10-04 19:55:01'),('2023-10-06 07:05:39',12,'adreanna8',4105921094,'2023-10-06 07:05:27'),('2023-10-15 19:13:30',12,'accountingu',2945206615,'2023-10-15 19:02:59'),('2023-10-26 14:17:55',12,'adnanBcmh',1389200672,'2023-10-26 14:17:38'),('2023-11-19 16:10:40',12,'adrianbz',2714715052,'2023-11-19 16:09:32'),('2023-11-21 22:31:55',12,'adantH',437051496,'2023-11-21 22:28:18'),('2023-09-11 04:54:26',13,'adelinaXu',3422437678,'2023-09-11 04:39:19'),('2023-09-16 10:54:24',13,'addisonb8l',4114246338,'2023-09-16 10:45:49'),('2023-09-17 13:57:59',13,'abigaelrWm',2927084679,'2023-09-17 13:55:18'),('2023-09-17 17:22:14',13,'adalynMjC1r',3812779435,'2023-09-17 17:08:56'),('2023-09-18 00:15:02',13,'abejvDJC',2171172106,'2023-09-18 00:11:25'),('2023-09-22 11:42:36',13,'abbye16',3125975076,'2023-09-22 11:32:42'),('2023-09-25 17:28:58',13,'aarenDDCY',2318257079,'2023-09-25 17:16:41'),('2023-10-05 12:01:49',13,'abahri9PS0',1993899146,'2023-10-05 11:56:20'),('2023-10-13 09:42:53',13,'addieXxM7f',4188844914,'2023-10-13 09:35:58'),('2023-10-15 15:31:35',13,'abrahamnNCN',3575955663,'2023-10-15 15:24:56'),('2023-10-21 16:56:58',13,'abbas3LjF',1736764135,'2023-10-21 16:55:01'),('2023-11-02 15:37:14',13,'abriannavY',2608197405,'2023-11-02 15:33:21'),('2023-11-06 19:39:23',13,'addyJ',823317030,'2023-11-06 19:37:15'),('2023-11-14 20:35:23',13,'adon6',2273652366,'2023-11-14 20:27:39'),('2023-11-20 23:36:36',13,'adityaHQ',604321067,'2023-11-20 23:35:58'),('2023-11-21 22:33:18',13,'adantH',437051496,'2023-11-21 22:28:18'),('2023-12-09 17:37:38',13,'adalynMjC1r',1831691304,'2023-12-09 17:21:09'),('2023-09-11 12:35:21',14,'adornenz0',1237506877,'2023-09-11 12:28:27'),('2023-09-14 12:29:07',14,'adeTe9W',3691965924,'2023-09-14 12:27:03'),('2023-09-14 12:39:42',14,'adeTe9W',3691965924,'2023-09-14 12:27:03'),('2023-09-15 22:41:00',14,'adelaidalgL',704883995,'2023-09-15 22:26:07'),('2023-09-21 21:40:06',14,'adantH',2994416135,'2023-09-21 21:27:26'),('2023-09-24 23:25:32',14,'adelicewx',2537114379,'2023-09-24 23:16:06'),('2023-09-24 23:38:14',14,'abigail6CA',2958516782,'2023-09-24 23:26:08'),('2023-09-27 13:45:32',14,'adrianbz',1041692902,'2023-09-27 13:29:31'),('2023-09-28 02:05:08',14,'adriabp5w',2894444818,'2023-09-28 01:56:13'),('2023-10-02 07:47:40',14,'abigail6CA',1451603882,'2023-10-02 07:38:52'),('2023-10-06 07:15:02',14,'adreanna8',4105921094,'2023-10-06 07:05:27'),('2023-10-20 05:13:49',14,'abigaelrWm',3219797639,'2023-10-20 05:08:05'),('2023-11-28 10:34:41',14,'admin0CxU',3191590249,'2023-11-28 10:22:17'),('2023-09-12 00:31:40',15,'adoreedx1',2053051057,'2023-09-12 00:23:18'),('2023-09-12 12:08:35',15,'adinaa7',3628554300,'2023-09-12 11:57:01'),('2023-09-25 01:31:30',15,'abbas3LjF',288320286,'2023-09-25 01:15:25'),('2023-09-25 08:26:58',15,'adaracUs',3962985961,'2023-09-25 08:19:52'),('2023-09-27 14:55:12',15,'abbey6T',1915563858,'2023-09-27 14:47:46'),('2023-09-29 08:41:23',15,'acaciamD',2519143665,'2023-09-29 08:29:18'),('2023-10-03 19:00:04',15,'aarenDDCY',2617566685,'2023-10-03 18:51:46'),('2023-10-03 22:36:30',15,'accountingu',633232440,'2023-10-03 22:25:03'),('2023-10-22 21:53:27',15,'adriabp5w',3546049893,'2023-10-22 21:51:12'),('2023-10-24 20:41:14',15,'action5h9z1',2690926897,'2023-10-24 20:41:06'),('2023-10-26 14:25:16',15,'adnanBcmh',1389200672,'2023-10-26 14:17:38'),('2023-11-24 02:00:50',15,'adelaidalgL',1890703144,'2023-11-24 01:57:51'),('2023-11-26 18:29:54',15,'adoreedx1',2681516215,'2023-11-26 18:15:04'),('2023-09-11 01:06:09',16,'accountingu',475509290,'2023-09-11 00:49:45'),('2023-09-14 01:15:28',16,'adriaensc',3438563082,'2023-09-14 01:02:06'),('2023-09-18 00:47:47',16,'abigaelrWm',1307255976,'2023-09-18 00:32:59'),('2023-09-19 17:25:09',16,'admin0CxU',1711639846,'2023-09-19 17:11:11'),('2023-09-20 05:32:03',16,'abiaZv',4256861015,'2023-09-20 05:23:46'),('2023-09-21 05:45:58',16,'adamYi',1794561673,'2023-09-21 05:42:43'),('2023-09-21 20:53:04',16,'adalynMjC1r',2543937039,'2023-09-21 20:37:11'),('2023-09-25 18:41:49',16,'adelaideAbBJt',2669515068,'2023-09-25 18:39:04'),('2023-09-27 05:29:09',16,'abbey6T',2748819108,'2023-09-27 05:22:05'),('2023-09-27 15:58:39',16,'adenar3QR',3509896283,'2023-09-27 15:43:51'),('2023-09-29 23:21:15',16,'abbey6T',1837179915,'2023-09-29 23:06:47'),('2023-10-03 21:52:52',16,'adriaensc',663178721,'2023-10-03 21:39:33'),('2023-10-07 17:08:07',16,'adelinaXu',2844469171,'2023-10-07 16:58:11'),('2023-10-08 22:44:45',16,'acesl',2239483699,'2023-10-08 22:35:33'),('2023-10-17 01:14:51',16,'adityaHQ',2268209090,'2023-10-17 01:14:17'),('2023-12-07 11:07:22',16,'abrahamnNCN',1757503815,'2023-12-07 10:59:40'),('2023-09-10 18:26:36',17,'aaliyah1PcW',3168030470,'2023-09-10 18:22:21'),('2023-09-13 05:53:53',17,'aaliyah1PcW',381358358,'2023-09-13 05:49:00'),('2023-09-14 15:55:21',17,'adalynMjC1r',1113163787,'2023-09-14 15:54:52'),('2023-09-14 19:14:42',17,'abuEVvO',3599398250,'2023-09-14 19:03:18'),('2023-09-16 09:45:33',17,'addisonb8l',473180324,'2023-09-16 09:38:51'),('2023-09-18 11:06:14',17,'adoreedx1',4226450932,'2023-09-18 10:49:53'),('2023-09-19 04:35:01',17,'adeliajtXT3',1350670568,'2023-09-19 04:21:36'),('2023-09-20 13:55:43',17,'abuEVvO',2035806227,'2023-09-20 13:39:45'),('2023-09-24 23:32:29',17,'adelicewx',2537114379,'2023-09-24 23:16:06'),('2023-09-25 17:15:05',17,'abbas3LjF',639415277,'2023-09-25 17:08:35'),('2023-09-25 18:43:06',17,'adelaideAbBJt',2669515068,'2023-09-25 18:39:04'),('2023-09-25 22:03:05',17,'addisonb8l',274318778,'2023-09-25 21:57:39'),('2023-09-27 13:12:58',17,'adalinex',410245089,'2023-09-27 12:59:46'),('2023-10-03 22:26:36',17,'accountingu',633232440,'2023-10-03 22:25:03'),('2023-10-16 09:40:32',17,'adrianbz',276462011,'2023-10-16 09:27:44'),('2023-10-16 19:03:41',17,'adianaFa6WR',1072514621,'2023-10-16 18:56:31'),('2023-10-16 23:15:29',17,'adianaFa6WR',1037812202,'2023-10-16 23:07:55'),('2023-11-02 15:42:23',17,'abriannavY',2608197405,'2023-11-02 15:33:21'),('2023-09-13 01:17:31',18,'adamYi',4238934986,'2023-09-13 01:06:28'),('2023-09-13 17:56:27',18,'adoreedx1',990315879,'2023-09-13 17:43:43'),('2023-09-13 23:50:25',18,'action5h9z1',74276601,'2023-09-13 23:50:15'),('2023-09-15 11:14:16',18,'adriabp5w',1653843789,'2023-09-15 11:09:09'),('2023-09-18 03:05:03',18,'adelicewx',2373939912,'2023-09-18 02:58:38'),('2023-09-20 12:50:48',18,'abbie2FFMK',664504889,'2023-09-20 12:42:44'),('2023-09-20 22:03:21',18,'adinaa7',2309480174,'2023-09-20 21:56:56'),('2023-09-21 21:35:37',18,'adantH',2994416135,'2023-09-21 21:27:26'),('2023-09-22 07:59:57',18,'adoreVd',3929763901,'2023-09-22 07:44:22'),('2023-09-23 06:06:32',18,'abahri9PS0',2343486684,'2023-09-23 05:59:09'),('2023-09-24 09:19:56',18,'aarushiIw',3459057773,'2023-09-24 09:06:26'),('2023-09-27 13:44:48',18,'adrianbz',1041692902,'2023-09-27 13:29:31'),('2023-09-27 13:49:11',18,'adelind1Kp5X',2712350200,'2023-09-27 13:45:50'),('2023-10-03 21:54:19',18,'abbey6T',1895433325,'2023-10-03 21:38:51'),('2023-10-16 02:29:59',18,'abriannavY',3213979794,'2023-10-16 02:23:32'),('2023-10-16 23:11:11',18,'adianaFa6WR',1037812202,'2023-10-16 23:07:55'),('2023-10-17 19:13:54',18,'achammaFtwp5',2808423530,'2023-10-17 19:08:35'),('2023-10-22 22:07:51',18,'adriabp5w',3546049893,'2023-10-22 21:51:12'),('2023-11-02 15:37:56',18,'abriannavY',2608197405,'2023-11-02 15:33:21'),('2023-11-13 15:06:52',18,'abbyk',233624053,'2023-11-13 15:06:10'),('2023-11-28 10:29:44',18,'admin0CxU',3191590249,'2023-11-28 10:22:17'),('2023-09-17 07:10:47',19,'adinaa7',2673195242,'2023-09-17 06:59:15'),('2023-09-17 07:11:23',19,'adinaa7',2673195242,'2023-09-17 06:59:15'),('2023-09-21 05:58:21',19,'adamYi',1794561673,'2023-09-21 05:42:43'),('2023-09-22 11:19:46',19,'addieXxM7f',1837400007,'2023-09-22 11:07:50'),('2023-09-27 15:35:27',19,'abejvDJC',4244135786,'2023-09-27 15:26:01'),('2023-09-29 01:45:48',19,'adairNxJ4',378863865,'2023-09-29 01:34:54'),('2023-09-29 08:36:52',19,'acaciamD',2519143665,'2023-09-29 08:29:18'),('2023-10-04 20:04:01',19,'abree0ned',3087087366,'2023-10-04 19:55:01'),('2023-10-09 23:24:29',19,'abigaelrWm',492010665,'2023-10-09 23:15:38'),('2023-10-16 02:30:48',19,'abriannavY',3213979794,'2023-10-16 02:23:32'),('2023-11-01 05:46:58',19,'abagail6rSA',4184535473,'2023-11-01 05:34:47'),('2023-09-11 00:55:01',20,'accountingu',475509290,'2023-09-11 00:49:45'),('2023-09-11 04:46:59',20,'adelinaXu',3422437678,'2023-09-11 04:39:19'),('2023-09-13 11:16:40',20,'aaliyah1PcW',4106946456,'2023-09-13 11:01:17'),('2023-09-16 15:36:28',20,'abriannavY',746372815,'2023-09-16 15:20:00'),('2023-09-22 07:52:29',20,'adoreVd',3929763901,'2023-09-22 07:44:22'),('2023-09-22 18:35:27',20,'acaciamD',2133436255,'2023-09-22 18:31:54'),('2023-09-23 01:16:04',20,'adrianbz',4271184811,'2023-09-23 01:15:35'),('2023-09-23 16:52:40',20,'abram5Ry',1780201194,'2023-09-23 16:41:12'),('2023-09-29 08:43:04',20,'acaciamD',2519143665,'2023-09-29 08:29:18'),('2023-09-29 23:12:10',20,'abbey6T',1837179915,'2023-09-29 23:06:47'),('2023-10-03 08:00:30',20,'adeyh',2091883412,'2023-10-03 07:50:00'),('2023-10-04 14:37:28',20,'aarond0V',1224255154,'2023-10-04 14:35:42'),('2023-10-07 07:31:19',20,'aaliyah1PcW',3324480782,'2023-10-07 07:28:54'),('2023-10-11 11:34:34',20,'abbyk',1118505443,'2023-10-11 11:31:52'),('2023-10-13 09:36:53',20,'addieXxM7f',4188844914,'2023-10-13 09:35:58'),('2023-11-19 13:09:17',20,'adeleOt',1512875283,'2023-11-19 12:55:21'),('2023-11-24 02:02:42',20,'adelaidalgL',1890703144,'2023-11-24 01:57:51'),('2023-09-14 19:11:44',21,'abuEVvO',3599398250,'2023-09-14 19:03:18'),('2023-09-14 19:16:31',21,'abbye16',268235591,'2023-09-14 19:01:38'),('2023-09-18 23:38:35',21,'adnanBcmh',1284018007,'2023-09-18 23:29:02'),('2023-09-25 17:43:03',21,'abbye16',1229092485,'2023-09-25 17:39:35'),('2023-09-27 05:33:00',21,'abbey6T',2748819108,'2023-09-27 05:22:05'),('2023-09-30 14:46:59',21,'admin0CxU',1678830281,'2023-09-30 14:41:00'),('2023-10-02 04:55:04',21,'abigaelrWm',2506469976,'2023-10-02 04:43:39'),('2023-10-08 22:46:27',21,'acesl',2239483699,'2023-10-08 22:35:33'),('2023-10-09 10:58:30',21,'adoreedx1',2077274764,'2023-10-09 10:44:46'),('2023-10-10 09:15:42',21,'adantH',3069347707,'2023-10-10 09:04:17'),('2023-11-14 20:33:29',21,'adon6',2273652366,'2023-11-14 20:27:39'),('2023-11-19 02:05:08',21,'abahri9PS0',4117986474,'2023-11-19 02:03:25'),('2023-11-23 23:12:21',21,'addia0H',1677290,'2023-11-23 22:58:06'),('2023-09-10 12:17:49',22,'adriabp5w',62364199,'2023-09-10 12:09:14'),('2023-09-10 22:34:52',22,'addieXxM7f',3017058087,'2023-09-10 22:22:31'),('2023-09-14 00:56:07',22,'adrianbz',2310263043,'2023-09-14 00:45:11'),('2023-09-15 20:57:13',22,'adoreVd',641042536,'2023-09-15 20:45:17'),('2023-09-17 14:05:53',22,'abigaelrWm',2927084679,'2023-09-17 13:55:18'),('2023-09-17 14:08:56',22,'abigaelrWm',2927084679,'2023-09-17 13:55:18'),('2023-09-18 00:14:48',22,'abejvDJC',2171172106,'2023-09-18 00:11:25'),('2023-09-18 16:07:16',22,'adeleneeO2',2295893712,'2023-09-18 15:57:44'),('2023-09-21 21:32:24',22,'adantH',2994416135,'2023-09-21 21:27:26'),('2023-09-21 22:40:43',22,'abbas3LjF',1577629304,'2023-09-21 22:30:28'),('2023-09-24 23:17:56',22,'adelicewx',2537114379,'2023-09-24 23:16:06'),('2023-09-25 22:00:51',22,'addisonb8l',274318778,'2023-09-25 21:57:39'),('2023-09-26 20:27:58',22,'adiey',2763856633,'2023-09-26 20:20:01'),('2023-10-01 13:38:46',22,'abigail6CA',4292171035,'2023-10-01 13:28:23'),('2023-10-02 04:50:49',22,'abigaelrWm',2506469976,'2023-10-02 04:43:39'),('2023-10-08 20:25:26',22,'abagaelEq7RF',4260365469,'2023-10-08 20:12:16'),('2023-10-30 00:38:02',22,'addia0H',2394858239,'2023-10-30 00:22:01'),('2023-11-04 01:02:57',22,'abrahamnNCN',724652606,'2023-11-04 00:52:26'),('2023-11-19 13:06:02',22,'adeleOt',1512875283,'2023-11-19 12:55:21'),('2023-11-24 02:20:49',22,'adelynng',1524201429,'2023-11-24 02:13:31'),('2023-09-10 22:38:25',23,'addieXxM7f',3017058087,'2023-09-10 22:22:31'),('2023-09-11 13:22:18',23,'aartjann',993183191,'2023-09-11 13:07:31'),('2023-09-11 20:02:13',23,'aarenDDCY',790530317,'2023-09-11 19:51:28'),('2023-09-12 21:11:24',23,'abbie2FFMK',2491683135,'2023-09-12 21:00:11'),('2023-09-13 01:14:42',23,'adamYi',4238934986,'2023-09-13 01:06:28'),('2023-09-14 06:18:55',23,'aarond0V',2619167853,'2023-09-14 06:17:01'),('2023-09-16 07:25:40',23,'adamYi',2116813421,'2023-09-16 07:19:44'),('2023-09-16 15:27:13',23,'abriannavY',746372815,'2023-09-16 15:20:00'),('2023-09-18 23:39:42',23,'adnanBcmh',1284018007,'2023-09-18 23:29:02'),('2023-09-19 13:33:29',23,'aartjann',2939277956,'2023-09-19 13:26:09'),('2023-09-21 21:28:58',23,'adantH',2994416135,'2023-09-21 21:27:26'),('2023-09-22 07:54:05',23,'adoreVd',3929763901,'2023-09-22 07:44:22'),('2023-10-01 03:32:39',23,'abbin',3356389659,'2023-10-01 03:23:45'),('2023-10-02 13:04:03',23,'achalbkG',2556376476,'2023-10-02 12:47:12'),('2023-10-03 21:45:48',23,'adriaensc',663178721,'2023-10-03 21:39:33'),('2023-10-06 00:35:17',23,'adriabp5w',3517406060,'2023-10-06 00:18:49'),('2023-10-31 06:52:39',23,'aarikap',1645624376,'2023-10-31 06:45:28'),('2023-11-14 20:30:59',23,'adon6',2273652366,'2023-11-14 20:27:39'),('2023-11-19 16:15:03',23,'adrianbz',2714715052,'2023-11-19 16:09:32'),('2023-12-01 05:48:56',23,'aartjann',3927822652,'2023-12-01 05:45:22'),('2023-12-10 12:52:08',23,'adreanna8',1079572201,'2023-12-10 12:46:47'),('2023-09-16 11:49:27',24,'adelaidalgL',92755394,'2023-09-16 11:42:59'),('2023-09-17 23:53:15',24,'aaliyah1PcW',3534309795,'2023-09-17 23:50:08'),('2023-09-19 13:42:08',24,'aartjann',2939277956,'2023-09-19 13:26:09'),('2023-09-30 11:18:07',24,'adenVA8p',2738948394,'2023-09-30 11:16:46'),('2023-10-02 12:49:40',24,'achalbkG',2556376476,'2023-10-02 12:47:12'),('2023-10-08 22:44:26',24,'acesl',2239483699,'2023-10-08 22:35:33'),('2023-10-11 21:20:14',24,'abraLH',1975294965,'2023-10-11 21:10:39'),('2023-10-15 15:30:59',24,'abrahamnNCN',3575955663,'2023-10-15 15:24:56'),('2023-10-27 19:26:18',24,'adora1gH',2641601559,'2023-10-27 19:21:23'),('2023-10-27 19:31:12',24,'adora1gH',2641601559,'2023-10-27 19:21:23'),('2023-12-09 17:30:13',24,'adalynMjC1r',1831691304,'2023-12-09 17:21:09'),('2023-09-11 01:00:07',25,'accountingu',475509290,'2023-09-11 00:49:45'),('2023-09-12 10:50:14',25,'adora1gH',694103030,'2023-09-12 10:37:58'),('2023-09-12 12:03:42',25,'adinaa7',3628554300,'2023-09-12 11:57:01'),('2023-09-15 20:52:13',25,'adoreVd',641042536,'2023-09-15 20:45:17'),('2023-09-16 01:04:06',25,'adnanBcmh',2916282928,'2023-09-16 00:55:32'),('2023-09-18 16:02:06',25,'adeleneeO2',2295893712,'2023-09-18 15:57:44'),('2023-09-27 13:39:36',25,'adrianbz',1041692902,'2023-09-27 13:29:31'),('2023-09-27 16:00:03',25,'adenar3QR',3509896283,'2023-09-27 15:43:51'),('2023-09-29 23:18:56',25,'abbey6T',1837179915,'2023-09-29 23:06:47'),('2023-10-02 14:22:59',25,'adreanna8',2078512742,'2023-10-02 14:14:23'),('2023-10-04 08:58:30',25,'adelinaXu',2851692254,'2023-10-04 08:49:26'),('2023-10-10 15:48:36',25,'abuEVvO',3788349416,'2023-10-10 15:43:55'),('2023-10-15 19:05:41',25,'accountingu',2945206615,'2023-10-15 19:02:59'),('2023-10-20 23:43:52',25,'adelheid1ZjKc',4279387602,'2023-10-20 23:43:45'),('2023-10-27 19:36:36',25,'adora1gH',2641601559,'2023-10-27 19:21:23'),('2023-11-03 21:00:23',25,'abigaelrWm',500337494,'2023-11-03 20:47:34'),('2023-11-08 13:50:14',25,'adiey',3837118249,'2023-11-08 13:49:37'),('2023-11-19 02:09:35',25,'abahri9PS0',4117986474,'2023-11-19 02:03:25'),('2023-09-10 18:32:43',26,'aaliyah1PcW',3168030470,'2023-09-10 18:22:21'),('2023-09-12 12:02:11',26,'adinaa7',3628554300,'2023-09-12 11:57:01'),('2023-09-14 15:55:53',26,'adalynMjC1r',1113163787,'2023-09-14 15:54:52'),('2023-09-15 22:36:46',26,'adelaidalgL',704883995,'2023-09-15 22:26:07'),('2023-09-20 12:47:51',26,'abbie2FFMK',664504889,'2023-09-20 12:42:44'),('2023-09-21 05:56:53',26,'adelaideAbBJt',2117407506,'2023-09-21 05:43:23'),('2023-09-25 17:47:23',26,'abbye16',1229092485,'2023-09-25 17:39:35'),('2023-09-28 01:57:57',26,'adriabp5w',2894444818,'2023-09-28 01:56:13'),('2023-10-03 21:52:42',26,'adriaensc',663178721,'2023-10-03 21:39:33'),('2023-10-04 07:28:31',26,'adalynMjC1r',3470483471,'2023-10-04 07:28:23'),('2023-10-04 08:55:30',26,'adelinaXu',2851692254,'2023-10-04 08:49:26'),('2023-10-04 20:10:55',26,'abree0ned',3087087366,'2023-10-04 19:55:01'),('2023-10-09 10:46:39',26,'adoreedx1',2077274764,'2023-10-09 10:44:46'),('2023-10-14 05:52:08',26,'addia0H',2080399624,'2023-10-14 05:38:54'),('2023-10-14 12:00:10',26,'abuEVvO',204432044,'2023-10-14 11:55:48'),('2023-10-17 19:24:45',26,'achammaFtwp5',2808423530,'2023-10-17 19:08:35'),('2023-11-08 13:50:30',26,'adiey',3837118249,'2023-11-08 13:49:37'),('2023-12-14 14:21:07',26,'adreaNd',2168844098,'2023-12-14 14:15:06'),('2023-09-13 18:11:37',27,'adoreedx1',1007293758,'2023-09-13 18:10:23'),('2023-09-14 11:06:19',27,'abbe8',2691536612,'2023-09-14 11:01:40'),('2023-09-18 03:09:00',27,'adelicewx',2373939912,'2023-09-18 02:58:38'),('2023-09-18 10:56:46',27,'adoreedx1',4226450932,'2023-09-18 10:49:53'),('2023-09-19 17:22:43',27,'admin0CxU',1711639846,'2023-09-19 17:11:11'),('2023-09-20 08:06:08',27,'adelinaXu',198537475,'2023-09-20 08:03:01'),('2023-09-22 04:26:31',27,'adornenz0',1272193645,'2023-09-22 04:14:25'),('2023-09-25 01:27:58',27,'abbas3LjF',288320286,'2023-09-25 01:15:25'),('2023-09-26 20:25:16',27,'adiey',2763856633,'2023-09-26 20:20:01'),('2023-10-07 16:57:52',27,'adaB1',1785906761,'2023-10-07 16:55:46'),('2023-10-07 17:09:59',27,'adaB1',1785906761,'2023-10-07 16:55:46'),('2023-10-09 17:11:42',27,'abagaelEq7RF',992087676,'2023-10-09 17:04:23'),('2023-10-10 15:49:42',27,'abuEVvO',3788349416,'2023-10-10 15:43:55'),('2023-10-16 09:38:47',27,'adeleneeO2',962119042,'2023-10-16 09:35:44'),('2023-10-29 14:32:11',27,'addyJ',2771057373,'2023-10-29 14:15:41'),('2023-10-30 11:33:26',27,'adelaideAbBJt',2741420076,'2023-10-30 11:23:08'),('2023-10-31 06:55:53',27,'aarikap',1645624376,'2023-10-31 06:45:28'),('2023-11-28 10:28:46',27,'admin0CxU',3191590249,'2023-11-28 10:22:17'),('2023-11-28 10:37:45',27,'admin0CxU',3191590249,'2023-11-28 10:22:17'),('2023-09-10 18:32:12',28,'aaliyah1PcW',3168030470,'2023-09-10 18:22:21'),('2023-09-18 02:58:51',28,'adelicewx',2373939912,'2023-09-18 02:58:38'),('2023-09-19 01:27:57',28,'addieXxM7f',2852863591,'2023-09-19 01:12:30'),('2023-09-19 12:52:57',28,'adeliajtXT3',3915444144,'2023-09-19 12:38:44'),('2023-09-19 17:15:51',28,'admin0CxU',1711639846,'2023-09-19 17:11:11'),('2023-09-20 22:04:19',28,'adinaa7',2309480174,'2023-09-20 21:56:56'),('2023-09-22 04:18:07',28,'adornenz0',1272193645,'2023-09-22 04:14:25'),('2023-09-23 06:09:30',28,'abahri9PS0',2343486684,'2023-09-23 05:59:09'),('2023-09-27 14:47:54',28,'abbey6T',1915563858,'2023-09-27 14:47:46'),('2023-09-27 15:00:23',28,'abbey6T',1915563858,'2023-09-27 14:47:46'),('2023-09-28 15:07:32',28,'adenVA8p',2537302262,'2023-09-28 14:58:36'),('2023-10-01 00:11:13',28,'adelaideAbBJt',3352776448,'2023-10-01 00:00:11'),('2023-10-14 11:57:15',28,'abuEVvO',204432044,'2023-10-14 11:55:48'),('2023-11-04 00:59:54',28,'abrahamnNCN',724652606,'2023-11-04 00:52:26'),('2023-11-24 02:04:06',28,'adelaidalgL',1890703144,'2023-11-24 01:57:51'),('2023-11-24 02:25:10',28,'adelynng',1524201429,'2023-11-24 02:13:31'),('2023-11-26 14:45:51',28,'abagail6rSA',989403410,'2023-11-26 14:41:54'),('2023-12-01 05:53:03',28,'aartjann',3927822652,'2023-12-01 05:45:22'),('2023-09-11 19:46:38',29,'abbey6T',4216862723,'2023-09-11 19:42:27'),('2023-09-15 18:54:49',29,'abagaelEq7RF',3209881616,'2023-09-15 18:47:38'),('2023-09-17 06:37:50',29,'adreaNd',3520155825,'2023-09-17 06:31:57'),('2023-09-19 04:31:23',29,'adeliajtXT3',1350670568,'2023-09-19 04:21:36'),('2023-09-20 08:07:09',29,'adelinaXu',198537475,'2023-09-20 08:03:01'),('2023-09-20 13:42:39',29,'abuEVvO',2035806227,'2023-09-20 13:39:45'),('2023-09-25 18:48:17',29,'adelaideAbBJt',2669515068,'2023-09-25 18:39:04'),('2023-10-01 22:54:51',29,'abiaZv',351760433,'2023-10-01 22:54:04'),('2023-10-04 20:11:37',29,'abree0ned',3087087366,'2023-10-04 19:55:01'),('2023-10-05 10:57:56',29,'adriaensc',996628859,'2023-10-05 10:51:07'),('2023-10-24 14:22:37',29,'aarond0V',1238383775,'2023-10-24 14:14:05'),('2023-10-30 03:36:39',29,'addieXxM7f',3946450727,'2023-10-30 03:32:41'),('2023-10-31 07:01:47',29,'aarikap',1645624376,'2023-10-31 06:45:28'),('2023-09-11 04:51:27',30,'adelinaXu',3422437678,'2023-09-11 04:39:19'),('2023-09-11 12:34:48',30,'adornenz0',1237506877,'2023-09-11 12:28:27'),('2023-09-11 19:53:19',30,'aarenDDCY',790530317,'2023-09-11 19:51:28'),('2023-09-13 04:42:09',30,'adalynMjC1r',2491933192,'2023-09-13 04:34:04'),('2023-09-15 18:50:40',30,'abagaelEq7RF',3209881616,'2023-09-15 18:47:38'),('2023-09-16 07:34:57',30,'adamYi',2116813421,'2023-09-16 07:19:44'),('2023-09-17 17:23:08',30,'adalynMjC1r',3812779435,'2023-09-17 17:08:56'),('2023-09-18 22:30:04',30,'adoreedx1',1518446617,'2023-09-18 22:17:58'),('2023-09-20 12:47:13',30,'abbie2FFMK',664504889,'2023-09-20 12:42:44'),('2023-09-21 05:58:36',30,'adelaideAbBJt',2117407506,'2023-09-21 05:43:23'),('2023-09-25 08:34:02',30,'adaracUs',3962985961,'2023-09-25 08:19:52'),('2023-10-03 07:59:16',30,'adeyh',2091883412,'2023-10-03 07:50:00'),('2023-10-04 14:47:21',30,'aarond0V',1224255154,'2023-10-04 14:35:42'),('2023-10-09 05:16:29',30,'adeTe9W',249618254,'2023-10-09 05:04:35'),('2023-10-10 16:00:00',30,'abuEVvO',3788349416,'2023-10-10 15:43:55'),('2023-10-18 20:47:30',30,'abbie2FFMK',1787187951,'2023-10-18 20:43:42'),('2023-10-22 12:36:47',30,'aaliyah1PcW',2711062787,'2023-10-22 12:24:05'),('2023-10-24 00:02:55',30,'adelind1Kp5X',2692984856,'2023-10-23 23:57:35'),('2023-10-24 03:59:33',30,'addyJ',74502916,'2023-10-24 03:43:58'),('2023-10-30 03:38:16',30,'addieXxM7f',3946450727,'2023-10-30 03:32:41'),('2023-11-01 05:37:47',30,'abagail6rSA',4184535473,'2023-11-01 05:34:47'),('2023-11-10 20:49:34',30,'adenar3QR',4256628940,'2023-11-10 20:47:42'),('2023-09-13 06:01:45',31,'aaliyah1PcW',381358358,'2023-09-13 05:49:00'),('2023-09-14 00:49:00',31,'adrianbz',2310263043,'2023-09-14 00:45:11'),('2023-09-17 13:59:37',31,'abigaelrWm',2927084679,'2023-09-17 13:55:18'),('2023-09-17 23:56:03',31,'aaliyah1PcW',3534309795,'2023-09-17 23:50:08'),('2023-09-22 04:17:47',31,'adornenz0',1272193645,'2023-09-22 04:14:25'),('2023-09-22 08:56:16',31,'adairNxJ4',2723196510,'2023-09-22 08:46:25'),('2023-09-24 23:42:37',31,'abigail6CA',2958516782,'2023-09-24 23:26:08'),('2023-09-27 05:28:49',31,'abbey6T',2748819108,'2023-09-27 05:22:05'),('2023-09-27 15:59:58',31,'adenar3QR',3509896283,'2023-09-27 15:43:51'),('2023-10-01 03:39:21',31,'abbin',3356389659,'2023-10-01 03:23:45'),('2023-10-06 07:12:45',31,'adreanna8',4105921094,'2023-10-06 07:05:27'),('2023-10-11 21:23:59',31,'abraLH',1975294965,'2023-10-11 21:10:39'),('2023-10-21 06:05:36',31,'adianaFa6WR',763780456,'2023-10-21 05:49:11'),('2023-11-29 12:25:08',31,'adityaHQ',97842572,'2023-11-29 12:11:51'),('2023-09-13 17:56:04',32,'adoreedx1',990315879,'2023-09-13 17:43:43'),('2023-09-14 04:01:28',32,'adenVA8p',1722748373,'2023-09-14 03:49:10'),('2023-09-15 11:25:48',32,'adriabp5w',1653843789,'2023-09-15 11:09:09'),('2023-09-19 15:16:56',32,'abagail6rSA',1853609370,'2023-09-19 15:00:44'),('2023-09-20 13:41:45',32,'abuEVvO',2035806227,'2023-09-20 13:39:45'),('2023-09-25 17:13:44',32,'abbas3LjF',639415277,'2023-09-25 17:08:35'),('2023-09-27 14:57:23',32,'abbe8',1396499045,'2023-09-27 14:55:38'),('2023-10-09 17:16:17',32,'abagaelEq7RF',992087676,'2023-10-09 17:04:23'),('2023-10-23 23:58:42',32,'adelind1Kp5X',2692984856,'2023-10-23 23:57:35'),('2023-11-10 20:55:31',32,'adenar3QR',4256628940,'2023-11-10 20:47:42'),('2023-12-10 12:56:30',32,'adreanna8',1079572201,'2023-12-10 12:46:47'),('2023-09-14 00:52:16',33,'adrianbz',2310263043,'2023-09-14 00:45:11'),('2023-09-17 02:05:54',33,'abbin',2388555470,'2023-09-17 01:54:55'),('2023-09-17 11:08:02',33,'addia0H',2814015884,'2023-09-17 10:55:15'),('2023-09-20 05:26:04',33,'abiaZv',4256861015,'2023-09-20 05:23:46'),('2023-09-20 22:06:55',33,'adinaa7',2309480174,'2023-09-20 21:56:56'),('2023-09-22 09:02:46',33,'adairNxJ4',2723196510,'2023-09-22 08:46:25'),('2023-09-25 20:38:11',33,'addia0H',612523923,'2023-09-25 20:25:00'),('2023-09-27 13:13:19',33,'adalinex',410245089,'2023-09-27 12:59:46'),('2023-10-01 20:38:31',33,'adeleOt',682802091,'2023-10-01 20:32:47'),('2023-10-03 19:04:41',33,'aarenDDCY',2617566685,'2023-10-03 18:51:46'),('2023-10-05 17:03:13',33,'adairNxJ4',3271530929,'2023-10-05 16:51:23'),('2023-10-17 01:30:52',33,'adityaHQ',2268209090,'2023-10-17 01:14:17'),('2023-10-19 18:38:29',33,'accountingu',2460351651,'2023-10-19 18:34:02'),('2023-10-29 11:36:36',33,'abiaZv',799313624,'2023-10-29 11:34:21'),('2023-10-29 14:25:10',33,'addyJ',2771057373,'2023-10-29 14:15:41'),('2023-11-13 08:32:58',33,'adonisX',887090784,'2023-11-13 08:23:13'),('2023-11-14 20:33:07',33,'adon6',2273652366,'2023-11-14 20:27:39'),('2023-11-29 12:21:43',33,'adityaHQ',97842572,'2023-11-29 12:11:51'),('2023-09-11 04:13:17',34,'adrianbz',1813627848,'2023-09-11 04:08:33'),('2023-09-14 16:08:08',34,'adalynMjC1r',1113163787,'2023-09-14 15:54:52'),('2023-09-15 05:07:52',34,'adenVA8p',3557037940,'2023-09-15 05:00:15'),('2023-09-16 11:00:38',34,'addisonb8l',4114246338,'2023-09-16 10:45:49'),('2023-09-18 00:22:10',34,'abejvDJC',2171172106,'2023-09-18 00:11:25'),('2023-09-20 12:44:50',34,'abbie2FFMK',664504889,'2023-09-20 12:42:44'),('2023-09-27 14:49:23',34,'abbey6T',1915563858,'2023-09-27 14:47:46'),('2023-09-29 21:00:46',34,'abbe8',2284915561,'2023-09-29 20:50:51'),('2023-10-03 02:08:36',34,'adriaensc',1652896704,'2023-10-03 01:52:57'),('2023-10-03 21:49:32',34,'abbey6T',1895433325,'2023-10-03 21:38:51'),('2023-10-08 22:40:56',34,'acesl',2239483699,'2023-10-08 22:35:33'),('2023-10-09 10:53:35',34,'adoreedx1',2077274764,'2023-10-09 10:44:46'),('2023-10-16 02:33:48',34,'abriannavY',3213979794,'2023-10-16 02:23:32'),('2023-10-17 10:56:13',34,'abree0ned',880370474,'2023-10-17 10:51:02'),('2023-10-18 20:46:15',34,'abbie2FFMK',1787187951,'2023-10-18 20:43:42'),('2023-10-22 09:10:15',34,'abbey6T',2898198264,'2023-10-22 08:53:38'),('2023-10-22 21:57:38',34,'adriabp5w',3546049893,'2023-10-22 21:51:12'),('2023-10-24 14:26:19',34,'aarond0V',1238383775,'2023-10-24 14:14:05'),('2023-10-24 20:50:33',34,'action5h9z1',2690926897,'2023-10-24 20:41:06'),('2023-10-25 08:52:54',34,'abrahamnNCN',2432295471,'2023-10-25 08:46:41'),('2023-10-25 22:23:06',34,'adriaensc',173112384,'2023-10-25 22:12:43'),('2023-10-29 14:24:47',34,'addyJ',2771057373,'2023-10-29 14:15:41'),('2023-11-13 08:26:15',34,'adonisX',887090784,'2023-11-13 08:23:13'),('2023-11-24 02:21:10',34,'adelynng',1524201429,'2023-11-24 02:13:31'),('2023-11-24 02:21:21',34,'adelynng',1524201429,'2023-11-24 02:13:31'),('2023-11-24 02:24:01',34,'adelynng',1524201429,'2023-11-24 02:13:31'),('2023-11-26 14:48:07',34,'abagail6rSA',989403410,'2023-11-26 14:41:54'),('2023-11-26 18:24:18',34,'adoreedx1',2681516215,'2023-11-26 18:15:04'),('2023-09-11 12:33:51',35,'adornenz0',1237506877,'2023-09-11 12:28:27'),('2023-09-12 00:35:54',35,'adoreedx1',2053051057,'2023-09-12 00:23:18'),('2023-09-13 16:45:09',35,'abbie2FFMK',793879898,'2023-09-13 16:32:38'),('2023-09-14 11:06:40',35,'abbe8',2691536612,'2023-09-14 11:01:40'),('2023-09-15 20:59:34',35,'adoreVd',641042536,'2023-09-15 20:45:17'),('2023-09-16 19:47:58',35,'aarushiIw',966737277,'2023-09-16 19:34:43'),('2023-09-18 00:41:49',35,'abigaelrWm',1307255976,'2023-09-18 00:32:59'),('2023-09-25 01:22:57',35,'abbas3LjF',288320286,'2023-09-25 01:15:25'),('2023-10-02 14:21:09',35,'adreanna8',2078512742,'2023-10-02 14:14:23'),('2023-10-08 11:56:53',35,'abahri9PS0',3792559961,'2023-10-08 11:42:26'),('2023-10-15 15:27:11',35,'abrahamnNCN',3575955663,'2023-10-15 15:24:56'),('2023-10-31 15:31:26',35,'admin0CxU',856631943,'2023-10-31 15:16:24'),('2023-11-13 08:28:52',35,'adonisX',887090784,'2023-11-13 08:23:13'),('2023-11-20 23:47:41',35,'adityaHQ',604321067,'2023-11-20 23:35:58'),('2023-11-22 03:37:00',35,'adahg5',2180500285,'2023-11-22 03:25:06'),('2023-12-14 14:27:54',35,'adreaNd',2168844098,'2023-12-14 14:15:06'),('2023-09-14 16:09:14',36,'adalynMjC1r',1113163787,'2023-09-14 15:54:52'),('2023-09-16 15:25:30',36,'abriannavY',746372815,'2023-09-16 15:20:00'),('2023-09-17 02:03:05',36,'abbin',2388555470,'2023-09-17 01:54:55'),('2023-09-17 11:07:36',36,'addia0H',2814015884,'2023-09-17 10:55:15'),('2023-09-17 12:42:26',36,'adeliajtXT3',693897457,'2023-09-17 12:32:04'),('2023-09-18 22:28:14',36,'adoreedx1',1518446617,'2023-09-18 22:17:58'),('2023-09-23 06:10:42',36,'abahri9PS0',2343486684,'2023-09-23 05:59:09'),('2023-09-27 13:38:01',36,'adrianbz',1041692902,'2023-09-27 13:29:31'),('2023-09-27 15:46:15',36,'adenar3QR',3509896283,'2023-09-27 15:43:51'),('2023-10-03 21:48:25',36,'abbey6T',1895433325,'2023-10-03 21:38:51'),('2023-10-04 07:43:47',36,'adalynMjC1r',3470483471,'2023-10-04 07:28:23'),('2023-10-07 23:31:05',36,'adeyh',1389479482,'2023-10-07 23:21:04'),('2023-10-10 10:34:33',36,'abbie2FFMK',674228238,'2023-10-10 10:18:26'),('2023-10-11 05:28:34',36,'adeyh',129161851,'2023-10-11 05:18:20'),('2023-10-22 09:09:45',36,'abbey6T',2898198264,'2023-10-22 08:53:38'),('2023-11-06 17:39:45',36,'abbey6T',2163712972,'2023-11-06 17:37:18'),('2023-11-28 22:24:34',36,'adinaa7',3452183076,'2023-11-28 22:09:24'),('2023-12-14 14:29:36',36,'adreaNd',2168844098,'2023-12-14 14:15:06'),('2023-09-12 03:47:06',37,'addyJ',2196653732,'2023-09-12 03:39:46'),('2023-09-12 08:43:35',37,'action5h9z1',953530542,'2023-09-12 08:34:38'),('2023-09-17 13:59:53',37,'abigaelrWm',2927084679,'2023-09-17 13:55:18'),('2023-09-19 17:23:53',37,'admin0CxU',1711639846,'2023-09-19 17:11:11'),('2023-09-25 22:03:02',37,'addisonb8l',274318778,'2023-09-25 21:57:39'),('2023-10-02 12:53:37',37,'achalbkG',2556376476,'2023-10-02 12:47:12'),('2023-10-03 02:05:15',37,'adriaensc',1652896704,'2023-10-03 01:52:57'),('2023-10-04 07:40:39',37,'adalynMjC1r',3470483471,'2023-10-04 07:28:23'),('2023-10-08 20:19:41',37,'abagaelEq7RF',4260365469,'2023-10-08 20:12:16'),('2023-10-25 08:50:47',37,'abrahamnNCN',2432295471,'2023-10-25 08:46:41'),('2023-11-24 02:30:33',37,'adelynng',1524201429,'2023-11-24 02:13:31'),('2023-11-26 14:42:12',37,'abagail6rSA',989403410,'2023-11-26 14:41:54'),('2023-11-26 18:15:38',37,'adoreedx1',2681516215,'2023-11-26 18:15:04'),('2023-12-01 05:55:10',37,'aartjann',3927822652,'2023-12-01 05:45:22'),('2023-12-07 11:14:06',37,'abrahamnNCN',1757503815,'2023-12-07 10:59:40'),('2023-09-13 01:12:34',38,'adamYi',4238934986,'2023-09-13 01:06:28'),('2023-09-13 11:10:53',38,'aaliyah1PcW',4106946456,'2023-09-13 11:01:17'),('2023-09-14 12:39:17',38,'adeTe9W',3691965924,'2023-09-14 12:27:03'),('2023-09-14 19:14:01',38,'abuEVvO',3599398250,'2023-09-14 19:03:18'),('2023-09-16 09:50:05',38,'addisonb8l',473180324,'2023-09-16 09:38:51'),('2023-09-16 11:52:22',38,'adelaidalgL',92755394,'2023-09-16 11:42:59'),('2023-09-17 07:10:17',38,'adinaa7',2673195242,'2023-09-17 06:59:15'),('2023-09-17 23:56:09',38,'aaliyah1PcW',3534309795,'2023-09-17 23:50:08'),('2023-09-18 03:12:33',38,'adelicewx',2373939912,'2023-09-18 02:58:38'),('2023-09-18 22:19:02',38,'adoreedx1',1518446617,'2023-09-18 22:17:58'),('2023-09-25 06:33:56',38,'addisonb8l',890169397,'2023-09-25 06:32:40'),('2023-09-27 09:28:48',38,'aarushiIw',3809311770,'2023-09-27 09:27:08'),('2023-10-08 10:41:28',38,'addaD',4231344124,'2023-10-08 10:26:54'),('2023-10-11 21:24:40',38,'abrielleoKvo',3145249744,'2023-10-11 21:20:29'),('2023-10-14 17:04:13',38,'abrahamnNCN',1631398165,'2023-10-14 16:56:18'),('2023-10-16 19:05:31',38,'adianaFa6WR',1072514621,'2023-10-16 18:56:31'),('2023-10-21 05:58:06',38,'adianaFa6WR',763780456,'2023-10-21 05:49:11'),('2023-10-22 09:00:28',38,'abbey6T',2898198264,'2023-10-22 08:53:38'),('2023-10-29 11:50:54',38,'abiaZv',799313624,'2023-10-29 11:34:21'),('2023-11-01 05:50:11',38,'abagail6rSA',4184535473,'2023-11-01 05:34:47'),('2023-11-03 20:58:07',38,'abigaelrWm',500337494,'2023-11-03 20:47:34'),('2023-09-11 12:13:33',39,'abram5Ry',1851667003,'2023-09-11 12:02:13'),('2023-09-16 14:33:07',39,'adriaensc',3596172986,'2023-09-16 14:32:51'),('2023-09-26 16:36:30',39,'adelaidalgL',3508682705,'2023-09-26 16:36:21'),('2023-09-27 09:29:42',39,'aarushiIw',3809311770,'2023-09-27 09:27:08'),('2023-09-27 13:04:01',39,'adalinex',410245089,'2023-09-27 12:59:46'),('2023-09-27 15:48:55',39,'adenar3QR',3509896283,'2023-09-27 15:43:51'),('2023-10-05 17:03:05',39,'adairNxJ4',3271530929,'2023-10-05 16:51:23'),('2023-10-21 17:01:17',39,'abbas3LjF',1736764135,'2023-10-21 16:55:01'),('2023-10-24 14:19:32',39,'aarond0V',1238383775,'2023-10-24 14:14:05'),('2023-10-26 14:28:09',39,'adnanBcmh',1389200672,'2023-10-26 14:17:38'),('2023-10-29 14:27:46',39,'addyJ',2771057373,'2023-10-29 14:15:41'),('2023-11-06 17:49:11',39,'abbey6T',2163712972,'2023-11-06 17:37:18'),('2023-09-11 05:15:33',40,'addieXxM7f',2047792685,'2023-09-11 05:03:02'),('2023-09-11 19:57:03',40,'abbey6T',4216862723,'2023-09-11 19:42:27'),('2023-09-18 16:08:13',40,'adeleneeO2',2295893712,'2023-09-18 15:57:44'),('2023-09-19 12:39:00',40,'adeliajtXT3',3915444144,'2023-09-19 12:38:44'),('2023-09-20 05:38:20',40,'abiaZv',4256861015,'2023-09-20 05:23:46'),('2023-09-24 20:21:12',40,'aarushiIw',3939076258,'2023-09-24 20:19:54'),('2023-09-25 17:22:44',40,'abbas3LjF',639415277,'2023-09-25 17:08:35'),('2023-10-09 05:13:08',40,'adeTe9W',249618254,'2023-10-09 05:04:35'),('2023-10-13 09:39:35',40,'addieXxM7f',4188844914,'2023-10-13 09:35:58'),('2023-10-13 09:45:07',40,'addieXxM7f',4188844914,'2023-10-13 09:35:58'),('2023-10-14 05:46:43',40,'addia0H',2080399624,'2023-10-14 05:38:54'),('2023-10-14 05:50:01',40,'addia0H',2080399624,'2023-10-14 05:38:54'),('2023-10-16 19:03:24',40,'adianaFa6WR',1072514621,'2023-10-16 18:56:31'),('2023-10-29 21:19:41',40,'adantH',1868736933,'2023-10-29 21:07:27'),('2023-11-01 05:39:53',40,'abagail6rSA',4184535473,'2023-11-01 05:34:47'),('2023-11-16 12:02:51',40,'abagaelEq7RF',1320020589,'2023-11-16 11:53:43'),('2023-11-28 22:22:11',40,'adinaa7',3452183076,'2023-11-28 22:09:24'),('2023-12-10 13:02:21',40,'adreanna8',1079572201,'2023-12-10 12:46:47'),('2023-09-11 12:42:31',41,'adornenz0',1237506877,'2023-09-11 12:28:27'),('2023-09-14 06:23:29',41,'aarond0V',2619167853,'2023-09-14 06:17:01'),('2023-09-16 10:51:23',41,'addisonb8l',4114246338,'2023-09-16 10:45:49'),('2023-09-16 14:39:20',41,'adriaensc',3596172986,'2023-09-16 14:32:51'),('2023-09-20 13:48:06',41,'abuEVvO',2035806227,'2023-09-20 13:39:45'),('2023-09-21 22:43:50',41,'abbas3LjF',1577629304,'2023-09-21 22:30:28'),('2023-09-23 05:59:32',41,'abahri9PS0',2343486684,'2023-09-23 05:59:09'),('2023-09-24 23:31:20',41,'abigail6CA',2958516782,'2023-09-24 23:26:08'),('2023-09-30 01:48:52',41,'action5h9z1',3126577820,'2023-09-30 01:33:18'),('2023-10-06 07:09:45',41,'adreanna8',4105921094,'2023-10-06 07:05:27'),('2023-10-11 05:19:52',41,'adeyh',129161851,'2023-10-11 05:18:20'),('2023-10-11 05:26:19',41,'adeyh',129161851,'2023-10-11 05:18:20'),('2023-10-11 05:30:32',41,'adeyh',129161851,'2023-10-11 05:18:20'),('2023-10-11 21:17:32',41,'abraLH',1975294965,'2023-10-11 21:10:39'),('2023-10-11 21:23:45',41,'abrielleoKvo',3145249744,'2023-10-11 21:20:29'),('2023-10-24 03:48:50',41,'addyJ',74502916,'2023-10-24 03:43:58'),('2023-10-29 21:11:32',41,'adantH',1868736933,'2023-10-29 21:07:27'),('2023-11-04 00:57:09',41,'abrahamnNCN',724652606,'2023-11-04 00:52:26'),('2023-11-10 20:57:21',41,'adenar3QR',4256628940,'2023-11-10 20:47:42'),('2023-12-01 05:48:09',41,'aartjann',3927822652,'2023-12-01 05:45:22'),('2023-09-13 01:13:20',42,'adamYi',4238934986,'2023-09-13 01:06:28'),('2023-09-16 14:48:10',42,'adriaensc',3596172986,'2023-09-16 14:32:51'),('2023-09-19 01:24:10',42,'addieXxM7f',2852863591,'2023-09-19 01:12:30'),('2023-09-20 22:12:11',42,'adinaa7',2309480174,'2023-09-20 21:56:56'),('2023-09-24 07:28:44',42,'addonsOAKDs',2977136618,'2023-09-24 07:13:41'),('2023-09-26 16:39:46',42,'adelaidalgL',3508682705,'2023-09-26 16:36:21'),('2023-09-26 20:23:17',42,'adiey',2763856633,'2023-09-26 20:20:01'),('2023-09-27 15:03:43',42,'abbey6T',1915563858,'2023-09-27 14:47:46'),('2023-10-06 00:26:10',42,'adriabp5w',3517406060,'2023-10-06 00:18:49'),('2023-10-06 00:31:12',42,'adriabp5w',3517406060,'2023-10-06 00:18:49'),('2023-10-10 09:09:40',42,'adantH',3069347707,'2023-10-10 09:04:17'),('2023-10-14 12:01:12',42,'abuEVvO',204432044,'2023-10-14 11:55:48'),('2023-10-16 09:41:33',42,'adrianbz',276462011,'2023-10-16 09:27:44'),('2023-10-16 15:29:14',42,'adaB1',1419992319,'2023-10-16 15:29:10'),('2023-10-20 05:19:07',42,'abigaelrWm',3219797639,'2023-10-20 05:08:05'),('2023-11-29 12:19:20',42,'adityaHQ',97842572,'2023-11-29 12:11:51'),('2023-09-11 01:02:20',43,'accountingu',475509290,'2023-09-11 00:49:45'),('2023-09-11 19:46:32',43,'abbey6T',4216862723,'2023-09-11 19:42:27'),('2023-09-13 18:27:26',43,'adoreedx1',1007293758,'2023-09-13 18:10:23'),('2023-09-17 10:59:57',43,'addia0H',2814015884,'2023-09-17 10:55:15'),('2023-09-20 05:26:07',43,'abiaZv',4256861015,'2023-09-20 05:23:46'),('2023-09-22 11:10:04',43,'addieXxM7f',1837400007,'2023-09-22 11:07:50'),('2023-09-22 23:31:30',43,'aartjann',2552202586,'2023-09-22 23:23:43'),('2023-09-25 20:31:49',43,'addia0H',612523923,'2023-09-25 20:25:00'),('2023-09-27 13:04:47',43,'adalinex',410245089,'2023-09-27 12:59:46'),('2023-09-27 13:32:59',43,'adrianbz',1041692902,'2023-09-27 13:29:31'),('2023-09-27 14:58:30',43,'abbey6T',1915563858,'2023-09-27 14:47:46'),('2023-09-27 15:30:48',43,'abejvDJC',4244135786,'2023-09-27 15:26:01'),('2023-10-04 07:35:10',43,'adalynMjC1r',3470483471,'2023-10-04 07:28:23'),('2023-10-07 23:23:30',43,'adeyh',1389479482,'2023-10-07 23:21:04'),('2023-10-29 16:34:30',43,'abyrb',1234366463,'2023-10-29 16:32:11'),('2023-10-31 15:28:27',43,'admin0CxU',856631943,'2023-10-31 15:16:24'),('2023-11-06 19:49:38',43,'addyJ',823317030,'2023-11-06 19:37:15'),('2023-09-12 21:10:19',44,'abbie2FFMK',2491683135,'2023-09-12 21:00:11'),('2023-09-16 07:21:30',44,'adamYi',2116813421,'2023-09-16 07:19:44'),('2023-09-16 09:47:46',44,'addisonb8l',473180324,'2023-09-16 09:38:51'),('2023-09-17 11:05:30',44,'addia0H',2814015884,'2023-09-17 10:55:15'),('2023-09-18 02:31:33',44,'adella8XpVj',4201219776,'2023-09-18 02:23:56'),('2023-09-18 08:56:41',44,'adelinaXu',1049982104,'2023-09-18 08:42:05'),('2023-09-21 12:13:40',44,'abagail6rSA',4005151537,'2023-09-21 11:56:51'),('2023-09-25 22:11:24',44,'addisonb8l',274318778,'2023-09-25 21:57:39'),('2023-10-01 00:15:05',44,'adelaideAbBJt',3352776448,'2023-10-01 00:00:11'),('2023-10-04 14:49:51',44,'aarond0V',1224255154,'2023-10-04 14:35:42'),('2023-10-05 11:08:09',44,'adriaensc',996628859,'2023-10-05 10:51:07'),('2023-10-06 16:43:58',44,'addaD',203348976,'2023-10-06 16:41:43'),('2023-10-07 16:59:50',44,'adaB1',1785906761,'2023-10-07 16:55:46'),('2023-10-08 20:27:48',44,'abagaelEq7RF',4260365469,'2023-10-08 20:12:16'),('2023-10-09 05:07:10',44,'adeTe9W',249618254,'2023-10-09 05:04:35'),('2023-10-09 23:29:06',44,'abigaelrWm',492010665,'2023-10-09 23:15:38'),('2023-10-10 10:33:57',44,'abbie2FFMK',674228238,'2023-10-10 10:18:26'),('2023-10-14 05:40:59',44,'addia0H',2080399624,'2023-10-14 05:38:54'),('2023-10-15 19:16:44',44,'accountingu',2945206615,'2023-10-15 19:02:59'),('2023-10-30 03:42:00',44,'addieXxM7f',3946450727,'2023-10-30 03:32:41'),('2023-11-13 15:14:36',44,'abbyk',233624053,'2023-11-13 15:06:10'),('2023-09-12 10:19:18',45,'aarond0V',3872774521,'2023-09-12 10:14:46'),('2023-09-12 10:28:11',45,'aarond0V',3872774521,'2023-09-12 10:14:46'),('2023-09-12 21:01:46',45,'abbie2FFMK',2491683135,'2023-09-12 21:00:11'),('2023-09-12 21:05:06',45,'abbie2FFMK',2491683135,'2023-09-12 21:00:11'),('2023-09-13 17:54:27',45,'adoreedx1',990315879,'2023-09-13 17:43:43'),('2023-09-14 06:33:02',45,'aarond0V',2619167853,'2023-09-14 06:17:01'),('2023-09-15 22:42:14',45,'adelaidalgL',704883995,'2023-09-15 22:26:07'),('2023-09-19 13:37:43',45,'aartjann',2939277956,'2023-09-19 13:26:09'),('2023-09-19 17:24:01',45,'admin0CxU',1711639846,'2023-09-19 17:11:11'),('2023-09-20 12:58:04',45,'abbie2FFMK',664504889,'2023-09-20 12:42:44'),('2023-09-24 23:23:35',45,'adelicewx',2537114379,'2023-09-24 23:16:06'),('2023-10-01 03:27:26',45,'abbin',3356389659,'2023-10-01 03:23:45'),('2023-10-01 23:03:48',45,'abiaZv',351760433,'2023-10-01 22:54:04'),('2023-10-01 23:06:28',45,'abiaZv',351760433,'2023-10-01 22:54:04'),('2023-10-02 07:46:44',45,'abigail6CA',1451603882,'2023-10-02 07:38:52'),('2023-10-03 01:58:24',45,'adriaensc',1652896704,'2023-10-03 01:52:57'),('2023-10-03 21:46:19',45,'adriaensc',663178721,'2023-10-03 21:39:33'),('2023-10-04 08:54:37',45,'adelinaXu',2851692254,'2023-10-04 08:49:26'),('2023-10-24 14:31:01',45,'aarond0V',1238383775,'2023-10-24 14:14:05'),('2023-11-06 17:43:32',45,'abbey6T',2163712972,'2023-11-06 17:37:18'),('2023-09-10 18:32:49',46,'aaliyah1PcW',3168030470,'2023-09-10 18:22:21'),('2023-09-11 05:11:49',46,'addieXxM7f',2047792685,'2023-09-11 05:03:02'),('2023-09-11 12:44:45',46,'adornenz0',1237506877,'2023-09-11 12:28:27'),('2023-09-11 19:53:14',46,'abbey6T',4216862723,'2023-09-11 19:42:27'),('2023-09-12 21:13:53',46,'abbie2FFMK',2491683135,'2023-09-12 21:00:11'),('2023-09-13 04:36:53',46,'adalynMjC1r',2491933192,'2023-09-13 04:34:04'),('2023-09-13 16:10:44',46,'abbe8',6356373,'2023-09-13 15:55:20'),('2023-09-17 06:39:38',46,'adreaNd',3520155825,'2023-09-17 06:31:57'),('2023-09-25 08:35:06',46,'adaracUs',3962985961,'2023-09-25 08:19:52'),('2023-09-28 02:03:22',46,'adriabp5w',2894444818,'2023-09-28 01:56:13'),('2023-10-02 23:22:51',46,'abraLH',2171432467,'2023-10-02 23:19:21'),('2023-10-13 09:44:10',46,'addieXxM7f',4188844914,'2023-10-13 09:35:58'),('2023-10-14 11:56:00',46,'abuEVvO',204432044,'2023-10-14 11:55:48'),('2023-10-24 14:22:05',46,'aarond0V',1238383775,'2023-10-24 14:14:05'),('2023-10-25 22:17:50',46,'adriaensc',173112384,'2023-10-25 22:12:43'),('2023-09-14 00:56:48',47,'adrianbz',2310263043,'2023-09-14 00:45:11'),('2023-09-15 20:58:23',47,'adoreVd',641042536,'2023-09-15 20:45:17'),('2023-09-16 11:45:39',47,'adelaidalgL',92755394,'2023-09-16 11:42:59'),('2023-09-18 03:08:20',47,'adelicewx',2373939912,'2023-09-18 02:58:38'),('2023-09-19 15:17:20',47,'abagail6rSA',1853609370,'2023-09-19 15:00:44'),('2023-09-21 22:36:47',47,'abbas3LjF',1577629304,'2023-09-21 22:30:28'),('2023-09-22 08:48:55',47,'adairNxJ4',2723196510,'2023-09-22 08:46:25'),('2023-10-02 12:49:41',47,'achalbkG',2556376476,'2023-10-02 12:47:12'),('2023-10-03 08:00:41',47,'adeyh',2091883412,'2023-10-03 07:50:00'),('2023-10-11 21:27:21',47,'abrielleoKvo',3145249744,'2023-10-11 21:20:29'),('2023-10-14 17:09:29',47,'abrahamnNCN',1631398165,'2023-10-14 16:56:18'),('2023-11-01 05:47:17',47,'abagail6rSA',4184535473,'2023-11-01 05:34:47'),('2023-11-19 16:26:31',47,'adrianbz',2714715052,'2023-11-19 16:09:32'),('2023-11-24 02:19:23',47,'adelynng',1524201429,'2023-11-24 02:13:31'),('2023-11-29 12:27:56',47,'adityaHQ',97842572,'2023-11-29 12:11:51'),('2023-09-12 03:44:28',48,'addyJ',2196653732,'2023-09-12 03:39:46'),('2023-09-15 22:32:20',48,'adelaidalgL',704883995,'2023-09-15 22:26:07'),('2023-09-22 23:33:39',48,'aartjann',2552202586,'2023-09-22 23:23:43'),('2023-09-27 13:29:37',48,'adrianbz',1041692902,'2023-09-27 13:29:31'),('2023-10-08 11:52:53',48,'abahri9PS0',3792559961,'2023-10-08 11:42:26'),('2023-10-14 05:47:17',48,'addia0H',2080399624,'2023-10-14 05:38:54'),('2023-10-20 23:56:37',48,'adelheid1ZjKc',4279387602,'2023-10-20 23:43:45'),('2023-11-20 23:43:16',48,'adityaHQ',604321067,'2023-11-20 23:35:58'),('2023-11-20 23:50:55',48,'adityaHQ',604321067,'2023-11-20 23:35:58'),('2023-09-11 02:27:27',49,'admin0CxU',4243141953,'2023-09-11 02:21:01'),('2023-09-11 04:56:22',49,'adelinaXu',3422437678,'2023-09-11 04:39:19'),('2023-09-18 08:58:28',49,'adelinaXu',1049982104,'2023-09-18 08:42:05'),('2023-09-20 12:56:56',49,'abbie2FFMK',664504889,'2023-09-20 12:42:44'),('2023-10-03 21:39:43',49,'abbey6T',1895433325,'2023-10-03 21:38:51'),('2023-10-29 16:34:44',49,'abyrb',1234366463,'2023-10-29 16:32:11'),('2023-10-31 15:32:06',49,'admin0CxU',856631943,'2023-10-31 15:16:24'),('2023-11-19 02:07:25',49,'abahri9PS0',4117986474,'2023-11-19 02:03:25'),('2023-09-10 22:37:49',50,'addieXxM7f',3017058087,'2023-09-10 22:22:31'),('2023-09-14 16:00:10',50,'adalynMjC1r',1113163787,'2023-09-14 15:54:52'),('2023-09-18 02:27:48',50,'adella8XpVj',4201219776,'2023-09-18 02:23:56'),('2023-09-18 10:51:20',50,'adoreedx1',4226450932,'2023-09-18 10:49:53'),('2023-09-18 11:06:13',50,'adoreedx1',4226450932,'2023-09-18 10:49:53'),('2023-09-24 07:22:05',50,'addonsOAKDs',2977136618,'2023-09-24 07:13:41'),('2023-10-03 01:57:27',50,'adriaensc',1652896704,'2023-10-03 01:52:57'),('2023-10-09 17:15:25',50,'abagaelEq7RF',992087676,'2023-10-09 17:04:23'),('2023-10-10 10:22:26',50,'abbie2FFMK',674228238,'2023-10-10 10:18:26'),('2023-10-16 09:38:15',50,'adrianbz',276462011,'2023-10-16 09:27:44'),('2023-10-17 01:22:02',50,'adityaHQ',2268209090,'2023-10-17 01:14:17'),('2023-10-17 11:07:54',50,'abree0ned',880370474,'2023-10-17 10:51:02'),('2023-11-14 20:40:23',50,'adon6',2273652366,'2023-11-14 20:27:39'),('2023-11-16 12:04:44',50,'abagaelEq7RF',1320020589,'2023-11-16 11:53:43'),('2023-11-19 02:12:31',50,'abahri9PS0',4117986474,'2023-11-19 02:03:25'),('2023-11-24 02:10:45',50,'adelaidalgL',1890703144,'2023-11-24 01:57:51'),('2023-09-11 02:27:10',51,'admin0CxU',4243141953,'2023-09-11 02:21:01'),('2023-09-11 02:33:45',51,'admin0CxU',4243141953,'2023-09-11 02:21:01'),('2023-09-11 04:21:56',51,'adrianbz',1813627848,'2023-09-11 04:08:33'),('2023-09-11 13:09:01',51,'aartjann',993183191,'2023-09-11 13:07:31'),('2023-09-12 08:37:06',51,'action5h9z1',953530542,'2023-09-12 08:34:38'),('2023-09-13 05:46:42',51,'adonisX',2748469179,'2023-09-13 05:45:26'),('2023-09-14 01:06:10',51,'adriaensc',3438563082,'2023-09-14 01:02:06'),('2023-09-15 10:46:47',51,'adrianbz',2841011374,'2023-09-15 10:41:13'),('2023-09-15 18:51:17',51,'abagaelEq7RF',3209881616,'2023-09-15 18:47:38'),('2023-09-16 15:35:57',51,'abriannavY',746372815,'2023-09-16 15:20:00'),('2023-09-17 23:51:52',51,'aaliyah1PcW',3534309795,'2023-09-17 23:50:08'),('2023-09-20 05:34:22',51,'abiaZv',4256861015,'2023-09-20 05:23:46'),('2023-09-23 16:56:28',51,'abram5Ry',1780201194,'2023-09-23 16:41:12'),('2023-09-24 07:27:41',51,'addonsOAKDs',2977136618,'2023-09-24 07:13:41'),('2023-09-27 13:09:45',51,'adalinex',410245089,'2023-09-27 12:59:46'),('2023-10-03 19:08:11',51,'aarenDDCY',2617566685,'2023-10-03 18:51:46'),('2023-10-04 19:58:08',51,'abree0ned',3087087366,'2023-10-04 19:55:01'),('2023-10-14 03:15:03',51,'adelaideAbBJt',1756563355,'2023-10-14 03:11:55'),('2023-11-06 19:54:14',51,'addyJ',823317030,'2023-11-06 19:37:15'),('2023-11-24 02:13:57',51,'adelaidalgL',1890703144,'2023-11-24 01:57:51'),('2023-09-10 18:33:15',52,'aaliyah1PcW',3168030470,'2023-09-10 18:22:21'),('2023-09-13 05:57:11',52,'adonisX',2748469179,'2023-09-13 05:45:26'),('2023-09-14 01:06:34',52,'adriaensc',3438563082,'2023-09-14 01:02:06'),('2023-09-14 19:04:02',52,'abbye16',268235591,'2023-09-14 19:01:38'),('2023-09-15 18:59:01',52,'abagaelEq7RF',3209881616,'2023-09-15 18:47:38'),('2023-09-16 07:32:58',52,'adamYi',2116813421,'2023-09-16 07:19:44'),('2023-09-16 14:39:12',52,'adriaensc',3596172986,'2023-09-16 14:32:51'),('2023-09-17 14:11:01',52,'abigaelrWm',2927084679,'2023-09-17 13:55:18'),('2023-09-20 04:50:38',52,'abuEVvO',1744496918,'2023-09-20 04:47:08'),('2023-09-21 11:57:27',52,'abagail6rSA',4005151537,'2023-09-21 11:56:51'),('2023-09-24 23:32:41',52,'adelicewx',2537114379,'2023-09-24 23:16:06'),('2023-09-29 08:35:47',52,'acaciamD',2519143665,'2023-09-29 08:29:18'),('2023-09-30 14:42:15',52,'admin0CxU',1678830281,'2023-09-30 14:41:00'),('2023-10-01 20:46:35',52,'adeleOt',682802091,'2023-10-01 20:32:47'),('2023-10-03 21:49:38',52,'adriaensc',663178721,'2023-10-03 21:39:33'),('2023-10-09 05:11:40',52,'adeTe9W',249618254,'2023-10-09 05:04:35'),('2023-10-09 05:11:57',52,'adeTe9W',249618254,'2023-10-09 05:04:35'),('2023-10-16 15:45:53',52,'adaB1',1419992319,'2023-10-16 15:29:10'),('2023-10-18 20:44:12',52,'abbie2FFMK',1787187951,'2023-10-18 20:43:42'),('2023-10-22 08:54:07',52,'abbey6T',2898198264,'2023-10-22 08:53:38'),('2023-11-22 03:33:44',52,'adahg5',2180500285,'2023-11-22 03:25:06'),('2023-12-14 14:31:04',52,'adreaNd',2168844098,'2023-12-14 14:15:06'),('2023-09-16 01:11:15',53,'adnanBcmh',2916282928,'2023-09-16 00:55:32'),('2023-09-25 17:49:22',53,'abbye16',1229092485,'2023-09-25 17:39:35'),('2023-09-27 14:02:32',53,'adelind1Kp5X',2712350200,'2023-09-27 13:45:50'),('2023-10-03 18:55:12',53,'aarenDDCY',2617566685,'2023-10-03 18:51:46'),('2023-10-06 00:21:57',53,'adriabp5w',3517406060,'2023-10-06 00:18:49'),('2023-10-07 23:34:04',53,'adeyh',1389479482,'2023-10-07 23:21:04'),('2023-10-11 11:32:38',53,'abbyk',1118505443,'2023-10-11 11:31:52'),('2023-12-01 05:49:40',53,'aartjann',3927822652,'2023-12-01 05:45:22'),('2023-09-11 04:53:24',54,'adelinaXu',3422437678,'2023-09-11 04:39:19'),('2023-09-15 19:01:07',54,'abagaelEq7RF',3209881616,'2023-09-15 18:47:38'),('2023-09-16 09:43:41',54,'addisonb8l',473180324,'2023-09-16 09:38:51'),('2023-09-16 14:34:34',54,'adriaensc',3596172986,'2023-09-16 14:32:51'),('2023-09-20 13:56:36',54,'abuEVvO',2035806227,'2023-09-20 13:39:45'),('2023-09-21 05:55:20',54,'adelaideAbBJt',2117407506,'2023-09-21 05:43:23'),('2023-09-24 00:09:15',54,'adora1gH',3793214241,'2023-09-23 23:58:24'),('2023-09-25 22:00:24',54,'addisonb8l',274318778,'2023-09-25 21:57:39'),('2023-09-27 15:47:19',54,'adenar3QR',3509896283,'2023-09-27 15:43:51'),('2023-09-28 14:59:14',54,'adenVA8p',2537302262,'2023-09-28 14:58:36'),('2023-10-03 22:31:29',54,'accountingu',633232440,'2023-10-03 22:25:03'),('2023-10-06 07:19:51',54,'adreanna8',4105921094,'2023-10-06 07:05:27'),('2023-10-16 09:30:16',54,'adrianbz',276462011,'2023-10-16 09:27:44'),('2023-10-16 15:34:15',54,'adaB1',1419992319,'2023-10-16 15:29:10'),('2023-10-24 00:05:47',54,'adelind1Kp5X',2692984856,'2023-10-23 23:57:35'),('2023-10-30 03:35:06',54,'addieXxM7f',3946450727,'2023-10-30 03:32:41'),('2023-10-30 11:31:49',54,'adelaideAbBJt',2741420076,'2023-10-30 11:23:08'),('2023-11-19 02:14:46',54,'abahri9PS0',4117986474,'2023-11-19 02:03:25'),('2023-11-23 23:05:37',54,'addia0H',1677290,'2023-11-23 22:58:06'),('2023-11-28 22:25:47',54,'adinaa7',3452183076,'2023-11-28 22:09:24'),('2023-09-11 20:06:43',55,'aarenDDCY',790530317,'2023-09-11 19:51:28'),('2023-09-12 00:29:50',55,'adoreedx1',2053051057,'2023-09-12 00:23:18'),('2023-09-12 03:51:23',55,'addyJ',2196653732,'2023-09-12 03:39:46'),('2023-09-12 21:10:42',55,'abbie2FFMK',2491683135,'2023-09-12 21:00:11'),('2023-09-13 05:59:02',55,'aaliyah1PcW',381358358,'2023-09-13 05:49:00'),('2023-09-13 18:18:41',55,'adoreedx1',1007293758,'2023-09-13 18:10:23'),('2023-09-14 11:02:02',55,'abbe8',2691536612,'2023-09-14 11:01:40'),('2023-09-14 16:00:44',55,'adalynMjC1r',1113163787,'2023-09-14 15:54:52'),('2023-09-16 09:55:17',55,'addisonb8l',473180324,'2023-09-16 09:38:51'),('2023-09-17 01:59:11',55,'abbin',2388555470,'2023-09-17 01:54:55'),('2023-09-17 12:38:26',55,'adeliajtXT3',693897457,'2023-09-17 12:32:04'),('2023-09-19 01:14:20',55,'addieXxM7f',2852863591,'2023-09-19 01:12:30'),('2023-09-20 04:54:35',55,'abuEVvO',1744496918,'2023-09-20 04:47:08'),('2023-09-28 02:07:11',55,'adriabp5w',2894444818,'2023-09-28 01:56:13'),('2023-10-06 16:58:37',55,'addaD',203348976,'2023-10-06 16:41:43'),('2023-10-09 17:15:01',55,'abagaelEq7RF',992087676,'2023-10-09 17:04:23'),('2023-10-16 15:37:22',55,'adaB1',1419992319,'2023-10-16 15:29:10'),('2023-10-16 23:18:44',55,'adianaFa6WR',1037812202,'2023-10-16 23:07:55'),('2023-10-17 11:00:07',55,'abree0ned',880370474,'2023-10-17 10:51:02'),('2023-10-18 20:52:12',55,'abbie2FFMK',1787187951,'2023-10-18 20:43:42'),('2023-10-21 17:00:57',55,'abbas3LjF',1736764135,'2023-10-21 16:55:01'),('2023-10-24 00:04:25',55,'adelind1Kp5X',2692984856,'2023-10-23 23:57:35'),('2023-10-29 11:42:54',55,'abiaZv',799313624,'2023-10-29 11:34:21'),('2023-10-30 00:28:50',55,'addia0H',2394858239,'2023-10-30 00:22:01'),('2023-11-08 13:53:10',55,'adiey',3837118249,'2023-11-08 13:49:37'),('2023-12-01 05:45:45',55,'aartjann',3927822652,'2023-12-01 05:45:22'),('2023-09-11 13:22:28',56,'aartjann',993183191,'2023-09-11 13:07:31'),('2023-09-12 12:01:27',56,'adinaa7',3628554300,'2023-09-12 11:57:01'),('2023-09-13 05:58:17',56,'aaliyah1PcW',381358358,'2023-09-13 05:49:00'),('2023-09-14 06:26:14',56,'aarond0V',2619167853,'2023-09-14 06:17:01'),('2023-09-15 22:26:08',56,'adelaidalgL',704883995,'2023-09-15 22:26:07'),('2023-09-16 07:23:43',56,'adamYi',2116813421,'2023-09-16 07:19:44'),('2023-09-17 17:21:34',56,'adalynMjC1r',3812779435,'2023-09-17 17:08:56'),('2023-09-21 05:44:18',56,'adelaideAbBJt',2117407506,'2023-09-21 05:43:23'),('2023-09-22 04:15:11',56,'adornenz0',1272193645,'2023-09-22 04:14:25'),('2023-09-26 20:31:32',56,'adiey',2763856633,'2023-09-26 20:20:01'),('2023-09-27 13:11:13',56,'adalinex',410245089,'2023-09-27 12:59:46'),('2023-09-27 14:51:02',56,'abbey6T',1915563858,'2023-09-27 14:47:46'),('2023-09-27 14:52:48',56,'abbey6T',1915563858,'2023-09-27 14:47:46'),('2023-10-01 00:08:03',56,'adelaideAbBJt',3352776448,'2023-10-01 00:00:11'),('2023-10-02 04:49:28',56,'abigaelrWm',2506469976,'2023-10-02 04:43:39'),('2023-10-10 15:46:27',56,'abuEVvO',3788349416,'2023-10-10 15:43:55'),('2023-10-14 03:19:18',56,'adelaideAbBJt',1756563355,'2023-10-14 03:11:55'),('2023-10-16 02:38:16',56,'abriannavY',3213979794,'2023-10-16 02:23:32'),('2023-10-16 23:22:31',56,'adianaFa6WR',1037812202,'2023-10-16 23:07:55'),('2023-10-21 06:03:03',56,'adianaFa6WR',763780456,'2023-10-21 05:49:11'),('2023-10-24 00:03:23',56,'adelind1Kp5X',2692984856,'2023-10-23 23:57:35'),('2023-11-28 22:11:42',56,'adinaa7',3452183076,'2023-11-28 22:09:24'),('2023-09-11 12:15:25',57,'abram5Ry',1851667003,'2023-09-11 12:02:13'),('2023-09-12 00:36:20',57,'adoreedx1',2053051057,'2023-09-12 00:23:18'),('2023-09-13 16:03:22',57,'abbe8',6356373,'2023-09-13 15:55:20'),('2023-09-14 19:06:56',57,'abbye16',268235591,'2023-09-14 19:01:38'),('2023-09-14 19:08:45',57,'abbye16',268235591,'2023-09-14 19:01:38'),('2023-09-16 10:49:21',57,'addisonb8l',4114246338,'2023-09-16 10:45:49'),('2023-09-16 19:40:33',57,'aarushiIw',966737277,'2023-09-16 19:34:43'),('2023-09-25 08:24:51',57,'adaracUs',3962985961,'2023-09-25 08:19:52'),('2023-09-27 15:09:21',57,'abbe8',1396499045,'2023-09-27 14:55:38'),('2023-09-28 15:04:20',57,'adenVA8p',2537302262,'2023-09-28 14:58:36'),('2023-09-30 11:22:21',57,'adenVA8p',2738948394,'2023-09-30 11:16:46'),('2023-10-05 16:57:00',57,'adairNxJ4',3271530929,'2023-10-05 16:51:23'),('2023-10-08 20:16:43',57,'abagaelEq7RF',4260365469,'2023-10-08 20:12:16'),('2023-10-14 17:05:43',57,'abrahamnNCN',1631398165,'2023-10-14 16:56:18'),('2023-10-16 02:28:05',57,'abriannavY',3213979794,'2023-10-16 02:23:32'),('2023-10-29 14:26:18',57,'addyJ',2771057373,'2023-10-29 14:15:41'),('2023-11-02 15:37:53',57,'abriannavY',2608197405,'2023-11-02 15:33:21'),('2023-11-28 22:10:43',57,'adinaa7',3452183076,'2023-11-28 22:09:24'),('2023-09-11 02:23:07',58,'admin0CxU',4243141953,'2023-09-11 02:21:01'),('2023-09-11 04:21:58',58,'adrianbz',1813627848,'2023-09-11 04:08:33'),('2023-09-12 10:15:47',58,'aarond0V',3872774521,'2023-09-12 10:14:46'),('2023-09-19 04:32:53',58,'adeliajtXT3',1350670568,'2023-09-19 04:21:36'),('2023-09-21 05:56:53',58,'adamYi',1794561673,'2023-09-21 05:42:43'),('2023-09-21 20:38:06',58,'adalynMjC1r',2543937039,'2023-09-21 20:37:11'),('2023-09-22 23:24:34',58,'aartjann',2552202586,'2023-09-22 23:23:43'),('2023-09-23 16:57:03',58,'abram5Ry',1780201194,'2023-09-23 16:41:12'),('2023-09-25 17:40:16',58,'abbye16',1229092485,'2023-09-25 17:39:35'),('2023-10-08 11:57:48',58,'abahri9PS0',3792559961,'2023-10-08 11:42:26'),('2023-10-09 00:12:33',58,'adamYi',890201304,'2023-10-09 00:02:26'),('2023-10-15 15:36:32',58,'abrahamnNCN',3575955663,'2023-10-15 15:24:56'),('2023-10-31 15:20:49',58,'admin0CxU',856631943,'2023-10-31 15:16:24'),('2023-12-09 17:24:49',58,'adalynMjC1r',1831691304,'2023-12-09 17:21:09'),('2023-09-18 00:40:07',59,'abigaelrWm',1307255976,'2023-09-18 00:32:59'),('2023-09-25 17:45:32',59,'abbye16',1229092485,'2023-09-25 17:39:35'),('2023-10-03 21:40:11',59,'abbey6T',1895433325,'2023-10-03 21:38:51'),('2023-10-20 05:15:43',59,'abigaelrWm',3219797639,'2023-10-20 05:08:05'),('2023-10-29 21:17:43',59,'adantH',1868736933,'2023-10-29 21:07:27'),('2023-11-04 00:56:33',59,'abrahamnNCN',724652606,'2023-11-04 00:52:26'),('2023-09-10 22:24:28',60,'addieXxM7f',3017058087,'2023-09-10 22:22:31'),('2023-09-11 00:51:29',60,'accountingu',475509290,'2023-09-11 00:49:45'),('2023-09-12 12:05:11',60,'adinaa7',3628554300,'2023-09-12 11:57:01'),('2023-09-15 05:04:46',60,'adenVA8p',3557037940,'2023-09-15 05:00:15'),('2023-09-15 05:17:11',60,'adenVA8p',3557037940,'2023-09-15 05:00:15'),('2023-09-15 21:00:06',60,'adoreVd',641042536,'2023-09-15 20:45:17'),('2023-09-20 08:06:00',60,'adelinaXu',198537475,'2023-09-20 08:03:01'),('2023-09-21 05:57:09',60,'adamYi',1794561673,'2023-09-21 05:42:43'),('2023-09-23 01:22:37',60,'adrianbz',4271184811,'2023-09-23 01:15:35'),('2023-09-25 20:28:52',60,'addia0H',612523923,'2023-09-25 20:25:00'),('2023-09-27 15:54:09',60,'adenar3QR',3509896283,'2023-09-27 15:43:51'),('2023-09-29 20:56:22',60,'abbe8',2284915561,'2023-09-29 20:50:51'),('2023-10-01 00:10:28',60,'adelaideAbBJt',3352776448,'2023-10-01 00:00:11'),('2023-10-03 18:59:17',60,'aarenDDCY',2617566685,'2023-10-03 18:51:46'),('2023-10-03 21:42:33',60,'abbey6T',1895433325,'2023-10-03 21:38:51'),('2023-10-05 10:56:52',60,'adriaensc',996628859,'2023-10-05 10:51:07'),('2023-10-07 07:42:51',60,'aaliyah1PcW',3324480782,'2023-10-07 07:28:54'),('2023-10-09 00:12:02',60,'adamYi',890201304,'2023-10-09 00:02:26'),('2023-10-12 14:40:02',60,'adiey',3004988061,'2023-10-12 14:24:23'),('2023-10-15 15:33:12',60,'abrahamnNCN',3575955663,'2023-10-15 15:24:56'),('2023-10-17 19:11:37',60,'achammaFtwp5',2808423530,'2023-10-17 19:08:35'),('2023-09-11 19:57:32',61,'aarenDDCY',790530317,'2023-09-11 19:51:28'),('2023-09-12 03:48:51',61,'addyJ',2196653732,'2023-09-12 03:39:46'),('2023-09-13 05:53:54',61,'adonisX',2748469179,'2023-09-13 05:45:26'),('2023-09-14 01:02:59',61,'adriaensc',3438563082,'2023-09-14 01:02:06'),('2023-09-16 10:50:04',61,'addisonb8l',4114246338,'2023-09-16 10:45:49'),('2023-09-18 00:15:39',61,'abejvDJC',2171172106,'2023-09-18 00:11:25'),('2023-09-18 03:01:25',61,'adelicewx',2373939912,'2023-09-18 02:58:38'),('2023-09-21 20:46:23',61,'adalynMjC1r',2543937039,'2023-09-21 20:37:11'),('2023-09-24 09:15:56',61,'aarushiIw',3459057773,'2023-09-24 09:06:26'),('2023-09-24 20:36:40',61,'aarushiIw',3939076258,'2023-09-24 20:19:54'),('2023-09-24 23:27:02',61,'adelicewx',2537114379,'2023-09-24 23:16:06'),('2023-09-29 01:43:15',61,'adairNxJ4',378863865,'2023-09-29 01:34:54'),('2023-10-04 03:33:07',61,'adrianbz',953506382,'2023-10-04 03:23:13'),('2023-10-05 10:54:45',61,'adriaensc',996628859,'2023-10-05 10:51:07'),('2023-10-09 17:06:42',61,'abagaelEq7RF',992087676,'2023-10-09 17:04:23'),('2023-10-10 09:09:26',61,'adantH',3069347707,'2023-10-10 09:04:17'),('2023-10-11 21:23:14',61,'abrielleoKvo',3145249744,'2023-10-11 21:20:29'),('2023-10-12 14:38:26',61,'adiey',3004988061,'2023-10-12 14:24:23'),('2023-10-16 19:06:30',61,'adianaFa6WR',1072514621,'2023-10-16 18:56:31'),('2023-10-20 05:23:47',61,'abigaelrWm',3219797639,'2023-10-20 05:08:05'),('2023-10-27 19:28:33',61,'adora1gH',2641601559,'2023-10-27 19:21:23'),('2023-11-03 21:04:37',61,'abigaelrWm',500337494,'2023-11-03 20:47:34'),('2023-11-14 20:34:42',61,'adon6',2273652366,'2023-11-14 20:27:39'),('2023-11-19 02:16:19',61,'abahri9PS0',4117986474,'2023-11-19 02:03:25'),('2023-11-22 03:40:22',61,'adahg5',2180500285,'2023-11-22 03:25:06'),('2023-09-14 03:55:58',62,'adenVA8p',1722748373,'2023-09-14 03:49:10'),('2023-09-14 11:17:37',62,'abbe8',2691536612,'2023-09-14 11:01:40'),('2023-09-15 10:56:04',62,'adrianbz',2841011374,'2023-09-15 10:41:13'),('2023-09-18 10:57:21',62,'adoreedx1',4226450932,'2023-09-18 10:49:53'),('2023-09-18 11:00:19',62,'adoreedx1',4226450932,'2023-09-18 10:49:53'),('2023-09-18 22:29:53',62,'adoreedx1',1518446617,'2023-09-18 22:17:58'),('2023-09-20 08:11:24',62,'adelinaXu',198537475,'2023-09-20 08:03:01'),('2023-09-23 16:43:21',62,'abram5Ry',1780201194,'2023-09-23 16:41:12'),('2023-09-29 01:38:55',62,'adairNxJ4',378863865,'2023-09-29 01:34:54'),('2023-09-30 14:50:37',62,'admin0CxU',1678830281,'2023-09-30 14:41:00'),('2023-10-03 22:30:30',62,'accountingu',633232440,'2023-10-03 22:25:03'),('2023-10-04 20:10:49',62,'abree0ned',3087087366,'2023-10-04 19:55:01'),('2023-10-06 07:19:34',62,'adreanna8',4105921094,'2023-10-06 07:05:27'),('2023-10-06 07:22:29',62,'adreanna8',4105921094,'2023-10-06 07:05:27'),('2023-10-06 16:47:36',62,'addaD',203348976,'2023-10-06 16:41:43'),('2023-10-11 21:23:23',62,'abraLH',1975294965,'2023-10-11 21:10:39'),('2023-12-10 12:47:35',62,'adreanna8',1079572201,'2023-12-10 12:46:47'),('2023-09-10 12:18:27',63,'adriabp5w',62364199,'2023-09-10 12:09:14'),('2023-09-11 09:55:09',63,'addisonb8l',3396797330,'2023-09-11 09:49:26'),('2023-09-11 12:35:33',63,'adornenz0',1237506877,'2023-09-11 12:28:27'),('2023-09-11 19:51:55',63,'abbey6T',4216862723,'2023-09-11 19:42:27'),('2023-09-14 19:04:24',63,'abuEVvO',3599398250,'2023-09-14 19:03:18'),('2023-09-17 11:08:31',63,'addia0H',2814015884,'2023-09-17 10:55:15'),('2023-09-17 17:08:57',63,'adalynMjC1r',3812779435,'2023-09-17 17:08:56'),('2023-09-18 22:30:23',63,'adoreedx1',1518446617,'2023-09-18 22:17:58'),('2023-09-18 23:29:17',63,'adnanBcmh',1284018007,'2023-09-18 23:29:02'),('2023-09-19 12:41:26',63,'adeliajtXT3',3915444144,'2023-09-19 12:38:44'),('2023-09-30 01:36:09',63,'action5h9z1',3126577820,'2023-09-30 01:33:18'),('2023-10-02 23:29:06',63,'abraLH',2171432467,'2023-10-02 23:19:21'),('2023-10-03 08:01:40',63,'adeyh',2091883412,'2023-10-03 07:50:00'),('2023-10-10 09:20:06',63,'adantH',3069347707,'2023-10-10 09:04:17'),('2023-10-16 15:30:21',63,'adaB1',1419992319,'2023-10-16 15:29:10'),('2023-10-20 23:49:03',63,'adelheid1ZjKc',4279387602,'2023-10-20 23:43:45'),('2023-10-29 21:11:37',63,'adantH',1868736933,'2023-10-29 21:07:27'),('2023-12-09 17:25:04',63,'adalynMjC1r',1831691304,'2023-12-09 17:21:09'),('2023-09-10 22:28:17',64,'addieXxM7f',3017058087,'2023-09-10 22:22:31'),('2023-09-13 05:53:01',64,'adonisX',2748469179,'2023-09-13 05:45:26'),('2023-09-13 23:52:35',64,'action5h9z1',74276601,'2023-09-13 23:50:15'),('2023-09-15 05:02:03',64,'adenVA8p',3557037940,'2023-09-15 05:00:15'),('2023-09-17 07:14:40',64,'adinaa7',2673195242,'2023-09-17 06:59:15'),('2023-09-19 01:23:15',64,'addieXxM7f',2852863591,'2023-09-19 01:12:30'),('2023-10-01 20:43:14',64,'adeleOt',682802091,'2023-10-01 20:32:47'),('2023-10-01 22:56:19',64,'abiaZv',351760433,'2023-10-01 22:54:04'),('2023-10-02 14:29:12',64,'adreanna8',2078512742,'2023-10-02 14:14:23'),('2023-10-16 19:10:09',64,'adianaFa6WR',1072514621,'2023-10-16 18:56:31'),('2023-09-10 12:22:57',65,'adriabp5w',62364199,'2023-09-10 12:09:14'),('2023-09-14 00:01:31',65,'action5h9z1',74276601,'2023-09-13 23:50:15'),('2023-09-14 00:03:28',65,'action5h9z1',74276601,'2023-09-13 23:50:15'),('2023-09-18 15:59:05',65,'adeleneeO2',2295893712,'2023-09-18 15:57:44'),('2023-09-19 04:27:11',65,'adeliajtXT3',1350670568,'2023-09-19 04:21:36'),('2023-09-19 17:11:42',65,'admin0CxU',1711639846,'2023-09-19 17:11:11'),('2023-09-22 08:00:23',65,'adoreVd',3929763901,'2023-09-22 07:44:22'),('2023-09-22 11:34:15',65,'abbye16',3125975076,'2023-09-22 11:32:42'),('2023-09-25 20:32:37',65,'addia0H',612523923,'2023-09-25 20:25:00'),('2023-09-28 02:06:11',65,'adriabp5w',2894444818,'2023-09-28 01:56:13'),('2023-09-29 01:47:19',65,'adairNxJ4',378863865,'2023-09-29 01:34:54'),('2023-10-07 07:32:28',65,'aaliyah1PcW',3324480782,'2023-10-07 07:28:54'),('2023-10-07 07:33:31',65,'aaliyah1PcW',3324480782,'2023-10-07 07:28:54'),('2023-10-11 21:20:57',65,'abraLH',1975294965,'2023-10-11 21:10:39'),('2023-10-16 15:32:22',65,'adaB1',1419992319,'2023-10-16 15:29:10'),('2023-10-16 23:19:09',65,'adianaFa6WR',1037812202,'2023-10-16 23:07:55'),('2023-11-19 13:10:46',65,'adeleOt',1512875283,'2023-11-19 12:55:21'),('2023-09-11 13:09:14',66,'aartjann',993183191,'2023-09-11 13:07:31'),('2023-09-13 18:17:03',66,'adoreedx1',1007293758,'2023-09-13 18:10:23'),('2023-09-17 01:59:21',66,'abbin',2388555470,'2023-09-17 01:54:55'),('2023-09-17 13:59:29',66,'abigaelrWm',2927084679,'2023-09-17 13:55:18'),('2023-09-20 13:53:52',66,'abuEVvO',2035806227,'2023-09-20 13:39:45'),('2023-09-21 21:38:57',66,'adantH',2994416135,'2023-09-21 21:27:26'),('2023-09-26 16:38:07',66,'adelaidalgL',3508682705,'2023-09-26 16:36:21'),('2023-09-28 15:08:41',66,'adenVA8p',2537302262,'2023-09-28 14:58:36'),('2023-10-03 22:25:52',66,'accountingu',633232440,'2023-10-03 22:25:03'),('2023-10-04 08:49:41',66,'adelinaXu',2851692254,'2023-10-04 08:49:26'),('2023-10-10 10:23:45',66,'abbie2FFMK',674228238,'2023-10-10 10:18:26'),('2023-10-15 15:37:55',66,'abrahamnNCN',3575955663,'2023-10-15 15:24:56'),('2023-10-22 22:01:32',66,'adriabp5w',3546049893,'2023-10-22 21:51:12'),('2023-10-24 03:58:09',66,'addyJ',74502916,'2023-10-24 03:43:58'),('2023-10-31 15:28:06',66,'admin0CxU',856631943,'2023-10-31 15:16:24'),('2023-11-04 00:53:02',66,'abrahamnNCN',724652606,'2023-11-04 00:52:26'),('2023-11-19 16:24:46',66,'adrianbz',2714715052,'2023-11-19 16:09:32'),('2023-11-20 23:42:13',66,'adityaHQ',604321067,'2023-11-20 23:35:58'),('2023-11-26 14:44:19',66,'abagail6rSA',989403410,'2023-11-26 14:41:54'),('2023-12-01 05:48:26',66,'aartjann',3927822652,'2023-12-01 05:45:22'),('2023-12-07 11:11:26',66,'abrahamnNCN',1757503815,'2023-12-07 10:59:40'),('2023-09-21 20:43:25',67,'adalynMjC1r',2543937039,'2023-09-21 20:37:11'),('2023-09-22 08:59:36',67,'adairNxJ4',2723196510,'2023-09-22 08:46:25'),('2023-09-24 07:19:43',67,'addonsOAKDs',2977136618,'2023-09-24 07:13:41'),('2023-09-27 15:04:49',67,'abbey6T',1915563858,'2023-09-27 14:47:46'),('2023-10-03 02:04:15',67,'adriaensc',1652896704,'2023-10-03 01:52:57'),('2023-10-06 07:19:52',67,'adreanna8',4105921094,'2023-10-06 07:05:27'),('2023-10-24 03:49:23',67,'addyJ',74502916,'2023-10-24 03:43:58'),('2023-10-29 14:18:47',67,'addyJ',2771057373,'2023-10-29 14:15:41'),('2023-10-30 11:26:13',67,'adelaideAbBJt',2741420076,'2023-10-30 11:23:08'),('2023-11-08 13:49:49',67,'adiey',3837118249,'2023-11-08 13:49:37'),('2023-11-19 02:13:37',67,'abahri9PS0',4117986474,'2023-11-19 02:03:25'),('2023-11-29 12:20:53',67,'adityaHQ',97842572,'2023-11-29 12:11:51'),('2023-12-07 11:00:11',67,'abrahamnNCN',1757503815,'2023-12-07 10:59:40'),('2023-12-09 17:31:13',67,'adalynMjC1r',1831691304,'2023-12-09 17:21:09'),('2023-09-10 18:36:40',68,'aaliyah1PcW',3168030470,'2023-09-10 18:22:21'),('2023-09-13 05:53:03',68,'aaliyah1PcW',381358358,'2023-09-13 05:49:00'),('2023-09-18 02:40:45',68,'adella8XpVj',4201219776,'2023-09-18 02:23:56'),('2023-09-21 05:48:25',68,'adelaideAbBJt',2117407506,'2023-09-21 05:43:23'),('2023-09-23 06:13:14',68,'abahri9PS0',2343486684,'2023-09-23 05:59:09'),('2023-09-23 16:52:41',68,'abram5Ry',1780201194,'2023-09-23 16:41:12'),('2023-09-24 09:09:18',68,'aarushiIw',3459057773,'2023-09-24 09:06:26'),('2023-09-24 20:23:31',68,'aarushiIw',3939076258,'2023-09-24 20:19:54'),('2023-09-25 17:27:42',68,'aarenDDCY',2318257079,'2023-09-25 17:16:41'),('2023-09-27 15:31:07',68,'abejvDJC',4244135786,'2023-09-27 15:26:01'),('2023-10-04 14:50:19',68,'aarond0V',1224255154,'2023-10-04 14:35:42'),('2023-10-11 11:39:13',68,'abbyk',1118505443,'2023-10-11 11:31:52'),('2023-10-14 03:20:04',68,'adelaideAbBJt',1756563355,'2023-10-14 03:11:55'),('2023-10-22 09:00:20',68,'abbey6T',2898198264,'2023-10-22 08:53:38'),('2023-11-08 13:50:19',68,'adiey',3837118249,'2023-11-08 13:49:37'),('2023-11-20 23:38:06',68,'adityaHQ',604321067,'2023-11-20 23:35:58'),('2023-11-26 18:26:33',68,'adoreedx1',2681516215,'2023-11-26 18:15:04'),('2023-11-28 22:19:09',68,'adinaa7',3452183076,'2023-11-28 22:09:24'),('2023-12-01 05:51:56',68,'aartjann',3927822652,'2023-12-01 05:45:22'),('2023-12-07 11:05:10',68,'abrahamnNCN',1757503815,'2023-12-07 10:59:40'),('2023-09-10 12:14:59',69,'adriabp5w',62364199,'2023-09-10 12:09:14'),('2023-09-14 00:03:05',69,'action5h9z1',74276601,'2023-09-13 23:50:15'),('2023-09-14 04:01:07',69,'adenVA8p',1722748373,'2023-09-14 03:49:10'),('2023-09-14 06:23:19',69,'aarond0V',2619167853,'2023-09-14 06:17:01'),('2023-09-14 15:58:47',69,'adalynMjC1r',1113163787,'2023-09-14 15:54:52'),('2023-09-17 02:09:48',69,'abbin',2388555470,'2023-09-17 01:54:55'),('2023-09-25 17:32:11',69,'aarenDDCY',2318257079,'2023-09-25 17:16:41'),('2023-09-27 13:06:47',69,'adalinex',410245089,'2023-09-27 12:59:46'),('2023-09-27 14:59:21',69,'abbe8',1396499045,'2023-09-27 14:55:38'),('2023-10-01 20:39:06',69,'adeleOt',682802091,'2023-10-01 20:32:47'),('2023-10-02 23:19:23',69,'abraLH',2171432467,'2023-10-02 23:19:21'),('2023-10-09 10:59:42',69,'adoreedx1',2077274764,'2023-10-09 10:44:46'),('2023-10-09 11:00:04',69,'adoreedx1',2077274764,'2023-10-09 10:44:46'),('2023-10-12 14:33:58',69,'adiey',3004988061,'2023-10-12 14:24:23'),('2023-10-16 09:44:11',69,'adeleneeO2',962119042,'2023-10-16 09:35:44'),('2023-10-17 01:30:11',69,'adityaHQ',2268209090,'2023-10-17 01:14:17'),('2023-10-17 19:18:41',69,'achammaFtwp5',2808423530,'2023-10-17 19:08:35'),('2023-10-29 11:48:31',69,'abiaZv',799313624,'2023-10-29 11:34:21'),('2023-10-29 21:12:20',69,'adantH',1868736933,'2023-10-29 21:07:27'),('2023-10-30 11:23:38',69,'adelaideAbBJt',2741420076,'2023-10-30 11:23:08'),('2023-11-16 11:59:31',69,'abagaelEq7RF',1320020589,'2023-11-16 11:53:43'),('2023-11-19 16:14:43',69,'adrianbz',2714715052,'2023-11-19 16:09:32'),('2023-11-28 10:36:14',69,'admin0CxU',3191590249,'2023-11-28 10:22:17'),('2023-09-10 12:20:33',70,'adriabp5w',62364199,'2023-09-10 12:09:14'),('2023-09-12 00:27:41',70,'adoreedx1',2053051057,'2023-09-12 00:23:18'),('2023-09-13 16:43:43',70,'abbie2FFMK',793879898,'2023-09-13 16:32:38'),('2023-09-14 01:01:52',70,'adrianbz',2310263043,'2023-09-14 00:45:11'),('2023-09-20 22:05:27',70,'adinaa7',2309480174,'2023-09-20 21:56:56'),('2023-09-24 23:38:42',70,'abigail6CA',2958516782,'2023-09-24 23:26:08'),('2023-09-28 15:12:48',70,'adenVA8p',2537302262,'2023-09-28 14:58:36'),('2023-09-29 23:08:30',70,'abbey6T',1837179915,'2023-09-29 23:06:47'),('2023-10-04 14:44:37',70,'aarond0V',1224255154,'2023-10-04 14:35:42'),('2023-10-11 21:23:06',70,'abraLH',1975294965,'2023-10-11 21:10:39'),('2023-10-12 14:31:56',70,'adiey',3004988061,'2023-10-12 14:24:23'),('2023-10-17 01:19:30',70,'adityaHQ',2268209090,'2023-10-17 01:14:17'),('2023-10-24 20:52:28',70,'action5h9z1',2690926897,'2023-10-24 20:41:06'),('2023-11-16 12:07:07',70,'abagaelEq7RF',1320020589,'2023-11-16 11:53:43'),('2023-09-11 12:09:42',71,'abram5Ry',1851667003,'2023-09-11 12:02:13'),('2023-09-15 05:13:04',71,'adenVA8p',3557037940,'2023-09-15 05:00:15'),('2023-09-17 06:35:58',71,'adreaNd',3520155825,'2023-09-17 06:31:57'),('2023-09-18 00:48:03',71,'abigaelrWm',1307255976,'2023-09-18 00:32:59'),('2023-09-19 04:29:04',71,'adeliajtXT3',1350670568,'2023-09-19 04:21:36'),('2023-09-19 12:41:31',71,'adeliajtXT3',3915444144,'2023-09-19 12:38:44'),('2023-09-22 08:58:05',71,'adairNxJ4',2723196510,'2023-09-22 08:46:25'),('2023-09-22 18:33:03',71,'acaciamD',2133436255,'2023-09-22 18:31:54'),('2023-09-25 06:48:03',71,'addisonb8l',890169397,'2023-09-25 06:32:40'),('2023-09-26 16:39:59',71,'adelaidalgL',3508682705,'2023-09-26 16:36:21'),('2023-10-01 13:41:46',71,'abigail6CA',4292171035,'2023-10-01 13:28:23'),('2023-10-03 21:45:33',71,'adriaensc',663178721,'2023-10-03 21:39:33'),('2023-10-04 03:29:50',71,'adrianbz',953506382,'2023-10-04 03:23:13'),('2023-10-06 07:19:21',71,'adreanna8',4105921094,'2023-10-06 07:05:27'),('2023-10-11 06:14:44',71,'abree0ned',1803495310,'2023-10-11 06:03:59'),('2023-10-12 14:26:17',71,'adiey',3004988061,'2023-10-12 14:24:23'),('2023-10-16 23:08:58',71,'adianaFa6WR',1037812202,'2023-10-16 23:07:55'),('2023-10-18 20:52:31',71,'abbie2FFMK',1787187951,'2023-10-18 20:43:42'),('2023-10-24 00:05:37',71,'adelind1Kp5X',2692984856,'2023-10-23 23:57:35'),('2023-10-25 22:25:41',71,'adriaensc',173112384,'2023-10-25 22:12:43'),('2023-11-03 21:02:35',71,'abigaelrWm',500337494,'2023-11-03 20:47:34'),('2023-11-03 21:04:21',71,'abigaelrWm',500337494,'2023-11-03 20:47:34'),('2023-12-01 06:00:07',71,'aartjann',3927822652,'2023-12-01 05:45:22'),('2023-12-07 11:13:08',71,'abrahamnNCN',1757503815,'2023-12-07 10:59:40'),('2023-09-13 05:52:02',72,'aaliyah1PcW',381358358,'2023-09-13 05:49:00'),('2023-09-18 02:30:51',72,'adella8XpVj',4201219776,'2023-09-18 02:23:56'),('2023-09-21 12:02:42',72,'abagail6rSA',4005151537,'2023-09-21 11:56:51'),('2023-09-24 09:10:08',72,'aarushiIw',3459057773,'2023-09-24 09:06:26'),('2023-10-02 23:19:44',72,'abraLH',2171432467,'2023-10-02 23:19:21'),('2023-10-05 17:08:04',72,'adairNxJ4',3271530929,'2023-10-05 16:51:23'),('2023-10-06 16:52:13',72,'addaD',203348976,'2023-10-06 16:41:43'),('2023-10-07 17:08:07',72,'adaB1',1785906761,'2023-10-07 16:55:46'),('2023-10-08 20:24:43',72,'abagaelEq7RF',4260365469,'2023-10-08 20:12:16'),('2023-10-10 09:11:58',72,'adantH',3069347707,'2023-10-10 09:04:17'),('2023-10-25 09:02:07',72,'abrahamnNCN',2432295471,'2023-10-25 08:46:41'),('2023-10-29 16:33:54',72,'abyrb',1234366463,'2023-10-29 16:32:11'),('2023-10-31 15:20:51',72,'admin0CxU',856631943,'2023-10-31 15:16:24'),('2023-11-19 12:57:03',72,'adeleOt',1512875283,'2023-11-19 12:55:21'),('2023-09-13 23:57:10',73,'action5h9z1',74276601,'2023-09-13 23:50:15'),('2023-09-15 05:16:09',73,'adenVA8p',3557037940,'2023-09-15 05:00:15'),('2023-09-17 02:06:09',73,'abbin',2388555470,'2023-09-17 01:54:55'),('2023-09-17 11:06:23',73,'addia0H',2814015884,'2023-09-17 10:55:15'),('2023-09-21 20:37:30',73,'adalynMjC1r',2543937039,'2023-09-21 20:37:11'),('2023-09-21 20:44:11',73,'adalynMjC1r',2543937039,'2023-09-21 20:37:11'),('2023-09-23 01:23:30',73,'adrianbz',4271184811,'2023-09-23 01:15:35'),('2023-09-27 15:39:56',73,'abejvDJC',4244135786,'2023-09-27 15:26:01'),('2023-10-01 20:45:37',73,'adeleOt',682802091,'2023-10-01 20:32:47'),('2023-10-02 04:55:29',73,'abigaelrWm',2506469976,'2023-10-02 04:43:39'),('2023-10-16 09:40:41',73,'adrianbz',276462011,'2023-10-16 09:27:44'),('2023-10-19 18:39:05',73,'accountingu',2460351651,'2023-10-19 18:34:02'),('2023-10-25 22:23:09',73,'adriaensc',173112384,'2023-10-25 22:12:43'),('2023-10-29 16:38:35',73,'abyrb',1234366463,'2023-10-29 16:32:11'),('2023-10-29 16:45:54',73,'abyrb',1234366463,'2023-10-29 16:32:11'),('2023-11-02 15:49:53',73,'abriannavY',2608197405,'2023-11-02 15:33:21'),('2023-11-06 04:24:16',73,'abagaelEq7RF',2388234289,'2023-11-06 04:17:28'),('2023-11-08 13:58:10',73,'adiey',3837118249,'2023-11-08 13:49:37'),('2023-09-12 12:13:26',74,'adinaa7',3628554300,'2023-09-12 11:57:01'),('2023-09-13 05:54:15',74,'adonisX',2748469179,'2023-09-13 05:45:26'),('2023-09-16 10:48:15',74,'addisonb8l',4114246338,'2023-09-16 10:45:49'),('2023-09-16 14:38:50',74,'adriaensc',3596172986,'2023-09-16 14:32:51'),('2023-09-16 19:50:52',74,'aarushiIw',966737277,'2023-09-16 19:34:43'),('2023-10-09 10:53:54',74,'adoreedx1',2077274764,'2023-10-09 10:44:46'),('2023-10-09 23:31:52',74,'abigaelrWm',492010665,'2023-10-09 23:15:38'),('2023-10-11 06:20:23',74,'abree0ned',1803495310,'2023-10-11 06:03:59'),('2023-10-14 17:03:23',74,'abrahamnNCN',1631398165,'2023-10-14 16:56:18'),('2023-10-17 19:15:10',74,'achammaFtwp5',2808423530,'2023-10-17 19:08:35'),('2023-10-21 05:57:17',74,'adianaFa6WR',763780456,'2023-10-21 05:49:11'),('2023-10-30 00:28:34',74,'addia0H',2394858239,'2023-10-30 00:22:01'),('2023-10-31 06:53:24',74,'aarikap',1645624376,'2023-10-31 06:45:28'),('2023-10-31 15:30:28',74,'admin0CxU',856631943,'2023-10-31 15:16:24'),('2023-09-13 06:02:00',75,'adonisX',2748469179,'2023-09-13 05:45:26'),('2023-09-13 16:47:46',75,'abbie2FFMK',793879898,'2023-09-13 16:32:38'),('2023-09-13 17:49:28',75,'adoreedx1',990315879,'2023-09-13 17:43:43'),('2023-09-13 23:56:25',75,'action5h9z1',74276601,'2023-09-13 23:50:15'),('2023-09-18 16:08:08',75,'adeleneeO2',2295893712,'2023-09-18 15:57:44'),('2023-09-21 20:42:42',75,'adalynMjC1r',2543937039,'2023-09-21 20:37:11'),('2023-09-22 11:20:22',75,'addieXxM7f',1837400007,'2023-09-22 11:07:50'),('2023-09-24 09:13:25',75,'aarushiIw',3459057773,'2023-09-24 09:06:26'),('2023-09-25 17:22:29',75,'abbas3LjF',639415277,'2023-09-25 17:08:35'),('2023-10-02 07:40:15',75,'abigail6CA',1451603882,'2023-10-02 07:38:52'),('2023-10-03 21:54:17',75,'abbey6T',1895433325,'2023-10-03 21:38:51'),('2023-10-03 21:54:20',75,'abbey6T',1895433325,'2023-10-03 21:38:51'),('2023-10-04 03:37:51',75,'adrianbz',953506382,'2023-10-04 03:23:13'),('2023-10-05 12:12:59',75,'abahri9PS0',1993899146,'2023-10-05 11:56:20'),('2023-10-07 17:09:41',75,'adelinaXu',2844469171,'2023-10-07 16:58:11'),('2023-10-08 10:30:59',75,'addaD',4231344124,'2023-10-08 10:26:54'),('2023-10-18 20:59:14',75,'abbie2FFMK',1787187951,'2023-10-18 20:43:42'),('2023-10-25 22:14:45',75,'adriaensc',173112384,'2023-10-25 22:12:43'),('2023-10-29 16:48:36',75,'abyrb',1234366463,'2023-10-29 16:32:11'),('2023-10-30 00:38:22',75,'addia0H',2394858239,'2023-10-30 00:22:01'),('2023-09-13 01:10:44',76,'adamYi',4238934986,'2023-09-13 01:06:28'),('2023-09-18 08:47:42',76,'adelinaXu',1049982104,'2023-09-18 08:42:05'),('2023-09-19 04:33:14',76,'adeliajtXT3',1350670568,'2023-09-19 04:21:36'),('2023-09-22 11:38:35',76,'abbye16',3125975076,'2023-09-22 11:32:42'),('2023-09-24 23:40:27',76,'abigail6CA',2958516782,'2023-09-24 23:26:08'),('2023-10-01 13:33:34',76,'abigail6CA',4292171035,'2023-10-01 13:28:23'),('2023-10-03 22:32:17',76,'accountingu',633232440,'2023-10-03 22:25:03'),('2023-10-09 23:18:25',76,'abigaelrWm',492010665,'2023-10-09 23:15:38'),('2023-10-15 15:27:54',76,'abrahamnNCN',3575955663,'2023-10-15 15:24:56'),('2023-10-16 09:48:53',76,'adeleneeO2',962119042,'2023-10-16 09:35:44'),('2023-10-22 09:02:10',76,'abbey6T',2898198264,'2023-10-22 08:53:38'),('2023-10-29 14:30:07',76,'addyJ',2771057373,'2023-10-29 14:15:41'),('2023-11-06 17:47:19',76,'abbey6T',2163712972,'2023-11-06 17:37:18'),('2023-09-11 04:41:27',77,'adelinaXu',3422437678,'2023-09-11 04:39:19'),('2023-09-11 12:14:41',77,'abram5Ry',1851667003,'2023-09-11 12:02:13'),('2023-09-15 10:50:13',77,'adrianbz',2841011374,'2023-09-15 10:41:13'),('2023-09-19 15:08:59',77,'abagail6rSA',1853609370,'2023-09-19 15:00:44'),('2023-09-21 05:42:45',77,'adamYi',1794561673,'2023-09-21 05:42:43'),('2023-09-21 22:44:06',77,'abbas3LjF',1577629304,'2023-09-21 22:30:28'),('2023-09-22 23:25:19',77,'aartjann',2552202586,'2023-09-22 23:23:43'),('2023-09-24 09:21:06',77,'aarushiIw',3459057773,'2023-09-24 09:06:26'),('2023-09-24 22:22:19',77,'adeliL',1077081532,'2023-09-24 22:06:33'),('2023-09-27 15:29:15',77,'abejvDJC',4244135786,'2023-09-27 15:26:01'),('2023-09-27 15:55:41',77,'adenar3QR',3509896283,'2023-09-27 15:43:51'),('2023-09-28 15:14:06',77,'adenVA8p',2537302262,'2023-09-28 14:58:36'),('2023-10-01 03:30:52',77,'abbin',3356389659,'2023-10-01 03:23:45'),('2023-10-01 23:09:25',77,'abiaZv',351760433,'2023-10-01 22:54:04'),('2023-10-07 17:03:10',77,'adaB1',1785906761,'2023-10-07 16:55:46'),('2023-10-17 11:07:04',77,'abree0ned',880370474,'2023-10-17 10:51:02'),('2023-10-19 18:38:48',77,'accountingu',2460351651,'2023-10-19 18:34:02'),('2023-10-24 14:15:07',77,'aarond0V',1238383775,'2023-10-24 14:14:05'),('2023-11-10 20:57:50',77,'adenar3QR',4256628940,'2023-11-10 20:47:42'),('2023-11-19 16:22:44',77,'adrianbz',2714715052,'2023-11-19 16:09:32'),('2023-12-07 11:09:58',77,'abrahamnNCN',1757503815,'2023-12-07 10:59:40'),('2023-09-11 13:12:53',78,'aartjann',993183191,'2023-09-11 13:07:31'),('2023-09-13 01:11:52',78,'adamYi',4238934986,'2023-09-13 01:06:28'),('2023-09-16 07:34:17',78,'adamYi',2116813421,'2023-09-16 07:19:44'),('2023-09-19 12:50:59',78,'adeliajtXT3',3915444144,'2023-09-19 12:38:44'),('2023-09-20 12:55:29',78,'abbie2FFMK',664504889,'2023-09-20 12:42:44'),('2023-09-20 13:41:52',78,'abuEVvO',2035806227,'2023-09-20 13:39:45'),('2023-09-22 04:26:09',78,'adornenz0',1272193645,'2023-09-22 04:14:25'),('2023-09-22 18:35:58',78,'acaciamD',2133436255,'2023-09-22 18:31:54'),('2023-09-27 14:48:22',78,'abbey6T',1915563858,'2023-09-27 14:47:46'),('2023-09-29 23:15:00',78,'abbey6T',1837179915,'2023-09-29 23:06:47'),('2023-09-30 11:31:29',78,'adenVA8p',2738948394,'2023-09-30 11:16:46'),('2023-09-30 14:49:26',78,'admin0CxU',1678830281,'2023-09-30 14:41:00'),('2023-10-01 20:40:32',78,'adeleOt',682802091,'2023-10-01 20:32:47'),('2023-10-02 04:48:45',78,'abigaelrWm',2506469976,'2023-10-02 04:43:39'),('2023-10-04 03:29:57',78,'adrianbz',953506382,'2023-10-04 03:23:13'),('2023-10-14 17:05:58',78,'abrahamnNCN',1631398165,'2023-10-14 16:56:18'),('2023-10-22 09:05:25',78,'abbey6T',2898198264,'2023-10-22 08:53:38'),('2023-10-24 03:51:18',78,'addyJ',74502916,'2023-10-24 03:43:58'),('2023-10-29 11:37:41',78,'abiaZv',799313624,'2023-10-29 11:34:21'),('2023-11-01 05:44:19',78,'abagail6rSA',4184535473,'2023-11-01 05:34:47'),('2023-11-28 10:31:52',78,'admin0CxU',3191590249,'2023-11-28 10:22:17'),('2023-09-10 18:27:09',79,'aaliyah1PcW',3168030470,'2023-09-10 18:22:21'),('2023-09-13 11:11:56',79,'aaliyah1PcW',4106946456,'2023-09-13 11:01:17'),('2023-09-13 16:01:29',79,'abbe8',6356373,'2023-09-13 15:55:20'),('2023-09-14 06:28:43',79,'aarond0V',2619167853,'2023-09-14 06:17:01'),('2023-09-22 18:36:59',79,'acaciamD',2133436255,'2023-09-22 18:31:54'),('2023-09-22 23:33:46',79,'aartjann',2552202586,'2023-09-22 23:23:43'),('2023-09-26 16:50:42',79,'adelaidalgL',3508682705,'2023-09-26 16:36:21'),('2023-09-29 20:52:10',79,'abbe8',2284915561,'2023-09-29 20:50:51'),('2023-09-30 14:52:44',79,'admin0CxU',1678830281,'2023-09-30 14:41:00'),('2023-10-07 23:25:07',79,'adeyh',1389479482,'2023-10-07 23:21:04'),('2023-10-13 09:47:57',79,'addieXxM7f',4188844914,'2023-10-13 09:35:58'),('2023-10-16 09:47:10',79,'adeleneeO2',962119042,'2023-10-16 09:35:44'),('2023-10-17 19:22:59',79,'achammaFtwp5',2808423530,'2023-10-17 19:08:35'),('2023-10-22 12:26:45',79,'aaliyah1PcW',2711062787,'2023-10-22 12:24:05'),('2023-10-24 00:00:05',79,'adelind1Kp5X',2692984856,'2023-10-23 23:57:35'),('2023-09-12 10:50:10',80,'adora1gH',694103030,'2023-09-12 10:37:58'),('2023-09-14 19:10:16',80,'abbye16',268235591,'2023-09-14 19:01:38'),('2023-09-15 18:53:47',80,'abagaelEq7RF',3209881616,'2023-09-15 18:47:38'),('2023-09-16 00:58:20',80,'adnanBcmh',2916282928,'2023-09-16 00:55:32'),('2023-09-17 07:13:12',80,'adinaa7',2673195242,'2023-09-17 06:59:15'),('2023-09-20 12:50:25',80,'abbie2FFMK',664504889,'2023-09-20 12:42:44'),('2023-09-20 22:03:20',80,'adinaa7',2309480174,'2023-09-20 21:56:56'),('2023-09-21 21:31:57',80,'adantH',2994416135,'2023-09-21 21:27:26'),('2023-10-02 23:30:26',80,'abraLH',2171432467,'2023-10-02 23:19:21'),('2023-10-04 03:27:07',80,'adrianbz',953506382,'2023-10-04 03:23:13'),('2023-10-07 23:34:35',80,'adeyh',1389479482,'2023-10-07 23:21:04'),('2023-10-25 08:56:40',80,'abrahamnNCN',2432295471,'2023-10-25 08:46:41'),('2023-11-28 22:25:42',80,'adinaa7',3452183076,'2023-11-28 22:09:24'),('2023-09-10 22:37:51',81,'addieXxM7f',3017058087,'2023-09-10 22:22:31'),('2023-09-11 19:49:54',81,'abbey6T',4216862723,'2023-09-11 19:42:27'),('2023-09-13 18:18:54',81,'adoreedx1',1007293758,'2023-09-13 18:10:23'),('2023-09-16 19:50:54',81,'aarushiIw',966737277,'2023-09-16 19:34:43'),('2023-09-17 12:46:48',81,'adeliajtXT3',693897457,'2023-09-17 12:32:04'),('2023-09-25 17:10:04',81,'abbas3LjF',639415277,'2023-09-25 17:08:35'),('2023-09-28 15:11:45',81,'adenVA8p',2537302262,'2023-09-28 14:58:36'),('2023-09-29 21:07:37',81,'abbe8',2284915561,'2023-09-29 20:50:51'),('2023-09-30 11:18:21',81,'adenVA8p',2738948394,'2023-09-30 11:16:46'),('2023-10-02 13:00:15',81,'achalbkG',2556376476,'2023-10-02 12:47:12'),('2023-10-08 22:48:48',81,'acesl',2239483699,'2023-10-08 22:35:33'),('2023-10-14 17:01:32',81,'abrahamnNCN',1631398165,'2023-10-14 16:56:18'),('2023-10-17 10:58:12',81,'abree0ned',880370474,'2023-10-17 10:51:02'),('2023-10-21 06:00:08',81,'adianaFa6WR',763780456,'2023-10-21 05:49:11'),('2023-10-30 11:29:51',81,'adelaideAbBJt',2741420076,'2023-10-30 11:23:08'),('2023-11-03 21:04:23',81,'abigaelrWm',500337494,'2023-11-03 20:47:34'),('2023-11-06 17:39:42',81,'abbey6T',2163712972,'2023-11-06 17:37:18'),('2023-11-06 17:45:19',81,'abbey6T',2163712972,'2023-11-06 17:37:18'),('2023-11-26 18:20:54',81,'adoreedx1',2681516215,'2023-11-26 18:15:04'),('2023-09-11 02:24:15',82,'admin0CxU',4243141953,'2023-09-11 02:21:01'),('2023-09-11 05:12:43',82,'addieXxM7f',2047792685,'2023-09-11 05:03:02'),('2023-09-11 12:10:46',82,'abram5Ry',1851667003,'2023-09-11 12:02:13'),('2023-09-13 05:53:05',82,'adonisX',2748469179,'2023-09-13 05:45:26'),('2023-09-15 05:07:47',82,'adenVA8p',3557037940,'2023-09-15 05:00:15'),('2023-09-16 09:48:49',82,'addisonb8l',473180324,'2023-09-16 09:38:51'),('2023-09-17 11:08:47',82,'addia0H',2814015884,'2023-09-17 10:55:15'),('2023-09-18 03:09:01',82,'adelicewx',2373939912,'2023-09-18 02:58:38'),('2023-09-19 15:03:58',82,'abagail6rSA',1853609370,'2023-09-19 15:00:44'),('2023-09-25 17:23:34',82,'abbas3LjF',639415277,'2023-09-25 17:08:35'),('2023-09-27 05:28:06',82,'abbey6T',2748819108,'2023-09-27 05:22:05'),('2023-09-29 20:56:19',82,'abbe8',2284915561,'2023-09-29 20:50:51'),('2023-10-08 11:46:07',82,'abahri9PS0',3792559961,'2023-10-08 11:42:26'),('2023-10-09 10:45:55',82,'adoreedx1',2077274764,'2023-10-09 10:44:46'),('2023-10-16 02:28:33',82,'abriannavY',3213979794,'2023-10-16 02:23:32'),('2023-10-16 15:36:45',82,'adaB1',1419992319,'2023-10-16 15:29:10'),('2023-10-19 18:43:25',82,'accountingu',2460351651,'2023-10-19 18:34:02'),('2023-10-21 05:49:50',82,'adianaFa6WR',763780456,'2023-10-21 05:49:11'),('2023-10-21 17:11:25',82,'abbas3LjF',1736764135,'2023-10-21 16:55:01'),('2023-10-22 09:03:23',82,'abbey6T',2898198264,'2023-10-22 08:53:38'),('2023-10-22 09:10:21',82,'abbey6T',2898198264,'2023-10-22 08:53:38'),('2023-10-24 00:05:35',82,'adelind1Kp5X',2692984856,'2023-10-23 23:57:35'),('2023-10-31 06:52:12',82,'aarikap',1645624376,'2023-10-31 06:45:28'),('2023-11-06 17:43:51',82,'abbey6T',2163712972,'2023-11-06 17:37:18'),('2023-11-06 17:52:39',82,'abbey6T',2163712972,'2023-11-06 17:37:18'),('2023-11-06 19:40:02',82,'addyJ',823317030,'2023-11-06 19:37:15'),('2023-11-23 23:00:29',82,'addia0H',1677290,'2023-11-23 22:58:06'),('2023-09-12 03:56:02',83,'addyJ',2196653732,'2023-09-12 03:39:46'),('2023-09-13 17:48:24',83,'adoreedx1',990315879,'2023-09-13 17:43:43'),('2023-09-14 00:03:59',83,'action5h9z1',74276601,'2023-09-13 23:50:15'),('2023-09-19 01:16:34',83,'addieXxM7f',2852863591,'2023-09-19 01:12:30'),('2023-09-22 04:27:34',83,'adornenz0',1272193645,'2023-09-22 04:14:25'),('2023-09-22 23:36:24',83,'aartjann',2552202586,'2023-09-22 23:23:43'),('2023-09-24 00:11:55',83,'adora1gH',3793214241,'2023-09-23 23:58:24'),('2023-09-29 21:05:44',83,'abbe8',2284915561,'2023-09-29 20:50:51'),('2023-10-05 12:03:31',83,'abahri9PS0',1993899146,'2023-10-05 11:56:20'),('2023-10-08 22:51:36',83,'acesl',2239483699,'2023-10-08 22:35:33'),('2023-10-16 09:35:27',83,'adrianbz',276462011,'2023-10-16 09:27:44'),('2023-10-24 20:49:28',83,'action5h9z1',2690926897,'2023-10-24 20:41:06'),('2023-11-02 15:49:28',83,'abriannavY',2608197405,'2023-11-02 15:33:21'),('2023-11-04 01:02:11',83,'abrahamnNCN',724652606,'2023-11-04 00:52:26'),('2023-12-14 14:20:32',83,'adreaNd',2168844098,'2023-12-14 14:15:06'),('2023-09-13 18:14:17',84,'adoreedx1',1007293758,'2023-09-13 18:10:23'),('2023-09-15 22:26:55',84,'adelaidalgL',704883995,'2023-09-15 22:26:07'),('2023-09-22 18:48:49',84,'acaciamD',2133436255,'2023-09-22 18:31:54'),('2023-09-25 06:38:38',84,'addisonb8l',890169397,'2023-09-25 06:32:40'),('2023-09-27 05:23:48',84,'abbey6T',2748819108,'2023-09-27 05:22:05'),('2023-09-27 09:33:44',84,'aarushiIw',3809311770,'2023-09-27 09:27:08'),('2023-09-27 09:34:15',84,'aarushiIw',3809311770,'2023-09-27 09:27:08'),('2023-09-29 08:30:14',84,'acaciamD',2519143665,'2023-09-29 08:29:18'),('2023-10-04 03:24:26',84,'adrianbz',953506382,'2023-10-04 03:23:13'),('2023-10-05 10:54:40',84,'adriaensc',996628859,'2023-10-05 10:51:07'),('2023-10-05 17:07:55',84,'adairNxJ4',3271530929,'2023-10-05 16:51:23'),('2023-10-29 16:45:24',84,'abyrb',1234366463,'2023-10-29 16:32:11'),('2023-11-02 15:35:50',84,'abriannavY',2608197405,'2023-11-02 15:33:21'),('2023-11-23 23:08:18',84,'addia0H',1677290,'2023-11-23 22:58:06'),('2023-09-11 19:54:10',85,'abbey6T',4216862723,'2023-09-11 19:42:27'),('2023-09-14 11:12:15',85,'abbe8',2691536612,'2023-09-14 11:01:40'),('2023-09-16 07:34:21',85,'adamYi',2116813421,'2023-09-16 07:19:44'),('2023-09-17 11:11:48',85,'addia0H',2814015884,'2023-09-17 10:55:15'),('2023-09-19 13:41:50',85,'aartjann',2939277956,'2023-09-19 13:26:09'),('2023-09-20 05:31:50',85,'abiaZv',4256861015,'2023-09-20 05:23:46'),('2023-09-21 12:12:19',85,'abagail6rSA',4005151537,'2023-09-21 11:56:51'),('2023-09-28 02:09:37',85,'adriabp5w',2894444818,'2023-09-28 01:56:13'),('2023-10-02 07:40:23',85,'abigail6CA',1451603882,'2023-10-02 07:38:52'),('2023-10-03 07:51:34',85,'adeyh',2091883412,'2023-10-03 07:50:00'),('2023-10-04 03:40:04',85,'adrianbz',953506382,'2023-10-04 03:23:13'),('2023-10-04 07:30:37',85,'adalynMjC1r',3470483471,'2023-10-04 07:28:23'),('2023-10-11 11:40:22',85,'abbyk',1118505443,'2023-10-11 11:31:52'),('2023-10-13 09:42:27',85,'addieXxM7f',4188844914,'2023-10-13 09:35:58'),('2023-10-14 17:05:47',85,'abrahamnNCN',1631398165,'2023-10-14 16:56:18'),('2023-10-24 14:22:26',85,'aarond0V',1238383775,'2023-10-24 14:14:05'),('2023-11-19 16:14:18',85,'adrianbz',2714715052,'2023-11-19 16:09:32'),('2023-11-29 12:20:12',85,'adityaHQ',97842572,'2023-11-29 12:11:51'),('2023-09-15 20:52:55',86,'adoreVd',641042536,'2023-09-15 20:45:17'),('2023-09-16 19:51:05',86,'aarushiIw',966737277,'2023-09-16 19:34:43'),('2023-09-21 12:03:11',86,'abagail6rSA',4005151537,'2023-09-21 11:56:51'),('2023-09-22 11:11:44',86,'addieXxM7f',1837400007,'2023-09-22 11:07:50'),('2023-09-24 23:38:08',86,'abigail6CA',2958516782,'2023-09-24 23:26:08'),('2023-09-25 20:31:40',86,'addia0H',612523923,'2023-09-25 20:25:00'),('2023-09-25 20:37:56',86,'addia0H',612523923,'2023-09-25 20:25:00'),('2023-09-28 14:58:42',86,'adenVA8p',2537302262,'2023-09-28 14:58:36'),('2023-09-29 08:44:52',86,'acaciamD',2519143665,'2023-09-29 08:29:18'),('2023-10-01 23:08:43',86,'abiaZv',351760433,'2023-10-01 22:54:04'),('2023-10-02 04:59:07',86,'abigaelrWm',2506469976,'2023-10-02 04:43:39'),('2023-10-04 08:53:10',86,'adelinaXu',2851692254,'2023-10-04 08:49:26'),('2023-10-08 20:15:29',86,'abagaelEq7RF',4260365469,'2023-10-08 20:12:16'),('2023-10-10 09:18:05',86,'adantH',3069347707,'2023-10-10 09:04:17'),('2023-10-20 23:58:22',86,'adelheid1ZjKc',4279387602,'2023-10-20 23:43:45'),('2023-10-22 12:29:05',86,'aaliyah1PcW',2711062787,'2023-10-22 12:24:05'),('2023-10-24 14:24:33',86,'aarond0V',1238383775,'2023-10-24 14:14:05'),('2023-10-30 11:37:55',86,'adelaideAbBJt',2741420076,'2023-10-30 11:23:08'),('2023-11-06 04:21:19',86,'abagaelEq7RF',2388234289,'2023-11-06 04:17:28'),('2023-11-24 02:01:32',86,'adelaidalgL',1890703144,'2023-11-24 01:57:51'),('2023-11-26 14:57:19',86,'abagail6rSA',989403410,'2023-11-26 14:41:54'),('2023-12-14 14:29:21',86,'adreaNd',2168844098,'2023-12-14 14:15:06'),('2023-09-11 00:52:09',87,'accountingu',475509290,'2023-09-11 00:49:45'),('2023-09-15 05:09:35',87,'adenVA8p',3557037940,'2023-09-15 05:00:15'),('2023-09-22 18:33:57',87,'acaciamD',2133436255,'2023-09-22 18:31:54'),('2023-09-24 22:17:38',87,'adeliL',1077081532,'2023-09-24 22:06:33'),('2023-09-25 01:21:32',87,'abbas3LjF',288320286,'2023-09-25 01:15:25'),('2023-09-27 13:04:46',87,'adalinex',410245089,'2023-09-27 12:59:46'),('2023-09-29 01:45:52',87,'adairNxJ4',378863865,'2023-09-29 01:34:54'),('2023-10-02 07:52:39',87,'abigail6CA',1451603882,'2023-10-02 07:38:52'),('2023-10-09 10:53:31',87,'adoreedx1',2077274764,'2023-10-09 10:44:46'),('2023-10-14 03:20:48',87,'adelaideAbBJt',1756563355,'2023-10-14 03:11:55'),('2023-10-25 08:47:29',87,'abrahamnNCN',2432295471,'2023-10-25 08:46:41'),('2023-11-24 02:07:30',87,'adelaidalgL',1890703144,'2023-11-24 01:57:51'),('2023-11-28 10:28:57',87,'admin0CxU',3191590249,'2023-11-28 10:22:17'),('2023-11-28 22:13:51',87,'adinaa7',3452183076,'2023-11-28 22:09:24'),('2023-09-11 05:19:18',88,'addieXxM7f',2047792685,'2023-09-11 05:03:02'),('2023-09-14 03:53:32',88,'adenVA8p',1722748373,'2023-09-14 03:49:10'),('2023-09-15 11:15:31',88,'adriabp5w',1653843789,'2023-09-15 11:09:09'),('2023-09-19 13:35:30',88,'aartjann',2939277956,'2023-09-19 13:26:09'),('2023-09-24 09:22:01',88,'aarushiIw',3459057773,'2023-09-24 09:06:26'),('2023-10-05 16:51:46',88,'adairNxJ4',3271530929,'2023-10-05 16:51:23'),('2023-10-08 10:37:02',88,'addaD',4231344124,'2023-10-08 10:26:54'),('2023-10-14 03:18:42',88,'adelaideAbBJt',1756563355,'2023-10-14 03:11:55'),('2023-10-17 10:52:29',88,'abree0ned',880370474,'2023-10-17 10:51:02'),('2023-10-19 18:46:07',88,'accountingu',2460351651,'2023-10-19 18:34:02'),('2023-10-25 22:18:35',88,'adriaensc',173112384,'2023-10-25 22:12:43'),('2023-11-13 08:33:35',88,'adonisX',887090784,'2023-11-13 08:23:13'),('2023-11-14 20:36:43',88,'adon6',2273652366,'2023-11-14 20:27:39'),('2023-11-19 12:55:44',88,'adeleOt',1512875283,'2023-11-19 12:55:21'),('2023-11-23 22:58:12',88,'addia0H',1677290,'2023-11-23 22:58:06'),('2023-11-23 23:06:48',88,'addia0H',1677290,'2023-11-23 22:58:06'),('2023-12-09 17:31:50',88,'adalynMjC1r',1831691304,'2023-12-09 17:21:09'),('2023-09-14 01:10:40',89,'adriaensc',3438563082,'2023-09-14 01:02:06'),('2023-09-15 22:26:24',89,'adelaidalgL',704883995,'2023-09-15 22:26:07'),('2023-09-16 01:09:17',89,'adnanBcmh',2916282928,'2023-09-16 00:55:32'),('2023-09-17 02:02:32',89,'abbin',2388555470,'2023-09-17 01:54:55'),('2023-09-18 03:15:16',89,'adelicewx',2373939912,'2023-09-18 02:58:38'),('2023-09-20 04:52:33',89,'abuEVvO',1744496918,'2023-09-20 04:47:08'),('2023-09-24 22:14:04',89,'adeliL',1077081532,'2023-09-24 22:06:33'),('2023-09-27 15:05:13',89,'abbe8',1396499045,'2023-09-27 14:55:38'),('2023-10-01 00:02:01',89,'adelaideAbBJt',3352776448,'2023-10-01 00:00:11'),('2023-10-03 07:53:37',89,'adeyh',2091883412,'2023-10-03 07:50:00'),('2023-10-03 21:40:59',89,'abbey6T',1895433325,'2023-10-03 21:38:51'),('2023-10-04 03:30:43',89,'adrianbz',953506382,'2023-10-04 03:23:13'),('2023-10-16 19:01:07',89,'adianaFa6WR',1072514621,'2023-10-16 18:56:31'),('2023-10-22 22:04:24',89,'adriabp5w',3546049893,'2023-10-22 21:51:12'),('2023-10-24 20:49:17',89,'action5h9z1',2690926897,'2023-10-24 20:41:06'),('2023-11-06 04:27:22',89,'abagaelEq7RF',2388234289,'2023-11-06 04:17:28'),('2023-11-06 17:41:36',89,'abbey6T',2163712972,'2023-11-06 17:37:18'),('2023-11-13 15:20:45',89,'abbyk',233624053,'2023-11-13 15:06:10'),('2023-12-10 12:56:22',89,'adreanna8',1079572201,'2023-12-10 12:46:47'),('2023-09-11 10:01:14',90,'addisonb8l',3396797330,'2023-09-11 09:49:26'),('2023-09-11 19:49:23',90,'abbey6T',4216862723,'2023-09-11 19:42:27'),('2023-09-13 11:10:08',90,'aaliyah1PcW',4106946456,'2023-09-13 11:01:17'),('2023-09-15 10:55:59',90,'adrianbz',2841011374,'2023-09-15 10:41:13'),('2023-09-15 11:12:20',90,'adriabp5w',1653843789,'2023-09-15 11:09:09'),('2023-09-17 14:10:15',90,'abigaelrWm',2927084679,'2023-09-17 13:55:18'),('2023-09-18 00:47:33',90,'abigaelrWm',1307255976,'2023-09-18 00:32:59'),('2023-09-18 10:50:56',90,'adoreedx1',4226450932,'2023-09-18 10:49:53'),('2023-09-19 15:12:17',90,'abagail6rSA',1853609370,'2023-09-19 15:00:44'),('2023-09-24 22:14:10',90,'adeliL',1077081532,'2023-09-24 22:06:33'),('2023-09-25 17:48:23',90,'abbye16',1229092485,'2023-09-25 17:39:35'),('2023-09-29 21:01:29',90,'abbe8',2284915561,'2023-09-29 20:50:51'),('2023-10-01 03:35:36',90,'abbin',3356389659,'2023-10-01 03:23:45'),('2023-10-05 11:02:19',90,'adriaensc',996628859,'2023-10-05 10:51:07'),('2023-10-10 10:21:20',90,'abbie2FFMK',674228238,'2023-10-10 10:18:26'),('2023-10-13 09:50:14',90,'addieXxM7f',4188844914,'2023-10-13 09:35:58'),('2023-10-22 12:33:04',90,'aaliyah1PcW',2711062787,'2023-10-22 12:24:05'),('2023-10-30 11:39:31',90,'adelaideAbBJt',2741420076,'2023-10-30 11:23:08'),('2023-11-26 18:16:19',90,'adoreedx1',2681516215,'2023-11-26 18:15:04'),('2023-09-11 02:26:46',91,'admin0CxU',4243141953,'2023-09-11 02:21:01'),('2023-09-13 16:08:35',91,'abbe8',6356373,'2023-09-13 15:55:20'),('2023-09-15 11:15:41',91,'adriabp5w',1653843789,'2023-09-15 11:09:09'),('2023-09-15 22:36:38',91,'adelaidalgL',704883995,'2023-09-15 22:26:07'),('2023-09-17 06:39:33',91,'adreaNd',3520155825,'2023-09-17 06:31:57'),('2023-09-17 07:07:52',91,'adinaa7',2673195242,'2023-09-17 06:59:15'),('2023-09-17 07:13:51',91,'adinaa7',2673195242,'2023-09-17 06:59:15'),('2023-09-17 17:25:04',91,'adalynMjC1r',3812779435,'2023-09-17 17:08:56'),('2023-09-18 22:21:13',91,'adoreedx1',1518446617,'2023-09-18 22:17:58'),('2023-09-19 15:03:08',91,'abagail6rSA',1853609370,'2023-09-19 15:00:44'),('2023-09-20 08:15:48',91,'adelinaXu',198537475,'2023-09-20 08:03:01'),('2023-09-21 21:32:45',91,'adantH',2994416135,'2023-09-21 21:27:26'),('2023-09-27 13:47:17',91,'adelind1Kp5X',2712350200,'2023-09-27 13:45:50'),('2023-10-09 10:45:31',91,'adoreedx1',2077274764,'2023-10-09 10:44:46'),('2023-10-11 11:34:57',91,'abbyk',1118505443,'2023-10-11 11:31:52'),('2023-10-15 19:12:28',91,'accountingu',2945206615,'2023-10-15 19:02:59'),('2023-10-16 02:29:39',91,'abriannavY',3213979794,'2023-10-16 02:23:32'),('2023-10-16 09:27:55',91,'adrianbz',276462011,'2023-10-16 09:27:44'),('2023-10-16 09:39:47',91,'adrianbz',276462011,'2023-10-16 09:27:44'),('2023-11-08 14:01:39',91,'adiey',3837118249,'2023-11-08 13:49:37'),('2023-12-10 12:54:43',91,'adreanna8',1079572201,'2023-12-10 12:46:47'),('2023-12-10 12:59:31',91,'adreanna8',1079572201,'2023-12-10 12:46:47'),('2023-09-12 00:34:31',92,'adoreedx1',2053051057,'2023-09-12 00:23:18'),('2023-09-12 08:45:08',92,'action5h9z1',953530542,'2023-09-12 08:34:38'),('2023-09-14 19:04:10',92,'abuEVvO',3599398250,'2023-09-14 19:03:18'),('2023-09-15 20:45:50',92,'adoreVd',641042536,'2023-09-15 20:45:17'),('2023-09-17 07:04:34',92,'adinaa7',2673195242,'2023-09-17 06:59:15'),('2023-09-21 05:54:58',92,'adamYi',1794561673,'2023-09-21 05:42:43'),('2023-09-21 05:55:49',92,'adelaideAbBJt',2117407506,'2023-09-21 05:43:23'),('2023-09-24 23:32:50',92,'adelicewx',2537114379,'2023-09-24 23:16:06'),('2023-10-02 14:27:32',92,'adreanna8',2078512742,'2023-10-02 14:14:23'),('2023-10-04 08:56:38',92,'adelinaXu',2851692254,'2023-10-04 08:49:26'),('2023-10-04 09:01:19',92,'adelinaXu',2851692254,'2023-10-04 08:49:26'),('2023-10-10 15:45:13',92,'abuEVvO',3788349416,'2023-10-10 15:43:55'),('2023-10-21 17:00:16',92,'abbas3LjF',1736764135,'2023-10-21 16:55:01'),('2023-10-22 12:34:26',92,'aaliyah1PcW',2711062787,'2023-10-22 12:24:05'),('2023-10-29 14:23:35',92,'addyJ',2771057373,'2023-10-29 14:15:41'),('2023-11-20 23:39:54',92,'adityaHQ',604321067,'2023-11-20 23:35:58'),('2023-09-10 22:28:40',93,'addieXxM7f',3017058087,'2023-09-10 22:22:31'),('2023-09-13 17:45:52',93,'adoreedx1',990315879,'2023-09-13 17:43:43'),('2023-09-13 18:20:12',93,'adoreedx1',1007293758,'2023-09-13 18:10:23'),('2023-09-14 19:15:54',93,'abuEVvO',3599398250,'2023-09-14 19:03:18'),('2023-09-17 12:37:10',93,'adeliajtXT3',693897457,'2023-09-17 12:32:04'),('2023-09-18 22:18:36',93,'adoreedx1',1518446617,'2023-09-18 22:17:58'),('2023-09-21 05:56:13',93,'adamYi',1794561673,'2023-09-21 05:42:43'),('2023-09-22 04:22:38',93,'adornenz0',1272193645,'2023-09-22 04:14:25'),('2023-09-25 20:25:38',93,'addia0H',612523923,'2023-09-25 20:25:00'),('2023-09-26 16:50:34',93,'adelaidalgL',3508682705,'2023-09-26 16:36:21'),('2023-09-27 14:01:31',93,'adelind1Kp5X',2712350200,'2023-09-27 13:45:50'),('2023-09-27 15:31:39',93,'abejvDJC',4244135786,'2023-09-27 15:26:01'),('2023-10-01 03:27:06',93,'abbin',3356389659,'2023-10-01 03:23:45'),('2023-10-02 07:55:39',93,'abigail6CA',1451603882,'2023-10-02 07:38:52'),('2023-10-06 00:21:59',93,'adriabp5w',3517406060,'2023-10-06 00:18:49'),('2023-10-09 10:48:32',93,'adoreedx1',2077274764,'2023-10-09 10:44:46'),('2023-10-11 21:19:33',93,'abraLH',1975294965,'2023-10-11 21:10:39'),('2023-10-22 12:33:17',93,'aaliyah1PcW',2711062787,'2023-10-22 12:24:05'),('2023-11-13 08:34:48',93,'adonisX',887090784,'2023-11-13 08:23:13'),('2023-11-19 16:23:32',93,'adrianbz',2714715052,'2023-11-19 16:09:32'),('2023-12-14 14:16:28',93,'adreaNd',2168844098,'2023-12-14 14:15:06'),('2023-09-13 05:50:45',94,'adonisX',2748469179,'2023-09-13 05:45:26'),('2023-09-13 11:08:40',94,'aaliyah1PcW',4106946456,'2023-09-13 11:01:17'),('2023-09-15 11:12:37',94,'adriabp5w',1653843789,'2023-09-15 11:09:09'),('2023-09-16 15:24:46',94,'abriannavY',746372815,'2023-09-16 15:20:00'),('2023-09-18 00:00:06',94,'aaliyah1PcW',3534309795,'2023-09-17 23:50:08'),('2023-09-18 00:26:52',94,'abejvDJC',2171172106,'2023-09-18 00:11:25'),('2023-09-18 23:41:57',94,'adnanBcmh',1284018007,'2023-09-18 23:29:02'),('2023-09-20 13:46:38',94,'abuEVvO',2035806227,'2023-09-20 13:39:45'),('2023-10-01 13:30:40',94,'abigail6CA',4292171035,'2023-10-01 13:28:23'),('2023-10-04 03:34:08',94,'adrianbz',953506382,'2023-10-04 03:23:13'),('2023-10-06 16:45:51',94,'addaD',203348976,'2023-10-06 16:41:43'),('2023-10-14 03:12:27',94,'adelaideAbBJt',1756563355,'2023-10-14 03:11:55'),('2023-10-14 17:08:43',94,'abrahamnNCN',1631398165,'2023-10-14 16:56:18'),('2023-10-16 15:33:21',94,'adaB1',1419992319,'2023-10-16 15:29:10'),('2023-11-29 12:25:01',94,'adityaHQ',97842572,'2023-11-29 12:11:51'),('2023-09-11 04:24:05',95,'adrianbz',1813627848,'2023-09-11 04:08:33'),('2023-09-11 04:53:23',95,'adelinaXu',3422437678,'2023-09-11 04:39:19'),('2023-09-11 09:53:45',95,'addisonb8l',3396797330,'2023-09-11 09:49:26'),('2023-09-12 10:26:37',95,'aarond0V',3872774521,'2023-09-12 10:14:46'),('2023-09-15 10:53:30',95,'adrianbz',2841011374,'2023-09-15 10:41:13'),('2023-09-16 07:28:05',95,'adamYi',2116813421,'2023-09-16 07:19:44'),('2023-09-19 12:43:19',95,'adeliajtXT3',3915444144,'2023-09-19 12:38:44'),('2023-09-19 17:22:24',95,'admin0CxU',1711639846,'2023-09-19 17:11:11'),('2023-09-29 23:18:38',95,'abbey6T',1837179915,'2023-09-29 23:06:47'),('2023-09-30 01:39:10',95,'action5h9z1',3126577820,'2023-09-30 01:33:18'),('2023-10-02 23:26:53',95,'abraLH',2171432467,'2023-10-02 23:19:21'),('2023-10-07 07:29:21',95,'aaliyah1PcW',3324480782,'2023-10-07 07:28:54'),('2023-10-07 17:12:01',95,'adaB1',1785906761,'2023-10-07 16:55:46'),('2023-10-10 09:13:14',95,'adantH',3069347707,'2023-10-10 09:04:17'),('2023-10-11 21:27:43',95,'abrielleoKvo',3145249744,'2023-10-11 21:20:29'),('2023-10-14 05:39:50',95,'addia0H',2080399624,'2023-10-14 05:38:54'),('2023-10-16 19:04:15',95,'adianaFa6WR',1072514621,'2023-10-16 18:56:31'),('2023-10-24 20:48:42',95,'action5h9z1',2690926897,'2023-10-24 20:41:06'),('2023-11-06 19:53:26',95,'addyJ',823317030,'2023-11-06 19:37:15'),('2023-11-16 12:06:26',95,'abagaelEq7RF',1320020589,'2023-11-16 11:53:43'),('2023-11-19 13:07:18',95,'adeleOt',1512875283,'2023-11-19 12:55:21'),('2023-11-24 02:02:39',95,'adelaidalgL',1890703144,'2023-11-24 01:57:51'),('2023-09-11 13:08:31',96,'aartjann',993183191,'2023-09-11 13:07:31'),('2023-09-13 01:14:04',96,'adamYi',4238934986,'2023-09-13 01:06:28'),('2023-09-14 11:13:25',96,'abbe8',2691536612,'2023-09-14 11:01:40'),('2023-09-14 19:15:39',96,'abuEVvO',3599398250,'2023-09-14 19:03:18'),('2023-09-16 11:58:03',96,'adelaidalgL',92755394,'2023-09-16 11:42:59'),('2023-09-16 14:33:57',96,'adriaensc',3596172986,'2023-09-16 14:32:51'),('2023-09-16 19:38:29',96,'aarushiIw',966737277,'2023-09-16 19:34:43'),('2023-09-17 12:33:31',96,'adeliajtXT3',693897457,'2023-09-17 12:32:04'),('2023-09-18 02:32:05',96,'adella8XpVj',4201219776,'2023-09-18 02:23:56'),('2023-09-18 16:14:28',96,'adeleneeO2',2295893712,'2023-09-18 15:57:44'),('2023-09-19 12:39:18',96,'adeliajtXT3',3915444144,'2023-09-19 12:38:44'),('2023-09-20 21:58:16',96,'adinaa7',2309480174,'2023-09-20 21:56:56'),('2023-09-22 07:56:29',96,'adoreVd',3929763901,'2023-09-22 07:44:22'),('2023-09-22 08:56:06',96,'adairNxJ4',2723196510,'2023-09-22 08:46:25'),('2023-09-24 00:00:36',96,'adora1gH',3793214241,'2023-09-23 23:58:24'),('2023-09-25 06:33:44',96,'addisonb8l',890169397,'2023-09-25 06:32:40'),('2023-09-25 18:43:58',96,'adelaideAbBJt',2669515068,'2023-09-25 18:39:04'),('2023-09-28 02:06:05',96,'adriabp5w',2894444818,'2023-09-28 01:56:13'),('2023-09-30 01:40:14',96,'action5h9z1',3126577820,'2023-09-30 01:33:18'),('2023-10-02 04:46:50',96,'abigaelrWm',2506469976,'2023-10-02 04:43:39'),('2023-10-03 02:04:50',96,'adriaensc',1652896704,'2023-10-03 01:52:57'),('2023-10-07 07:42:00',96,'aaliyah1PcW',3324480782,'2023-10-07 07:28:54'),('2023-10-08 10:29:07',96,'addaD',4231344124,'2023-10-08 10:26:54'),('2023-10-14 16:58:41',96,'abrahamnNCN',1631398165,'2023-10-14 16:56:18'),('2023-10-19 18:39:23',96,'accountingu',2460351651,'2023-10-19 18:34:02'),('2023-10-22 22:07:13',96,'adriabp5w',3546049893,'2023-10-22 21:51:12'),('2023-10-29 16:44:09',96,'abyrb',1234366463,'2023-10-29 16:32:11'),('2023-10-30 00:36:14',96,'addia0H',2394858239,'2023-10-30 00:22:01'),('2023-10-30 00:38:58',96,'addia0H',2394858239,'2023-10-30 00:22:01'),('2023-11-13 15:10:41',96,'abbyk',233624053,'2023-11-13 15:06:10'),('2023-11-20 23:38:17',96,'adityaHQ',604321067,'2023-11-20 23:35:58'),('2023-09-11 00:51:41',97,'accountingu',475509290,'2023-09-11 00:49:45'),('2023-09-12 00:33:09',97,'adoreedx1',2053051057,'2023-09-12 00:23:18'),('2023-09-12 10:53:38',97,'adora1gH',694103030,'2023-09-12 10:37:58'),('2023-09-13 04:48:36',97,'adalynMjC1r',2491933192,'2023-09-13 04:34:04'),('2023-09-20 08:05:48',97,'adelinaXu',198537475,'2023-09-20 08:03:01'),('2023-09-20 13:56:00',97,'abuEVvO',2035806227,'2023-09-20 13:39:45'),('2023-09-24 00:14:58',97,'adora1gH',3793214241,'2023-09-23 23:58:24'),('2023-09-24 20:35:23',97,'aarushiIw',3939076258,'2023-09-24 20:19:54'),('2023-09-26 20:33:23',97,'adiey',2763856633,'2023-09-26 20:20:01'),('2023-10-02 14:23:15',97,'adreanna8',2078512742,'2023-10-02 14:14:23'),('2023-10-07 17:11:46',97,'adelinaXu',2844469171,'2023-10-07 16:58:11'),('2023-10-07 23:27:58',97,'adeyh',1389479482,'2023-10-07 23:21:04'),('2023-10-10 15:55:55',97,'abuEVvO',3788349416,'2023-10-10 15:43:55'),('2023-10-24 20:42:19',97,'action5h9z1',2690926897,'2023-10-24 20:41:06'),('2023-09-11 12:39:26',98,'adornenz0',1237506877,'2023-09-11 12:28:27'),('2023-09-12 08:48:45',98,'action5h9z1',953530542,'2023-09-12 08:34:38'),('2023-09-14 12:35:40',98,'adeTe9W',3691965924,'2023-09-14 12:27:03'),('2023-09-16 09:40:08',98,'addisonb8l',473180324,'2023-09-16 09:38:51'),('2023-09-17 06:44:41',98,'adreaNd',3520155825,'2023-09-17 06:31:57'),('2023-09-19 13:29:49',98,'aartjann',2939277956,'2023-09-19 13:26:09'),('2023-09-23 16:57:56',98,'abram5Ry',1780201194,'2023-09-23 16:41:12'),('2023-09-30 11:18:44',98,'adenVA8p',2738948394,'2023-09-30 11:16:46'),('2023-10-04 14:39:20',98,'aarond0V',1224255154,'2023-10-04 14:35:42'),('2023-10-05 10:53:53',98,'adriaensc',996628859,'2023-10-05 10:51:07'),('2023-10-09 00:06:18',98,'adamYi',890201304,'2023-10-09 00:02:26'),('2023-10-16 09:46:57',98,'adeleneeO2',962119042,'2023-10-16 09:35:44'),('2023-10-20 23:52:12',98,'adelheid1ZjKc',4279387602,'2023-10-20 23:43:45'),('2023-10-30 11:37:46',98,'adelaideAbBJt',2741420076,'2023-10-30 11:23:08'),('2023-10-31 06:47:33',98,'aarikap',1645624376,'2023-10-31 06:45:28'),('2023-11-02 15:49:50',98,'abriannavY',2608197405,'2023-11-02 15:33:21'),('2023-11-06 04:18:09',98,'abagaelEq7RF',2388234289,'2023-11-06 04:17:28'),('2023-11-06 04:19:09',98,'abagaelEq7RF',2388234289,'2023-11-06 04:17:28'),('2023-11-29 12:22:58',98,'adityaHQ',97842572,'2023-11-29 12:11:51'),('2023-09-10 12:17:53',99,'adriabp5w',62364199,'2023-09-10 12:09:14'),('2023-09-11 19:52:36',99,'aarenDDCY',790530317,'2023-09-11 19:51:28'),('2023-09-13 04:50:40',99,'adalynMjC1r',2491933192,'2023-09-13 04:34:04'),('2023-09-13 17:52:58',99,'adoreedx1',990315879,'2023-09-13 17:43:43'),('2023-09-19 15:01:04',99,'abagail6rSA',1853609370,'2023-09-19 15:00:44'),('2023-09-23 06:14:58',99,'abahri9PS0',2343486684,'2023-09-23 05:59:09'),('2023-09-25 06:36:35',99,'addisonb8l',890169397,'2023-09-25 06:32:40'),('2023-09-27 09:30:51',99,'aarushiIw',3809311770,'2023-09-27 09:27:08'),('2023-10-11 05:34:34',99,'adeyh',129161851,'2023-10-11 05:18:20'),('2023-10-16 18:59:23',99,'adianaFa6WR',1072514621,'2023-10-16 18:56:31'),('2023-10-29 11:34:22',99,'abiaZv',799313624,'2023-10-29 11:34:21'),('2023-10-30 03:48:36',99,'addieXxM7f',3946450727,'2023-10-30 03:32:41'),('2023-09-10 18:24:03',100,'aaliyah1PcW',3168030470,'2023-09-10 18:22:21'),('2023-09-11 19:57:33',100,'abbey6T',4216862723,'2023-09-11 19:42:27'),('2023-09-13 16:09:56',100,'abbe8',6356373,'2023-09-13 15:55:20'),('2023-09-14 12:37:04',100,'adeTe9W',3691965924,'2023-09-14 12:27:03'),('2023-09-16 01:04:36',100,'adnanBcmh',2916282928,'2023-09-16 00:55:32'),('2023-09-16 14:47:57',100,'adriaensc',3596172986,'2023-09-16 14:32:51'),('2023-09-16 19:50:42',100,'aarushiIw',966737277,'2023-09-16 19:34:43'),('2023-09-18 16:13:27',100,'adeleneeO2',2295893712,'2023-09-18 15:57:44'),('2023-09-19 04:34:32',100,'adeliajtXT3',1350670568,'2023-09-19 04:21:36'),('2023-09-19 15:03:07',100,'abagail6rSA',1853609370,'2023-09-19 15:00:44'),('2023-09-20 12:54:12',100,'abbie2FFMK',664504889,'2023-09-20 12:42:44'),('2023-09-21 20:39:45',100,'adalynMjC1r',2543937039,'2023-09-21 20:37:11'),('2023-09-24 20:26:24',100,'aarushiIw',3939076258,'2023-09-24 20:19:54'),('2023-09-25 01:20:31',100,'abbas3LjF',288320286,'2023-09-25 01:15:25'),('2023-10-02 14:23:24',100,'adreanna8',2078512742,'2023-10-02 14:14:23'),('2023-10-03 07:50:11',100,'adeyh',2091883412,'2023-10-03 07:50:00'),('2023-10-08 10:31:58',100,'addaD',4231344124,'2023-10-08 10:26:54'),('2023-10-08 11:48:26',100,'abahri9PS0',3792559961,'2023-10-08 11:42:26'),('2023-10-20 23:44:17',100,'adelheid1ZjKc',4279387602,'2023-10-20 23:43:45'),('2023-10-23 23:59:11',100,'adelind1Kp5X',2692984856,'2023-10-23 23:57:35'),('2023-10-30 03:43:47',100,'addieXxM7f',3946450727,'2023-10-30 03:32:41'),('2023-11-06 04:34:31',100,'abagaelEq7RF',2388234289,'2023-11-06 04:17:28'),('2023-12-14 14:26:32',100,'adreaNd',2168844098,'2023-12-14 14:15:06'),('2023-09-13 16:49:35',101,'abbie2FFMK',793879898,'2023-09-13 16:32:38'),('2023-09-14 19:02:03',101,'abbye16',268235591,'2023-09-14 19:01:38'),('2023-09-15 20:46:18',101,'adoreVd',641042536,'2023-09-15 20:45:17'),('2023-09-16 11:52:15',101,'adelaidalgL',92755394,'2023-09-16 11:42:59'),('2023-09-17 17:08:57',101,'adalynMjC1r',3812779435,'2023-09-17 17:08:56'),('2023-09-29 20:57:48',101,'abbe8',2284915561,'2023-09-29 20:50:51'),('2023-09-29 23:08:49',101,'abbey6T',1837179915,'2023-09-29 23:06:47'),('2023-09-30 11:29:37',101,'adenVA8p',2738948394,'2023-09-30 11:16:46'),('2023-10-03 08:00:18',101,'adeyh',2091883412,'2023-10-03 07:50:00'),('2023-10-09 00:18:10',101,'adamYi',890201304,'2023-10-09 00:02:26'),('2023-10-11 21:14:04',101,'abraLH',1975294965,'2023-10-11 21:10:39'),('2023-10-18 20:45:10',101,'abbie2FFMK',1787187951,'2023-10-18 20:43:42'),('2023-10-20 05:14:30',101,'abigaelrWm',3219797639,'2023-10-20 05:08:05'),('2023-11-24 02:22:37',101,'adelynng',1524201429,'2023-11-24 02:13:31'),('2023-09-10 18:28:17',102,'aaliyah1PcW',3168030470,'2023-09-10 18:22:21'),('2023-09-13 18:16:05',102,'adoreedx1',1007293758,'2023-09-13 18:10:23'),('2023-09-14 11:06:14',102,'abbe8',2691536612,'2023-09-14 11:01:40'),('2023-09-22 11:40:56',102,'abbye16',3125975076,'2023-09-22 11:32:42'),('2023-09-22 23:36:33',102,'aartjann',2552202586,'2023-09-22 23:23:43'),('2023-09-24 22:23:03',102,'adeliL',1077081532,'2023-09-24 22:06:33'),('2023-09-25 17:54:31',102,'abbye16',1229092485,'2023-09-25 17:39:35'),('2023-10-02 23:36:03',102,'abraLH',2171432467,'2023-10-02 23:19:21'),('2023-10-03 08:03:24',102,'adeyh',2091883412,'2023-10-03 07:50:00'),('2023-10-10 10:24:43',102,'abbie2FFMK',674228238,'2023-10-10 10:18:26'),('2023-10-11 06:20:20',102,'abree0ned',1803495310,'2023-10-11 06:03:59'),('2023-10-16 09:44:18',102,'adeleneeO2',962119042,'2023-10-16 09:35:44'),('2023-10-17 01:23:35',102,'adityaHQ',2268209090,'2023-10-17 01:14:17'),('2023-10-17 19:20:02',102,'achammaFtwp5',2808423530,'2023-10-17 19:08:35'),('2023-10-22 22:08:15',102,'adriabp5w',3546049893,'2023-10-22 21:51:12'),('2023-10-24 14:17:03',102,'aarond0V',1238383775,'2023-10-24 14:14:05'),('2023-11-08 13:50:26',102,'adiey',3837118249,'2023-11-08 13:49:37'),('2023-11-19 13:11:38',102,'adeleOt',1512875283,'2023-11-19 12:55:21'),('2023-11-21 22:38:33',102,'adantH',437051496,'2023-11-21 22:28:18'),('2023-11-26 14:42:07',102,'abagail6rSA',989403410,'2023-11-26 14:41:54'),('2023-09-11 04:13:09',103,'adrianbz',1813627848,'2023-09-11 04:08:33'),('2023-09-11 12:02:52',103,'abram5Ry',1851667003,'2023-09-11 12:02:13'),('2023-09-12 08:47:30',103,'action5h9z1',953530542,'2023-09-12 08:34:38'),('2023-09-17 02:11:19',103,'abbin',2388555470,'2023-09-17 01:54:55'),('2023-09-17 17:12:08',103,'adalynMjC1r',3812779435,'2023-09-17 17:08:56'),('2023-09-18 02:36:54',103,'adella8XpVj',4201219776,'2023-09-18 02:23:56'),('2023-09-19 13:39:39',103,'aartjann',2939277956,'2023-09-19 13:26:09'),('2023-09-23 06:14:20',103,'abahri9PS0',2343486684,'2023-09-23 05:59:09'),('2023-09-27 13:39:08',103,'adrianbz',1041692902,'2023-09-27 13:29:31'),('2023-10-01 22:55:32',103,'abiaZv',351760433,'2023-10-01 22:54:04'),('2023-10-03 21:43:09',103,'adriaensc',663178721,'2023-10-03 21:39:33'),('2023-10-10 10:34:10',103,'abbie2FFMK',674228238,'2023-10-10 10:18:26'),('2023-10-11 05:19:14',103,'adeyh',129161851,'2023-10-11 05:18:20'),('2023-10-20 05:16:42',103,'abigaelrWm',3219797639,'2023-10-20 05:08:05'),('2023-10-29 11:40:56',103,'abiaZv',799313624,'2023-10-29 11:34:21'),('2023-11-03 20:48:03',103,'abigaelrWm',500337494,'2023-11-03 20:47:34'),('2023-11-10 21:04:21',103,'adenar3QR',4256628940,'2023-11-10 20:47:42'),('2023-11-16 12:09:00',103,'abagaelEq7RF',1320020589,'2023-11-16 11:53:43'),('2023-11-26 18:27:54',103,'adoreedx1',2681516215,'2023-11-26 18:15:04'),('2023-09-12 10:20:50',104,'aarond0V',3872774521,'2023-09-12 10:14:46'),('2023-09-15 20:45:39',104,'adoreVd',641042536,'2023-09-15 20:45:17'),('2023-09-16 10:48:52',104,'addisonb8l',4114246338,'2023-09-16 10:45:49'),('2023-09-16 10:50:54',104,'addisonb8l',4114246338,'2023-09-16 10:45:49'),('2023-09-20 04:58:23',104,'abuEVvO',1744496918,'2023-09-20 04:47:08'),('2023-09-22 11:32:56',104,'abbye16',3125975076,'2023-09-22 11:32:42'),('2023-09-24 00:08:31',104,'adora1gH',3793214241,'2023-09-23 23:58:24'),('2023-09-26 20:36:57',104,'adiey',2763856633,'2023-09-26 20:20:01'),('2023-09-30 14:42:56',104,'admin0CxU',1678830281,'2023-09-30 14:41:00'),('2023-10-07 23:32:54',104,'adeyh',1389479482,'2023-10-07 23:21:04'),('2023-10-08 10:38:54',104,'addaD',4231344124,'2023-10-08 10:26:54'),('2023-10-09 00:05:16',104,'adamYi',890201304,'2023-10-09 00:02:26'),('2023-10-09 00:05:59',104,'adamYi',890201304,'2023-10-09 00:02:26'),('2023-10-11 05:30:51',104,'adeyh',129161851,'2023-10-11 05:18:20'),('2023-10-11 21:27:04',104,'abrielleoKvo',3145249744,'2023-10-11 21:20:29'),('2023-10-15 15:32:50',104,'abrahamnNCN',3575955663,'2023-10-15 15:24:56'),('2023-10-24 03:43:58',104,'addyJ',74502916,'2023-10-24 03:43:58'),('2023-10-29 11:35:29',104,'abiaZv',799313624,'2023-10-29 11:34:21'),('2023-11-01 05:48:44',104,'abagail6rSA',4184535473,'2023-11-01 05:34:47'),('2023-12-10 13:00:04',104,'adreanna8',1079572201,'2023-12-10 12:46:47'),('2023-09-14 03:54:55',105,'adenVA8p',1722748373,'2023-09-14 03:49:10'),('2023-09-14 15:59:40',105,'adalynMjC1r',1113163787,'2023-09-14 15:54:52'),('2023-09-14 19:11:10',105,'abuEVvO',3599398250,'2023-09-14 19:03:18'),('2023-09-17 06:46:01',105,'adreaNd',3520155825,'2023-09-17 06:31:57'),('2023-09-19 15:02:55',105,'abagail6rSA',1853609370,'2023-09-19 15:00:44'),('2023-09-21 05:50:09',105,'adelaideAbBJt',2117407506,'2023-09-21 05:43:23'),('2023-09-21 22:33:02',105,'abbas3LjF',1577629304,'2023-09-21 22:30:28'),('2023-09-22 11:36:45',105,'abbye16',3125975076,'2023-09-22 11:32:42'),('2023-09-30 01:35:33',105,'action5h9z1',3126577820,'2023-09-30 01:33:18'),('2023-10-02 13:01:36',105,'achalbkG',2556376476,'2023-10-02 12:47:12'),('2023-10-04 07:40:33',105,'adalynMjC1r',3470483471,'2023-10-04 07:28:23'),('2023-10-04 08:57:48',105,'adelinaXu',2851692254,'2023-10-04 08:49:26'),('2023-10-05 11:00:22',105,'adriaensc',996628859,'2023-10-05 10:51:07'),('2023-10-06 07:14:15',105,'adreanna8',4105921094,'2023-10-06 07:05:27'),('2023-10-08 22:47:07',105,'acesl',2239483699,'2023-10-08 22:35:33'),('2023-10-12 14:38:51',105,'adiey',3004988061,'2023-10-12 14:24:23'),('2023-10-24 20:54:27',105,'action5h9z1',2690926897,'2023-10-24 20:41:06'),('2023-10-29 21:23:46',105,'adantH',1868736933,'2023-10-29 21:07:27'),('2023-11-16 11:59:10',105,'abagaelEq7RF',1320020589,'2023-11-16 11:53:43'),('2023-09-13 11:05:54',106,'aaliyah1PcW',4106946456,'2023-09-13 11:01:17'),('2023-09-15 10:44:45',106,'adrianbz',2841011374,'2023-09-15 10:41:13'),('2023-09-16 19:36:49',106,'aarushiIw',966737277,'2023-09-16 19:34:43'),('2023-09-17 17:17:02',106,'adalynMjC1r',3812779435,'2023-09-17 17:08:56'),('2023-09-18 00:46:46',106,'abigaelrWm',1307255976,'2023-09-18 00:32:59'),('2023-09-22 08:00:49',106,'adoreVd',3929763901,'2023-09-22 07:44:22'),('2023-09-24 07:23:37',106,'addonsOAKDs',2977136618,'2023-09-24 07:13:41'),('2023-09-25 17:17:45',106,'abbas3LjF',639415277,'2023-09-25 17:08:35'),('2023-09-25 22:00:23',106,'addisonb8l',274318778,'2023-09-25 21:57:39'),('2023-10-01 20:42:06',106,'adeleOt',682802091,'2023-10-01 20:32:47'),('2023-10-02 14:19:08',106,'adreanna8',2078512742,'2023-10-02 14:14:23'),('2023-10-03 21:53:40',106,'adriaensc',663178721,'2023-10-03 21:39:33'),('2023-10-07 17:08:30',106,'adelinaXu',2844469171,'2023-10-07 16:58:11'),('2023-10-08 11:43:07',106,'abahri9PS0',3792559961,'2023-10-08 11:42:26'),('2023-10-09 00:02:26',106,'adamYi',890201304,'2023-10-09 00:02:26'),('2023-10-09 17:19:59',106,'abagaelEq7RF',992087676,'2023-10-09 17:04:23'),('2023-10-14 12:02:40',106,'abuEVvO',204432044,'2023-10-14 11:55:48'),('2023-10-29 14:22:51',106,'addyJ',2771057373,'2023-10-29 14:15:41'),('2023-11-01 05:45:37',106,'abagail6rSA',4184535473,'2023-11-01 05:34:47'),('2023-11-02 15:45:24',106,'abriannavY',2608197405,'2023-11-02 15:33:21'),('2023-09-11 04:13:37',107,'adrianbz',1813627848,'2023-09-11 04:08:33'),('2023-09-11 13:20:56',107,'aartjann',993183191,'2023-09-11 13:07:31'),('2023-09-12 10:48:29',107,'adora1gH',694103030,'2023-09-12 10:37:58'),('2023-09-12 21:12:42',107,'abbie2FFMK',2491683135,'2023-09-12 21:00:11'),('2023-09-18 02:32:57',107,'adella8XpVj',4201219776,'2023-09-18 02:23:56'),('2023-09-18 16:14:42',107,'adeleneeO2',2295893712,'2023-09-18 15:57:44'),('2023-09-19 17:25:24',107,'admin0CxU',1711639846,'2023-09-19 17:11:11'),('2023-09-20 04:52:55',107,'abuEVvO',1744496918,'2023-09-20 04:47:08'),('2023-09-20 13:49:14',107,'abuEVvO',2035806227,'2023-09-20 13:39:45'),('2023-09-22 11:35:18',107,'abbye16',3125975076,'2023-09-22 11:32:42'),('2023-09-23 01:28:42',107,'adrianbz',4271184811,'2023-09-23 01:15:35'),('2023-09-24 20:27:52',107,'aarushiIw',3939076258,'2023-09-24 20:19:54'),('2023-09-27 09:31:51',107,'aarushiIw',3809311770,'2023-09-27 09:27:08'),('2023-10-03 21:52:51',107,'abbey6T',1895433325,'2023-10-03 21:38:51'),('2023-10-09 00:07:14',107,'adamYi',890201304,'2023-10-09 00:02:26'),('2023-10-13 09:52:42',107,'addieXxM7f',4188844914,'2023-10-13 09:35:58'),('2023-11-10 20:59:30',107,'adenar3QR',4256628940,'2023-11-10 20:47:42'),('2023-11-13 08:23:56',107,'adonisX',887090784,'2023-11-13 08:23:13'),('2023-11-22 03:32:24',107,'adahg5',2180500285,'2023-11-22 03:25:06'),('2023-11-26 14:44:54',107,'abagail6rSA',989403410,'2023-11-26 14:41:54'),('2023-11-29 12:21:32',107,'adityaHQ',97842572,'2023-11-29 12:11:51'),('2023-09-11 04:50:45',108,'adelinaXu',3422437678,'2023-09-11 04:39:19'),('2023-09-11 12:18:01',108,'abram5Ry',1851667003,'2023-09-11 12:02:13'),('2023-09-11 13:10:22',108,'aartjann',993183191,'2023-09-11 13:07:31'),('2023-09-16 01:05:24',108,'adnanBcmh',2916282928,'2023-09-16 00:55:32'),('2023-09-18 02:35:13',108,'adella8XpVj',4201219776,'2023-09-18 02:23:56'),('2023-09-18 08:50:34',108,'adelinaXu',1049982104,'2023-09-18 08:42:05'),('2023-09-18 22:22:32',108,'adoreedx1',1518446617,'2023-09-18 22:17:58'),('2023-09-20 04:57:07',108,'abuEVvO',1744496918,'2023-09-20 04:47:08'),('2023-09-25 08:26:50',108,'adaracUs',3962985961,'2023-09-25 08:19:52'),('2023-09-26 20:30:58',108,'adiey',2763856633,'2023-09-26 20:20:01'),('2023-10-01 00:07:27',108,'adelaideAbBJt',3352776448,'2023-10-01 00:00:11'),('2023-10-11 11:36:56',108,'abbyk',1118505443,'2023-10-11 11:31:52'),('2023-10-11 21:23:53',108,'abrielleoKvo',3145249744,'2023-10-11 21:20:29'),('2023-10-11 21:34:05',108,'abrielleoKvo',3145249744,'2023-10-11 21:20:29'),('2023-10-21 17:02:05',108,'abbas3LjF',1736764135,'2023-10-21 16:55:01'),('2023-10-22 08:55:26',108,'abbey6T',2898198264,'2023-10-22 08:53:38'),('2023-10-29 21:19:58',108,'adantH',1868736933,'2023-10-29 21:07:27'),('2023-11-16 12:08:36',108,'abagaelEq7RF',1320020589,'2023-11-16 11:53:43'),('2023-12-10 12:48:35',108,'adreanna8',1079572201,'2023-12-10 12:46:47'),('2023-09-13 01:11:07',109,'adamYi',4238934986,'2023-09-13 01:06:28'),('2023-09-13 06:04:00',109,'aaliyah1PcW',381358358,'2023-09-13 05:49:00'),('2023-09-14 11:15:21',109,'abbe8',2691536612,'2023-09-14 11:01:40'),('2023-09-16 15:24:10',109,'abriannavY',746372815,'2023-09-16 15:20:00'),('2023-09-20 05:33:50',109,'abiaZv',4256861015,'2023-09-20 05:23:46'),('2023-09-22 04:20:30',109,'adornenz0',1272193645,'2023-09-22 04:14:25'),('2023-09-25 08:25:33',109,'adaracUs',3962985961,'2023-09-25 08:19:52'),('2023-09-29 08:42:36',109,'acaciamD',2519143665,'2023-09-29 08:29:18'),('2023-10-07 07:43:29',109,'aaliyah1PcW',3324480782,'2023-10-07 07:28:54'),('2023-10-07 17:03:52',109,'adelinaXu',2844469171,'2023-10-07 16:58:11'),('2023-10-08 22:36:28',109,'acesl',2239483699,'2023-10-08 22:35:33'),('2023-10-09 17:06:49',109,'abagaelEq7RF',992087676,'2023-10-09 17:04:23'),('2023-10-17 01:15:03',109,'adityaHQ',2268209090,'2023-10-17 01:14:17'),('2023-10-25 22:25:02',109,'adriaensc',173112384,'2023-10-25 22:12:43'),('2023-09-14 12:29:34',110,'adeTe9W',3691965924,'2023-09-14 12:27:03'),('2023-09-14 19:17:57',110,'abbye16',268235591,'2023-09-14 19:01:38'),('2023-09-16 11:44:57',110,'adelaidalgL',92755394,'2023-09-16 11:42:59'),('2023-09-17 06:33:51',110,'adreaNd',3520155825,'2023-09-17 06:31:57'),('2023-09-21 05:52:03',110,'adelaideAbBJt',2117407506,'2023-09-21 05:43:23'),('2023-09-25 18:47:06',110,'adelaideAbBJt',2669515068,'2023-09-25 18:39:04'),('2023-09-29 20:57:05',110,'abbe8',2284915561,'2023-09-29 20:50:51'),('2023-09-29 21:03:23',110,'abbe8',2284915561,'2023-09-29 20:50:51'),('2023-10-02 04:52:20',110,'abigaelrWm',2506469976,'2023-10-02 04:43:39'),('2023-10-04 09:00:50',110,'adelinaXu',2851692254,'2023-10-04 08:49:26'),('2023-10-07 16:59:53',110,'adelinaXu',2844469171,'2023-10-07 16:58:11'),('2023-10-09 05:07:03',110,'adeTe9W',249618254,'2023-10-09 05:04:35'),('2023-10-16 23:15:48',110,'adianaFa6WR',1037812202,'2023-10-16 23:07:55'),('2023-10-20 23:56:18',110,'adelheid1ZjKc',4279387602,'2023-10-20 23:43:45'),('2023-10-21 17:01:27',110,'abbas3LjF',1736764135,'2023-10-21 16:55:01'),('2023-10-24 20:50:39',110,'action5h9z1',2690926897,'2023-10-24 20:41:06'),('2023-12-09 17:30:34',110,'adalynMjC1r',1831691304,'2023-12-09 17:21:09'),('2023-09-11 05:14:08',111,'addieXxM7f',2047792685,'2023-09-11 05:03:02'),('2023-09-11 09:49:34',111,'addisonb8l',3396797330,'2023-09-11 09:49:26'),('2023-09-13 04:34:37',111,'adalynMjC1r',2491933192,'2023-09-13 04:34:04'),('2023-09-17 01:55:06',111,'abbin',2388555470,'2023-09-17 01:54:55'),('2023-09-18 00:26:49',111,'abejvDJC',2171172106,'2023-09-18 00:11:25'),('2023-09-20 22:12:07',111,'adinaa7',2309480174,'2023-09-20 21:56:56'),('2023-09-22 23:28:09',111,'aartjann',2552202586,'2023-09-22 23:23:43'),('2023-09-24 09:15:11',111,'aarushiIw',3459057773,'2023-09-24 09:06:26'),('2023-09-24 09:15:44',111,'aarushiIw',3459057773,'2023-09-24 09:06:26'),('2023-10-01 03:32:03',111,'abbin',3356389659,'2023-10-01 03:23:45'),('2023-10-03 02:08:22',111,'adriaensc',1652896704,'2023-10-03 01:52:57'),('2023-10-07 17:06:20',111,'adelinaXu',2844469171,'2023-10-07 16:58:11'),('2023-10-08 11:53:12',111,'abahri9PS0',3792559961,'2023-10-08 11:42:26'),('2023-10-12 14:31:28',111,'adiey',3004988061,'2023-10-12 14:24:23'),('2023-10-17 10:53:18',111,'abree0ned',880370474,'2023-10-17 10:51:02'),('2023-10-30 03:48:34',111,'addieXxM7f',3946450727,'2023-10-30 03:32:41'),('2023-11-13 15:15:11',111,'abbyk',233624053,'2023-11-13 15:06:10'),('2023-09-10 12:13:34',112,'adriabp5w',62364199,'2023-09-10 12:09:14'),('2023-09-11 02:34:24',112,'admin0CxU',4243141953,'2023-09-11 02:21:01'),('2023-09-11 19:48:01',112,'abbey6T',4216862723,'2023-09-11 19:42:27'),('2023-09-14 12:33:42',112,'adeTe9W',3691965924,'2023-09-14 12:27:03'),('2023-09-16 00:56:10',112,'adnanBcmh',2916282928,'2023-09-16 00:55:32'),('2023-09-24 22:18:16',112,'adeliL',1077081532,'2023-09-24 22:06:33'),('2023-09-24 22:21:37',112,'adeliL',1077081532,'2023-09-24 22:06:33'),('2023-09-27 14:56:08',112,'abbe8',1396499045,'2023-09-27 14:55:38'),('2023-10-02 04:50:01',112,'abigaelrWm',2506469976,'2023-10-02 04:43:39'),('2023-10-12 14:30:26',112,'adiey',3004988061,'2023-10-12 14:24:23'),('2023-10-16 02:28:39',112,'abriannavY',3213979794,'2023-10-16 02:23:32'),('2023-10-22 12:24:33',112,'aaliyah1PcW',2711062787,'2023-10-22 12:24:05'),('2023-10-27 19:31:01',112,'adora1gH',2641601559,'2023-10-27 19:21:23'),('2023-11-10 21:02:31',112,'adenar3QR',4256628940,'2023-11-10 20:47:42'),('2023-09-14 06:21:22',113,'aarond0V',2619167853,'2023-09-14 06:17:01'),('2023-09-16 19:44:30',113,'aarushiIw',966737277,'2023-09-16 19:34:43'),('2023-09-18 00:28:27',113,'abejvDJC',2171172106,'2023-09-18 00:11:25'),('2023-09-18 02:33:21',113,'adella8XpVj',4201219776,'2023-09-18 02:23:56'),('2023-09-19 01:16:10',113,'addieXxM7f',2852863591,'2023-09-19 01:12:30'),('2023-09-21 22:35:04',113,'abbas3LjF',1577629304,'2023-09-21 22:30:28'),('2023-09-23 01:22:39',113,'adrianbz',4271184811,'2023-09-23 01:15:35'),('2023-09-23 16:57:40',113,'abram5Ry',1780201194,'2023-09-23 16:41:12'),('2023-09-28 15:11:34',113,'adenVA8p',2537302262,'2023-09-28 14:58:36'),('2023-10-01 13:39:42',113,'abigail6CA',4292171035,'2023-10-01 13:28:23'),('2023-10-14 12:11:48',113,'abuEVvO',204432044,'2023-10-14 11:55:48'),('2023-10-16 19:10:13',113,'adianaFa6WR',1072514621,'2023-10-16 18:56:31'),('2023-10-24 00:00:28',113,'adelind1Kp5X',2692984856,'2023-10-23 23:57:35'),('2023-10-25 22:22:10',113,'adriaensc',173112384,'2023-10-25 22:12:43'),('2023-10-27 19:32:49',113,'adora1gH',2641601559,'2023-10-27 19:21:23'),('2023-10-27 19:33:44',113,'adora1gH',2641601559,'2023-10-27 19:21:23'),('2023-11-01 05:44:36',113,'abagail6rSA',4184535473,'2023-11-01 05:34:47'),('2023-09-13 01:15:26',114,'adamYi',4238934986,'2023-09-13 01:06:28'),('2023-09-13 11:15:28',114,'aaliyah1PcW',4106946456,'2023-09-13 11:01:17'),('2023-09-19 17:25:58',114,'admin0CxU',1711639846,'2023-09-19 17:11:11'),('2023-09-20 08:13:07',114,'adelinaXu',198537475,'2023-09-20 08:03:01'),('2023-09-21 05:42:49',114,'adamYi',1794561673,'2023-09-21 05:42:43'),('2023-09-22 08:46:27',114,'adairNxJ4',2723196510,'2023-09-22 08:46:25'),('2023-09-22 11:15:08',114,'addieXxM7f',1837400007,'2023-09-22 11:07:50'),('2023-09-24 00:04:54',114,'adora1gH',3793214241,'2023-09-23 23:58:24'),('2023-09-27 05:34:22',114,'abbey6T',2748819108,'2023-09-27 05:22:05'),('2023-09-29 01:50:35',114,'adairNxJ4',378863865,'2023-09-29 01:34:54'),('2023-09-29 23:13:44',114,'abbey6T',1837179915,'2023-09-29 23:06:47'),('2023-09-30 11:26:23',114,'adenVA8p',2738948394,'2023-09-30 11:16:46'),('2023-10-06 00:20:50',114,'adriabp5w',3517406060,'2023-10-06 00:18:49'),('2023-10-08 20:19:01',114,'abagaelEq7RF',4260365469,'2023-10-08 20:12:16'),('2023-10-16 09:46:54',114,'adeleneeO2',962119042,'2023-10-16 09:35:44'),('2023-10-25 22:21:06',114,'adriaensc',173112384,'2023-10-25 22:12:43'),('2023-10-30 11:36:16',114,'adelaideAbBJt',2741420076,'2023-10-30 11:23:08'),('2023-11-13 08:36:26',114,'adonisX',887090784,'2023-11-13 08:23:13'),('2023-11-20 23:52:30',114,'adityaHQ',604321067,'2023-11-20 23:35:58'),('2023-11-21 22:40:09',114,'adantH',437051496,'2023-11-21 22:28:18'),('2023-09-12 10:18:58',115,'aarond0V',3872774521,'2023-09-12 10:14:46'),('2023-09-17 01:55:17',115,'abbin',2388555470,'2023-09-17 01:54:55'),('2023-09-18 08:42:30',115,'adelinaXu',1049982104,'2023-09-18 08:42:05'),('2023-09-20 21:57:47',115,'adinaa7',2309480174,'2023-09-20 21:56:56'),('2023-09-22 11:16:43',115,'addieXxM7f',1837400007,'2023-09-22 11:07:50'),('2023-09-25 06:42:02',115,'addisonb8l',890169397,'2023-09-25 06:32:40'),('2023-09-27 13:00:47',115,'adalinex',410245089,'2023-09-27 12:59:46'),('2023-10-05 12:05:07',115,'abahri9PS0',1993899146,'2023-10-05 11:56:20'),('2023-10-10 16:00:43',115,'abuEVvO',3788349416,'2023-10-10 15:43:55'),('2023-10-14 03:24:32',115,'adelaideAbBJt',1756563355,'2023-10-14 03:11:55'),('2023-10-16 09:52:34',115,'adeleneeO2',962119042,'2023-10-16 09:35:44'),('2023-10-16 09:52:39',115,'adeleneeO2',962119042,'2023-10-16 09:35:44'),('2023-10-21 06:02:03',115,'adianaFa6WR',763780456,'2023-10-21 05:49:11'),('2023-11-13 15:18:53',115,'abbyk',233624053,'2023-11-13 15:06:10'),('2023-11-28 10:22:43',115,'admin0CxU',3191590249,'2023-11-28 10:22:17'),('2023-09-12 08:46:49',116,'action5h9z1',953530542,'2023-09-12 08:34:38'),('2023-09-13 16:11:54',116,'abbe8',6356373,'2023-09-13 15:55:20'),('2023-09-15 10:41:29',116,'adrianbz',2841011374,'2023-09-15 10:41:13'),('2023-09-21 05:48:25',116,'adamYi',1794561673,'2023-09-21 05:42:43'),('2023-09-22 23:27:34',116,'aartjann',2552202586,'2023-09-22 23:23:43'),('2023-09-24 23:33:13',116,'abigail6CA',2958516782,'2023-09-24 23:26:08'),('2023-09-27 13:38:34',116,'adrianbz',1041692902,'2023-09-27 13:29:31'),('2023-09-27 15:46:41',116,'adenar3QR',3509896283,'2023-09-27 15:43:51'),('2023-10-01 03:37:22',116,'abbin',3356389659,'2023-10-01 03:23:45'),('2023-10-08 20:22:48',116,'abagaelEq7RF',4260365469,'2023-10-08 20:12:16'),('2023-10-12 14:38:21',116,'adiey',3004988061,'2023-10-12 14:24:23'),('2023-10-14 12:07:00',116,'abuEVvO',204432044,'2023-10-14 11:55:48'),('2023-10-24 03:50:43',116,'addyJ',74502916,'2023-10-24 03:43:58'),('2023-11-22 03:27:09',116,'adahg5',2180500285,'2023-11-22 03:25:06'),('2023-11-26 14:56:34',116,'abagail6rSA',989403410,'2023-11-26 14:41:54'),('2023-09-11 20:04:00',117,'aarenDDCY',790530317,'2023-09-11 19:51:28'),('2023-09-12 21:06:32',117,'abbie2FFMK',2491683135,'2023-09-12 21:00:11'),('2023-09-18 03:01:06',117,'adelicewx',2373939912,'2023-09-18 02:58:38'),('2023-09-25 08:28:44',117,'adaracUs',3962985961,'2023-09-25 08:19:52'),('2023-10-05 12:11:18',117,'abahri9PS0',1993899146,'2023-10-05 11:56:20'),('2023-10-11 06:14:45',117,'abree0ned',1803495310,'2023-10-11 06:03:59'),('2023-10-16 09:35:58',117,'adrianbz',276462011,'2023-10-16 09:27:44'),('2023-11-10 20:48:14',117,'adenar3QR',4256628940,'2023-11-10 20:47:42'),('2023-11-10 21:01:56',117,'adenar3QR',4256628940,'2023-11-10 20:47:42'),('2023-11-28 22:26:07',117,'adinaa7',3452183076,'2023-11-28 22:09:24'),('2023-09-11 19:54:51',118,'aarenDDCY',790530317,'2023-09-11 19:51:28'),('2023-09-13 17:47:27',118,'adoreedx1',990315879,'2023-09-13 17:43:43'),('2023-09-14 01:18:17',118,'adriaensc',3438563082,'2023-09-14 01:02:06'),('2023-09-16 10:46:44',118,'addisonb8l',4114246338,'2023-09-16 10:45:49'),('2023-09-17 14:08:14',118,'abigaelrWm',2927084679,'2023-09-17 13:55:18'),('2023-09-19 12:55:23',118,'adeliajtXT3',3915444144,'2023-09-19 12:38:44'),('2023-09-21 05:48:49',118,'adelaideAbBJt',2117407506,'2023-09-21 05:43:23'),('2023-09-22 07:51:44',118,'adoreVd',3929763901,'2023-09-22 07:44:22'),('2023-09-22 18:47:44',118,'acaciamD',2133436255,'2023-09-22 18:31:54'),('2023-09-23 16:44:27',118,'abram5Ry',1780201194,'2023-09-23 16:41:12'),('2023-09-25 17:26:49',118,'aarenDDCY',2318257079,'2023-09-25 17:16:41'),('2023-09-27 05:28:15',118,'abbey6T',2748819108,'2023-09-27 05:22:05'),('2023-09-29 01:37:34',118,'adairNxJ4',378863865,'2023-09-29 01:34:54'),('2023-10-03 19:07:31',118,'aarenDDCY',2617566685,'2023-10-03 18:51:46'),('2023-10-11 11:48:43',118,'abbyk',1118505443,'2023-10-11 11:31:52'),('2023-10-14 11:56:11',118,'abuEVvO',204432044,'2023-10-14 11:55:48'),('2023-10-18 20:59:28',118,'abbie2FFMK',1787187951,'2023-10-18 20:43:42'),('2023-10-22 22:01:29',118,'adriabp5w',3546049893,'2023-10-22 21:51:12'),('2023-10-25 22:27:49',118,'adriaensc',173112384,'2023-10-25 22:12:43'),('2023-10-31 15:23:50',118,'admin0CxU',856631943,'2023-10-31 15:16:24'),('2023-11-28 10:32:22',118,'admin0CxU',3191590249,'2023-11-28 10:22:17'),('2023-09-18 03:10:18',119,'adelicewx',2373939912,'2023-09-18 02:58:38'),('2023-09-18 23:43:21',119,'adnanBcmh',1284018007,'2023-09-18 23:29:02'),('2023-09-25 17:27:44',119,'aarenDDCY',2318257079,'2023-09-25 17:16:41'),('2023-09-27 09:40:12',119,'aarushiIw',3809311770,'2023-09-27 09:27:08'),('2023-09-27 13:56:06',119,'adelind1Kp5X',2712350200,'2023-09-27 13:45:50'),('2023-09-27 15:54:36',119,'adenar3QR',3509896283,'2023-09-27 15:43:51'),('2023-10-01 00:05:32',119,'adelaideAbBJt',3352776448,'2023-10-01 00:00:11'),('2023-10-04 14:40:47',119,'aarond0V',1224255154,'2023-10-04 14:35:42'),('2023-10-07 07:31:50',119,'aaliyah1PcW',3324480782,'2023-10-07 07:28:54'),('2023-10-26 14:18:57',119,'adnanBcmh',1389200672,'2023-10-26 14:17:38'),('2023-11-21 22:32:53',119,'adantH',437051496,'2023-11-21 22:28:18'),('2023-11-23 23:07:21',119,'addia0H',1677290,'2023-11-23 22:58:06'),('2023-09-18 11:02:30',120,'adoreedx1',4226450932,'2023-09-18 10:49:53'),('2023-09-21 05:49:23',120,'adamYi',1794561673,'2023-09-21 05:42:43'),('2023-09-21 12:09:20',120,'abagail6rSA',4005151537,'2023-09-21 11:56:51'),('2023-09-22 07:48:08',120,'adoreVd',3929763901,'2023-09-22 07:44:22'),('2023-09-24 09:21:20',120,'aarushiIw',3459057773,'2023-09-24 09:06:26'),('2023-09-27 15:27:36',120,'abejvDJC',4244135786,'2023-09-27 15:26:01'),('2023-09-29 08:38:45',120,'acaciamD',2519143665,'2023-09-29 08:29:18'),('2023-10-13 09:37:18',120,'addieXxM7f',4188844914,'2023-10-13 09:35:58'),('2023-10-14 05:40:59',120,'addia0H',2080399624,'2023-10-14 05:38:54'),('2023-10-15 19:03:12',120,'accountingu',2945206615,'2023-10-15 19:02:59'),('2023-10-16 23:22:32',120,'adianaFa6WR',1037812202,'2023-10-16 23:07:55'),('2023-10-19 18:38:05',120,'accountingu',2460351651,'2023-10-19 18:34:02'),('2023-10-19 18:44:23',120,'accountingu',2460351651,'2023-10-19 18:34:02'),('2023-10-21 05:50:32',120,'adianaFa6WR',763780456,'2023-10-21 05:49:11'),('2023-10-25 08:46:54',120,'abrahamnNCN',2432295471,'2023-10-25 08:46:41'),('2023-11-06 04:24:28',120,'abagaelEq7RF',2388234289,'2023-11-06 04:17:28'),('2023-11-08 13:56:30',120,'adiey',3837118249,'2023-11-08 13:49:37'),('2023-11-22 03:33:44',120,'adahg5',2180500285,'2023-11-22 03:25:06'),('2023-09-10 18:31:29',121,'aaliyah1PcW',3168030470,'2023-09-10 18:22:21'),('2023-09-12 03:56:01',121,'addyJ',2196653732,'2023-09-12 03:39:46'),('2023-09-12 08:35:33',121,'action5h9z1',953530542,'2023-09-12 08:34:38'),('2023-09-13 11:14:16',121,'aaliyah1PcW',4106946456,'2023-09-13 11:01:17'),('2023-09-13 23:53:37',121,'action5h9z1',74276601,'2023-09-13 23:50:15'),('2023-09-16 07:31:51',121,'adamYi',2116813421,'2023-09-16 07:19:44'),('2023-09-16 15:35:49',121,'abriannavY',746372815,'2023-09-16 15:20:00'),('2023-09-18 00:19:30',121,'abejvDJC',2171172106,'2023-09-18 00:11:25'),('2023-09-18 23:42:41',121,'adnanBcmh',1284018007,'2023-09-18 23:29:02'),('2023-09-19 12:40:37',121,'adeliajtXT3',3915444144,'2023-09-19 12:38:44'),('2023-09-24 23:25:50',121,'adelicewx',2537114379,'2023-09-24 23:16:06'),('2023-09-25 20:40:57',121,'addia0H',612523923,'2023-09-25 20:25:00'),('2023-09-27 15:02:33',121,'abbe8',1396499045,'2023-09-27 14:55:38'),('2023-09-27 15:28:49',121,'abejvDJC',4244135786,'2023-09-27 15:26:01'),('2023-10-03 22:33:03',121,'accountingu',633232440,'2023-10-03 22:25:03'),('2023-10-05 17:04:09',121,'adairNxJ4',3271530929,'2023-10-05 16:51:23'),('2023-10-08 10:27:42',121,'addaD',4231344124,'2023-10-08 10:26:54'),('2023-10-11 11:45:03',121,'abbyk',1118505443,'2023-10-11 11:31:52'),('2023-10-15 19:05:37',121,'accountingu',2945206615,'2023-10-15 19:02:59'),('2023-10-30 00:23:24',121,'addia0H',2394858239,'2023-10-30 00:22:01'),('2023-11-04 01:08:48',121,'abrahamnNCN',724652606,'2023-11-04 00:52:26'),('2023-12-09 17:28:00',121,'adalynMjC1r',1831691304,'2023-12-09 17:21:09'),('2023-09-14 01:06:57',122,'adriaensc',3438563082,'2023-09-14 01:02:06'),('2023-09-14 19:09:06',122,'abbye16',268235591,'2023-09-14 19:01:38'),('2023-09-16 01:07:19',122,'adnanBcmh',2916282928,'2023-09-16 00:55:32'),('2023-09-16 07:21:07',122,'adamYi',2116813421,'2023-09-16 07:19:44'),('2023-09-17 12:39:42',122,'adeliajtXT3',693897457,'2023-09-17 12:32:04'),('2023-09-21 11:59:52',122,'abagail6rSA',4005151537,'2023-09-21 11:56:51'),('2023-09-25 17:39:53',122,'abbye16',1229092485,'2023-09-25 17:39:35'),('2023-09-27 15:33:49',122,'abejvDJC',4244135786,'2023-09-27 15:26:01'),('2023-09-28 02:05:50',122,'adriabp5w',2894444818,'2023-09-28 01:56:13'),('2023-09-30 01:38:56',122,'action5h9z1',3126577820,'2023-09-30 01:33:18'),('2023-10-01 20:44:09',122,'adeleOt',682802091,'2023-10-01 20:32:47'),('2023-10-02 23:24:25',122,'abraLH',2171432467,'2023-10-02 23:19:21'),('2023-10-17 11:00:09',122,'abree0ned',880370474,'2023-10-17 10:51:02'),('2023-10-21 06:05:21',122,'adianaFa6WR',763780456,'2023-10-21 05:49:11'),('2023-11-13 08:24:13',122,'adonisX',887090784,'2023-11-13 08:23:13'),('2023-11-24 02:30:12',122,'adelynng',1524201429,'2023-11-24 02:13:31'),('2023-09-11 02:33:40',123,'admin0CxU',4243141953,'2023-09-11 02:21:01'),('2023-09-12 03:53:15',123,'addyJ',2196653732,'2023-09-12 03:39:46'),('2023-09-12 10:51:46',123,'adora1gH',694103030,'2023-09-12 10:37:58'),('2023-09-16 09:41:01',123,'addisonb8l',473180324,'2023-09-16 09:38:51'),('2023-09-16 09:41:05',123,'addisonb8l',473180324,'2023-09-16 09:38:51'),('2023-09-18 16:13:04',123,'adeleneeO2',2295893712,'2023-09-18 15:57:44'),('2023-09-22 08:49:27',123,'adairNxJ4',2723196510,'2023-09-22 08:46:25'),('2023-09-23 01:30:05',123,'adrianbz',4271184811,'2023-09-23 01:15:35'),('2023-09-24 23:30:19',123,'abigail6CA',2958516782,'2023-09-24 23:26:08'),('2023-09-28 01:56:24',123,'adriabp5w',2894444818,'2023-09-28 01:56:13'),('2023-09-30 01:47:26',123,'action5h9z1',3126577820,'2023-09-30 01:33:18'),('2023-10-01 23:00:09',123,'abiaZv',351760433,'2023-10-01 22:54:04'),('2023-10-02 07:49:08',123,'abigail6CA',1451603882,'2023-10-02 07:38:52'),('2023-11-21 22:30:22',123,'adantH',437051496,'2023-11-21 22:28:18'),('2023-09-15 11:13:54',124,'adriabp5w',1653843789,'2023-09-15 11:09:09'),('2023-09-15 19:00:55',124,'abagaelEq7RF',3209881616,'2023-09-15 18:47:38'),('2023-09-16 14:42:47',124,'adriaensc',3596172986,'2023-09-16 14:32:51'),('2023-09-18 16:01:13',124,'adeleneeO2',2295893712,'2023-09-18 15:57:44'),('2023-09-18 22:27:19',124,'adoreedx1',1518446617,'2023-09-18 22:17:58'),('2023-09-21 20:46:51',124,'adalynMjC1r',2543937039,'2023-09-21 20:37:11'),('2023-09-22 11:44:31',124,'abbye16',3125975076,'2023-09-22 11:32:42'),('2023-09-24 20:20:06',124,'aarushiIw',3939076258,'2023-09-24 20:19:54'),('2023-09-25 01:31:05',124,'abbas3LjF',288320286,'2023-09-25 01:15:25'),('2023-09-25 17:51:41',124,'abbye16',1229092485,'2023-09-25 17:39:35'),('2023-09-27 05:29:43',124,'abbey6T',2748819108,'2023-09-27 05:22:05'),('2023-09-29 08:38:21',124,'acaciamD',2519143665,'2023-09-29 08:29:18'),('2023-09-30 01:38:56',124,'action5h9z1',3126577820,'2023-09-30 01:33:18'),('2023-10-09 05:15:20',124,'adeTe9W',249618254,'2023-10-09 05:04:35'),('2023-10-20 23:49:32',124,'adelheid1ZjKc',4279387602,'2023-10-20 23:43:45'),('2023-10-22 21:52:44',124,'adriabp5w',3546049893,'2023-10-22 21:51:12'),('2023-10-24 03:47:04',124,'addyJ',74502916,'2023-10-24 03:43:58'),('2023-10-27 19:37:54',124,'adora1gH',2641601559,'2023-10-27 19:21:23'),('2023-10-30 03:46:59',124,'addieXxM7f',3946450727,'2023-10-30 03:32:41'),('2023-10-30 11:37:38',124,'adelaideAbBJt',2741420076,'2023-10-30 11:23:08'),('2023-11-19 02:13:16',124,'abahri9PS0',4117986474,'2023-11-19 02:03:25'),('2023-11-23 23:10:14',124,'addia0H',1677290,'2023-11-23 22:58:06'),('2023-09-11 10:02:29',125,'addisonb8l',3396797330,'2023-09-11 09:49:26'),('2023-09-11 12:11:54',125,'abram5Ry',1851667003,'2023-09-11 12:02:13'),('2023-09-14 19:17:03',125,'abuEVvO',3599398250,'2023-09-14 19:03:18'),('2023-09-16 15:22:28',125,'abriannavY',746372815,'2023-09-16 15:20:00'),('2023-09-18 23:29:32',125,'adnanBcmh',1284018007,'2023-09-18 23:29:02'),('2023-09-19 01:15:31',125,'addieXxM7f',2852863591,'2023-09-19 01:12:30'),('2023-09-19 13:38:50',125,'aartjann',2939277956,'2023-09-19 13:26:09'),('2023-10-01 23:02:28',125,'abiaZv',351760433,'2023-10-01 22:54:04'),('2023-10-09 17:10:13',125,'abagaelEq7RF',992087676,'2023-10-09 17:04:23'),('2023-11-26 18:16:51',125,'adoreedx1',2681516215,'2023-11-26 18:15:04'),('2023-09-11 20:00:50',126,'aarenDDCY',790530317,'2023-09-11 19:51:28'),('2023-09-12 10:17:33',126,'aarond0V',3872774521,'2023-09-12 10:14:46'),('2023-09-13 05:51:38',126,'adonisX',2748469179,'2023-09-13 05:45:26'),('2023-09-14 06:30:00',126,'aarond0V',2619167853,'2023-09-14 06:17:01'),('2023-09-14 11:11:07',126,'abbe8',2691536612,'2023-09-14 11:01:40'),('2023-09-15 10:52:37',126,'adrianbz',2841011374,'2023-09-15 10:41:13'),('2023-09-17 23:50:43',126,'aaliyah1PcW',3534309795,'2023-09-17 23:50:08'),('2023-09-22 18:48:38',126,'acaciamD',2133436255,'2023-09-22 18:31:54'),('2023-09-24 00:10:20',126,'adora1gH',3793214241,'2023-09-23 23:58:24'),('2023-09-25 01:21:30',126,'abbas3LjF',288320286,'2023-09-25 01:15:25'),('2023-09-25 06:41:05',126,'addisonb8l',890169397,'2023-09-25 06:32:40'),('2023-09-25 06:49:16',126,'addisonb8l',890169397,'2023-09-25 06:32:40'),('2023-09-25 17:15:04',126,'abbas3LjF',639415277,'2023-09-25 17:08:35'),('2023-09-26 20:26:53',126,'adiey',2763856633,'2023-09-26 20:20:01'),('2023-09-30 11:26:43',126,'adenVA8p',2738948394,'2023-09-30 11:16:46'),('2023-10-04 07:32:10',126,'adalynMjC1r',3470483471,'2023-10-04 07:28:23'),('2023-10-04 19:56:35',126,'abree0ned',3087087366,'2023-10-04 19:55:01'),('2023-10-06 16:48:24',126,'addaD',203348976,'2023-10-06 16:41:43'),('2023-10-10 09:05:45',126,'adantH',3069347707,'2023-10-10 09:04:17'),('2023-10-16 09:37:33',126,'adrianbz',276462011,'2023-10-16 09:27:44'),('2023-09-11 04:54:28',127,'adelinaXu',3422437678,'2023-09-11 04:39:19'),('2023-09-15 10:55:31',127,'adrianbz',2841011374,'2023-09-15 10:41:13'),('2023-09-18 00:19:14',127,'abejvDJC',2171172106,'2023-09-18 00:11:25'),('2023-09-18 00:39:36',127,'abigaelrWm',1307255976,'2023-09-18 00:32:59'),('2023-09-22 11:17:19',127,'addieXxM7f',1837400007,'2023-09-22 11:07:50'),('2023-09-25 01:26:52',127,'abbas3LjF',288320286,'2023-09-25 01:15:25'),('2023-09-25 08:33:56',127,'adaracUs',3962985961,'2023-09-25 08:19:52'),('2023-10-01 13:42:14',127,'abigail6CA',4292171035,'2023-10-01 13:28:23'),('2023-10-01 20:35:15',127,'adeleOt',682802091,'2023-10-01 20:32:47'),('2023-10-03 21:44:41',127,'adriaensc',663178721,'2023-10-03 21:39:33'),('2023-10-09 17:16:05',127,'abagaelEq7RF',992087676,'2023-10-09 17:04:23'),('2023-10-09 23:18:20',127,'abigaelrWm',492010665,'2023-10-09 23:15:38'),('2023-10-16 23:15:26',127,'adianaFa6WR',1037812202,'2023-10-16 23:07:55'),('2023-10-17 10:58:17',127,'abree0ned',880370474,'2023-10-17 10:51:02'),('2023-09-11 12:08:59',128,'abram5Ry',1851667003,'2023-09-11 12:02:13'),('2023-09-12 03:46:23',128,'addyJ',2196653732,'2023-09-12 03:39:46'),('2023-09-13 04:42:17',128,'adalynMjC1r',2491933192,'2023-09-13 04:34:04'),('2023-09-14 03:50:54',128,'adenVA8p',1722748373,'2023-09-14 03:49:10'),('2023-09-14 12:28:54',128,'adeTe9W',3691965924,'2023-09-14 12:27:03'),('2023-09-15 11:18:56',128,'adriabp5w',1653843789,'2023-09-15 11:09:09'),('2023-09-16 11:58:25',128,'adelaidalgL',92755394,'2023-09-16 11:42:59'),('2023-09-18 11:06:07',128,'adoreedx1',4226450932,'2023-09-18 10:49:53'),('2023-09-20 05:39:40',128,'abiaZv',4256861015,'2023-09-20 05:23:46'),('2023-09-20 12:45:17',128,'abbie2FFMK',664504889,'2023-09-20 12:42:44'),('2023-09-21 21:41:20',128,'adantH',2994416135,'2023-09-21 21:27:26'),('2023-09-22 11:10:29',128,'addieXxM7f',1837400007,'2023-09-22 11:07:50'),('2023-09-23 16:45:36',128,'abram5Ry',1780201194,'2023-09-23 16:41:12'),('2023-09-25 08:34:33',128,'adaracUs',3962985961,'2023-09-25 08:19:52'),('2023-09-25 20:29:01',128,'addia0H',612523923,'2023-09-25 20:25:00'),('2023-09-30 01:35:51',128,'action5h9z1',3126577820,'2023-09-30 01:33:18'),('2023-10-02 04:55:26',128,'abigaelrWm',2506469976,'2023-10-02 04:43:39'),('2023-10-07 07:43:30',128,'aaliyah1PcW',3324480782,'2023-10-07 07:28:54'),('2023-10-07 17:05:44',128,'adaB1',1785906761,'2023-10-07 16:55:46'),('2023-10-07 23:34:31',128,'adeyh',1389479482,'2023-10-07 23:21:04'),('2023-10-20 05:23:28',128,'abigaelrWm',3219797639,'2023-10-20 05:08:05'),('2023-10-30 00:23:32',128,'addia0H',2394858239,'2023-10-30 00:22:01'),('2023-11-20 23:46:06',128,'adityaHQ',604321067,'2023-11-20 23:35:58'),('2023-11-23 23:00:58',128,'addia0H',1677290,'2023-11-23 22:58:06'),('2023-09-11 02:37:14',129,'admin0CxU',4243141953,'2023-09-11 02:21:01'),('2023-09-11 12:33:12',129,'adornenz0',1237506877,'2023-09-11 12:28:27'),('2023-09-14 01:01:38',129,'adrianbz',2310263043,'2023-09-14 00:45:11'),('2023-09-16 09:42:42',129,'addisonb8l',473180324,'2023-09-16 09:38:51'),('2023-09-17 06:32:52',129,'adreaNd',3520155825,'2023-09-17 06:31:57'),('2023-09-17 13:57:03',129,'abigaelrWm',2927084679,'2023-09-17 13:55:18'),('2023-09-17 23:56:06',129,'aaliyah1PcW',3534309795,'2023-09-17 23:50:08'),('2023-09-18 08:45:23',129,'adelinaXu',1049982104,'2023-09-18 08:42:05'),('2023-09-21 22:30:49',129,'abbas3LjF',1577629304,'2023-09-21 22:30:28'),('2023-09-26 16:40:53',129,'adelaidalgL',3508682705,'2023-09-26 16:36:21'),('2023-10-08 10:43:53',129,'addaD',4231344124,'2023-10-08 10:26:54'),('2023-10-16 02:27:24',129,'abriannavY',3213979794,'2023-10-16 02:23:32'),('2023-10-21 17:06:30',129,'abbas3LjF',1736764135,'2023-10-21 16:55:01'),('2023-10-22 12:38:07',129,'aaliyah1PcW',2711062787,'2023-10-22 12:24:05'),('2023-10-29 21:20:34',129,'adantH',1868736933,'2023-10-29 21:07:27'),('2023-11-13 15:09:32',129,'abbyk',233624053,'2023-11-13 15:06:10'),('2023-11-19 02:06:02',129,'abahri9PS0',4117986474,'2023-11-19 02:03:25'),('2023-11-22 03:40:02',129,'adahg5',2180500285,'2023-11-22 03:25:06'),('2023-11-29 12:14:51',129,'adityaHQ',97842572,'2023-11-29 12:11:51'),('2023-09-10 22:39:11',130,'addieXxM7f',3017058087,'2023-09-10 22:22:31'),('2023-09-11 05:06:24',130,'addieXxM7f',2047792685,'2023-09-11 05:03:02'),('2023-09-12 10:52:17',130,'adora1gH',694103030,'2023-09-12 10:37:58'),('2023-09-12 12:11:01',130,'adinaa7',3628554300,'2023-09-12 11:57:01'),('2023-09-13 17:48:11',130,'adoreedx1',990315879,'2023-09-13 17:43:43'),('2023-09-14 00:47:13',130,'adrianbz',2310263043,'2023-09-14 00:45:11'),('2023-09-14 06:33:39',130,'aarond0V',2619167853,'2023-09-14 06:17:01'),('2023-09-15 18:49:06',130,'abagaelEq7RF',3209881616,'2023-09-15 18:47:38'),('2023-09-19 04:33:07',130,'adeliajtXT3',1350670568,'2023-09-19 04:21:36'),('2023-09-21 05:43:46',130,'adelaideAbBJt',2117407506,'2023-09-21 05:43:23'),('2023-09-21 21:29:15',130,'adantH',2994416135,'2023-09-21 21:27:26'),('2023-09-22 07:47:41',130,'adoreVd',3929763901,'2023-09-22 07:44:22'),('2023-09-22 18:43:36',130,'acaciamD',2133436255,'2023-09-22 18:31:54'),('2023-09-25 22:01:23',130,'addisonb8l',274318778,'2023-09-25 21:57:39'),('2023-09-26 16:51:25',130,'adelaidalgL',3508682705,'2023-09-26 16:36:21'),('2023-09-27 15:27:15',130,'abejvDJC',4244135786,'2023-09-27 15:26:01'),('2023-10-01 03:26:41',130,'abbin',3356389659,'2023-10-01 03:23:45'),('2023-10-03 19:08:40',130,'aarenDDCY',2617566685,'2023-10-03 18:51:46'),('2023-10-08 10:36:00',130,'addaD',4231344124,'2023-10-08 10:26:54'),('2023-10-08 20:12:45',130,'abagaelEq7RF',4260365469,'2023-10-08 20:12:16'),('2023-10-08 20:17:13',130,'abagaelEq7RF',4260365469,'2023-10-08 20:12:16'),('2023-10-11 11:46:38',130,'abbyk',1118505443,'2023-10-11 11:31:52'),('2023-10-12 14:26:44',130,'adiey',3004988061,'2023-10-12 14:24:23'),('2023-10-14 03:22:19',130,'adelaideAbBJt',1756563355,'2023-10-14 03:11:55'),('2023-10-14 05:43:28',130,'addia0H',2080399624,'2023-10-14 05:38:54'),('2023-10-21 17:02:44',130,'abbas3LjF',1736764135,'2023-10-21 16:55:01'),('2023-10-25 09:01:40',130,'abrahamnNCN',2432295471,'2023-10-25 08:46:41'),('2023-10-27 19:30:51',130,'adora1gH',2641601559,'2023-10-27 19:21:23'),('2023-11-13 08:23:24',130,'adonisX',887090784,'2023-11-13 08:23:13'),('2023-11-16 12:08:11',130,'abagaelEq7RF',1320020589,'2023-11-16 11:53:43'),('2023-09-12 08:47:10',131,'action5h9z1',953530542,'2023-09-12 08:34:38'),('2023-09-12 10:40:57',131,'adora1gH',694103030,'2023-09-12 10:37:58'),('2023-09-13 16:02:32',131,'abbe8',6356373,'2023-09-13 15:55:20'),('2023-09-14 15:58:55',131,'adalynMjC1r',1113163787,'2023-09-14 15:54:52'),('2023-09-16 11:56:41',131,'adelaidalgL',92755394,'2023-09-16 11:42:59'),('2023-09-18 00:07:09',131,'aaliyah1PcW',3534309795,'2023-09-17 23:50:08'),('2023-09-18 08:48:22',131,'adelinaXu',1049982104,'2023-09-18 08:42:05'),('2023-09-25 17:19:10',131,'aarenDDCY',2318257079,'2023-09-25 17:16:41'),('2023-10-02 07:44:41',131,'abigail6CA',1451603882,'2023-10-02 07:38:52'),('2023-10-03 22:26:38',131,'accountingu',633232440,'2023-10-03 22:25:03'),('2023-10-07 17:12:19',131,'adaB1',1785906761,'2023-10-07 16:55:46'),('2023-10-08 11:57:56',131,'abahri9PS0',3792559961,'2023-10-08 11:42:26'),('2023-10-10 15:53:31',131,'abuEVvO',3788349416,'2023-10-10 15:43:55'),('2023-10-11 05:29:39',131,'adeyh',129161851,'2023-10-11 05:18:20'),('2023-10-21 06:01:12',131,'adianaFa6WR',763780456,'2023-10-21 05:49:11'),('2023-10-31 07:01:28',131,'aarikap',1645624376,'2023-10-31 06:45:28'),('2023-11-03 21:03:47',131,'abigaelrWm',500337494,'2023-11-03 20:47:34'),('2023-11-26 18:28:05',131,'adoreedx1',2681516215,'2023-11-26 18:15:04'),('2023-12-09 17:33:56',131,'adalynMjC1r',1831691304,'2023-12-09 17:21:09'),('2023-09-11 04:11:01',132,'adrianbz',1813627848,'2023-09-11 04:08:33'),('2023-09-11 10:01:56',132,'addisonb8l',3396797330,'2023-09-11 09:49:26'),('2023-09-12 10:40:20',132,'adora1gH',694103030,'2023-09-12 10:37:58'),('2023-09-12 10:50:31',132,'adora1gH',694103030,'2023-09-12 10:37:58'),('2023-09-13 16:42:00',132,'abbie2FFMK',793879898,'2023-09-13 16:32:38'),('2023-09-13 16:49:18',132,'abbie2FFMK',793879898,'2023-09-13 16:32:38'),('2023-09-16 15:22:53',132,'abriannavY',746372815,'2023-09-16 15:20:00'),('2023-09-18 23:36:40',132,'adnanBcmh',1284018007,'2023-09-18 23:29:02'),('2023-09-20 21:59:50',132,'adinaa7',2309480174,'2023-09-20 21:56:56'),('2023-09-23 06:10:28',132,'abahri9PS0',2343486684,'2023-09-23 05:59:09'),('2023-09-24 20:30:40',132,'aarushiIw',3939076258,'2023-09-24 20:19:54'),('2023-09-25 01:31:48',132,'abbas3LjF',288320286,'2023-09-25 01:15:25'),('2023-09-25 18:41:52',132,'adelaideAbBJt',2669515068,'2023-09-25 18:39:04'),('2023-09-27 14:02:42',132,'adelind1Kp5X',2712350200,'2023-09-27 13:45:50'),('2023-10-05 12:09:51',132,'abahri9PS0',1993899146,'2023-10-05 11:56:20'),('2023-10-19 18:42:04',132,'accountingu',2460351651,'2023-10-19 18:34:02'),('2023-10-24 03:58:35',132,'addyJ',74502916,'2023-10-24 03:43:58'),('2023-11-06 19:40:58',132,'addyJ',823317030,'2023-11-06 19:37:15'),('2023-11-21 22:43:33',132,'adantH',437051496,'2023-11-21 22:28:18'),('2023-11-23 23:02:07',132,'addia0H',1677290,'2023-11-23 22:58:06'),('2023-11-28 22:15:12',132,'adinaa7',3452183076,'2023-11-28 22:09:24'),('2023-12-07 11:09:57',132,'abrahamnNCN',1757503815,'2023-12-07 10:59:40'),('2023-09-11 05:09:13',133,'addieXxM7f',2047792685,'2023-09-11 05:03:02'),('2023-09-13 16:41:00',133,'abbie2FFMK',793879898,'2023-09-13 16:32:38'),('2023-09-18 00:13:32',133,'abejvDJC',2171172106,'2023-09-18 00:11:25'),('2023-09-20 08:13:04',133,'adelinaXu',198537475,'2023-09-20 08:03:01'),('2023-09-25 22:13:34',133,'addisonb8l',274318778,'2023-09-25 21:57:39'),('2023-10-02 07:53:16',133,'abigail6CA',1451603882,'2023-10-02 07:38:52'),('2023-10-02 14:22:42',133,'adreanna8',2078512742,'2023-10-02 14:14:23'),('2023-10-05 11:59:12',133,'abahri9PS0',1993899146,'2023-10-05 11:56:20'),('2023-10-26 14:33:26',133,'adnanBcmh',1389200672,'2023-10-26 14:17:38'),('2023-11-04 01:08:11',133,'abrahamnNCN',724652606,'2023-11-04 00:52:26'),('2023-11-06 19:45:26',133,'addyJ',823317030,'2023-11-06 19:37:15'),('2023-11-14 20:32:10',133,'adon6',2273652366,'2023-11-14 20:27:39'),('2023-09-11 04:09:34',134,'adrianbz',1813627848,'2023-09-11 04:08:33'),('2023-09-14 03:53:24',134,'adenVA8p',1722748373,'2023-09-14 03:49:10'),('2023-09-14 12:37:11',134,'adeTe9W',3691965924,'2023-09-14 12:27:03'),('2023-09-19 12:47:47',134,'adeliajtXT3',3915444144,'2023-09-19 12:38:44'),('2023-09-21 22:30:49',134,'abbas3LjF',1577629304,'2023-09-21 22:30:28'),('2023-09-25 17:15:15',134,'abbas3LjF',639415277,'2023-09-25 17:08:35'),('2023-09-26 20:26:59',134,'adiey',2763856633,'2023-09-26 20:20:01'),('2023-10-09 23:16:04',134,'abigaelrWm',492010665,'2023-10-09 23:15:38'),('2023-10-11 06:08:53',134,'abree0ned',1803495310,'2023-10-11 06:03:59'),('2023-10-11 06:10:06',134,'abree0ned',1803495310,'2023-10-11 06:03:59'),('2023-10-17 01:26:26',134,'adityaHQ',2268209090,'2023-10-17 01:14:17'),('2023-10-21 17:10:02',134,'abbas3LjF',1736764135,'2023-10-21 16:55:01'),('2023-11-10 20:56:20',134,'adenar3QR',4256628940,'2023-11-10 20:47:42'),('2023-11-21 22:38:03',134,'adantH',437051496,'2023-11-21 22:28:18'),('2023-11-24 02:07:30',134,'adelaidalgL',1890703144,'2023-11-24 01:57:51'),('2023-09-14 00:02:18',135,'action5h9z1',74276601,'2023-09-13 23:50:15'),('2023-09-14 04:05:51',135,'adenVA8p',1722748373,'2023-09-14 03:49:10'),('2023-09-14 19:18:27',135,'abbye16',268235591,'2023-09-14 19:01:38'),('2023-09-15 05:07:04',135,'adenVA8p',3557037940,'2023-09-15 05:00:15'),('2023-09-16 10:46:35',135,'addisonb8l',4114246338,'2023-09-16 10:45:49'),('2023-09-17 06:41:08',135,'adreaNd',3520155825,'2023-09-17 06:31:57'),('2023-09-25 22:05:35',135,'addisonb8l',274318778,'2023-09-25 21:57:39'),('2023-10-09 00:07:42',135,'adamYi',890201304,'2023-10-09 00:02:26'),('2023-10-10 15:45:52',135,'abuEVvO',3788349416,'2023-10-10 15:43:55'),('2023-10-26 14:28:54',135,'adnanBcmh',1389200672,'2023-10-26 14:17:38'),('2023-09-12 00:29:47',136,'adoreedx1',2053051057,'2023-09-12 00:23:18'),('2023-09-13 16:06:04',136,'abbe8',6356373,'2023-09-13 15:55:20'),('2023-09-14 00:50:49',136,'adrianbz',2310263043,'2023-09-14 00:45:11'),('2023-09-14 12:44:03',136,'adeTe9W',3691965924,'2023-09-14 12:27:03'),('2023-09-25 17:12:10',136,'abbas3LjF',639415277,'2023-09-25 17:08:35'),('2023-09-25 18:55:40',136,'adelaideAbBJt',2669515068,'2023-09-25 18:39:04'),('2023-09-27 09:42:52',136,'aarushiIw',3809311770,'2023-09-27 09:27:08'),('2023-09-27 13:06:11',136,'adalinex',410245089,'2023-09-27 12:59:46'),('2023-10-01 00:12:17',136,'adelaideAbBJt',3352776448,'2023-10-01 00:00:11'),('2023-10-02 12:59:39',136,'achalbkG',2556376476,'2023-10-02 12:47:12'),('2023-10-04 07:44:34',136,'adalynMjC1r',3470483471,'2023-10-04 07:28:23'),('2023-10-05 16:58:05',136,'adairNxJ4',3271530929,'2023-10-05 16:51:23'),('2023-10-09 23:22:25',136,'abigaelrWm',492010665,'2023-10-09 23:15:38'),('2023-10-11 05:31:31',136,'adeyh',129161851,'2023-10-11 05:18:20'),('2023-10-26 14:33:07',136,'adnanBcmh',1389200672,'2023-10-26 14:17:38'),('2023-10-29 21:16:28',136,'adantH',1868736933,'2023-10-29 21:07:27'),('2023-11-06 04:23:17',136,'abagaelEq7RF',2388234289,'2023-11-06 04:17:28'),('2023-11-28 10:23:42',136,'admin0CxU',3191590249,'2023-11-28 10:22:17'),('2023-09-12 10:16:17',137,'aarond0V',3872774521,'2023-09-12 10:14:46'),('2023-09-13 16:38:50',137,'abbie2FFMK',793879898,'2023-09-13 16:32:38'),('2023-09-14 06:28:54',137,'aarond0V',2619167853,'2023-09-14 06:17:01'),('2023-09-14 19:14:55',137,'abbye16',268235591,'2023-09-14 19:01:38'),('2023-09-17 12:37:34',137,'adeliajtXT3',693897457,'2023-09-17 12:32:04'),('2023-09-22 04:17:28',137,'adornenz0',1272193645,'2023-09-22 04:14:25'),('2023-09-24 23:40:23',137,'abigail6CA',2958516782,'2023-09-24 23:26:08'),('2023-09-25 06:46:52',137,'addisonb8l',890169397,'2023-09-25 06:32:40'),('2023-09-29 01:47:17',137,'adairNxJ4',378863865,'2023-09-29 01:34:54'),('2023-10-01 00:03:34',137,'adelaideAbBJt',3352776448,'2023-10-01 00:00:11'),('2023-10-01 13:35:17',137,'abigail6CA',4292171035,'2023-10-01 13:28:23'),('2023-10-01 20:37:20',137,'adeleOt',682802091,'2023-10-01 20:32:47'),('2023-10-02 07:40:19',137,'abigail6CA',1451603882,'2023-10-02 07:38:52'),('2023-10-02 23:20:44',137,'abraLH',2171432467,'2023-10-02 23:19:21'),('2023-10-03 02:03:47',137,'adriaensc',1652896704,'2023-10-03 01:52:57'),('2023-10-04 09:00:02',137,'adelinaXu',2851692254,'2023-10-04 08:49:26'),('2023-10-05 12:13:13',137,'abahri9PS0',1993899146,'2023-10-05 11:56:20'),('2023-10-29 21:15:22',137,'adantH',1868736933,'2023-10-29 21:07:27'),('2023-09-11 00:53:38',138,'accountingu',475509290,'2023-09-11 00:49:45'),('2023-09-11 12:10:08',138,'abram5Ry',1851667003,'2023-09-11 12:02:13'),('2023-09-12 00:28:07',138,'adoreedx1',2053051057,'2023-09-12 00:23:18'),('2023-09-12 08:46:13',138,'action5h9z1',953530542,'2023-09-12 08:34:38'),('2023-09-13 11:10:10',138,'aaliyah1PcW',4106946456,'2023-09-13 11:01:17'),('2023-09-17 06:46:35',138,'adreaNd',3520155825,'2023-09-17 06:31:57'),('2023-09-17 11:11:19',138,'addia0H',2814015884,'2023-09-17 10:55:15'),('2023-09-17 17:25:39',138,'adalynMjC1r',3812779435,'2023-09-17 17:08:56'),('2023-09-19 01:20:19',138,'addieXxM7f',2852863591,'2023-09-19 01:12:30'),('2023-09-20 05:03:14',138,'abuEVvO',1744496918,'2023-09-20 04:47:08'),('2023-09-23 16:49:07',138,'abram5Ry',1780201194,'2023-09-23 16:41:12'),('2023-09-27 13:56:05',138,'adelind1Kp5X',2712350200,'2023-09-27 13:45:50'),('2023-09-29 01:43:00',138,'adairNxJ4',378863865,'2023-09-29 01:34:54'),('2023-09-30 14:54:40',138,'admin0CxU',1678830281,'2023-09-30 14:41:00'),('2023-10-01 13:33:45',138,'abigail6CA',4292171035,'2023-10-01 13:28:23'),('2023-10-02 13:04:04',138,'achalbkG',2556376476,'2023-10-02 12:47:12'),('2023-10-04 03:24:03',138,'adrianbz',953506382,'2023-10-04 03:23:13'),('2023-10-09 00:03:10',138,'adamYi',890201304,'2023-10-09 00:02:26'),('2023-10-10 10:34:42',138,'abbie2FFMK',674228238,'2023-10-10 10:18:26'),('2023-10-14 03:17:50',138,'adelaideAbBJt',1756563355,'2023-10-14 03:11:55'),('2023-10-30 00:35:55',138,'addia0H',2394858239,'2023-10-30 00:22:01'),('2023-10-31 06:48:40',138,'aarikap',1645624376,'2023-10-31 06:45:28'),('2023-11-13 08:25:24',138,'adonisX',887090784,'2023-11-13 08:23:13'),('2023-11-24 01:58:45',138,'adelaidalgL',1890703144,'2023-11-24 01:57:51'),('2023-11-26 18:20:50',138,'adoreedx1',2681516215,'2023-11-26 18:15:04'),('2023-09-13 18:00:06',139,'adoreedx1',990315879,'2023-09-13 17:43:43'),('2023-09-15 20:48:55',139,'adoreVd',641042536,'2023-09-15 20:45:17'),('2023-09-18 08:48:28',139,'adelinaXu',1049982104,'2023-09-18 08:42:05'),('2023-09-21 12:00:41',139,'abagail6rSA',4005151537,'2023-09-21 11:56:51'),('2023-09-24 00:00:17',139,'adora1gH',3793214241,'2023-09-23 23:58:24'),('2023-09-24 00:03:20',139,'adora1gH',3793214241,'2023-09-23 23:58:24'),('2023-09-24 20:27:38',139,'aarushiIw',3939076258,'2023-09-24 20:19:54'),('2023-09-25 17:28:43',139,'aarenDDCY',2318257079,'2023-09-25 17:16:41'),('2023-09-25 20:33:55',139,'addia0H',612523923,'2023-09-25 20:25:00'),('2023-09-27 15:02:03',139,'abbe8',1396499045,'2023-09-27 14:55:38'),('2023-10-01 03:40:16',139,'abbin',3356389659,'2023-10-01 03:23:45'),('2023-10-02 14:22:01',139,'adreanna8',2078512742,'2023-10-02 14:14:23'),('2023-10-09 23:24:48',139,'abigaelrWm',492010665,'2023-10-09 23:15:38'),('2023-10-15 15:27:14',139,'abrahamnNCN',3575955663,'2023-10-15 15:24:56'),('2023-10-22 22:01:11',139,'adriabp5w',3546049893,'2023-10-22 21:51:12'),('2023-10-29 11:34:53',139,'abiaZv',799313624,'2023-10-29 11:34:21'),('2023-09-11 00:54:41',140,'accountingu',475509290,'2023-09-11 00:49:45'),('2023-09-11 05:13:04',140,'addieXxM7f',2047792685,'2023-09-11 05:03:02'),('2023-09-19 01:26:46',140,'addieXxM7f',2852863591,'2023-09-19 01:12:30'),('2023-09-21 12:05:20',140,'abagail6rSA',4005151537,'2023-09-21 11:56:51'),('2023-09-24 07:14:54',140,'addonsOAKDs',2977136618,'2023-09-24 07:13:41'),('2023-09-27 09:43:35',140,'aarushiIw',3809311770,'2023-09-27 09:27:08'),('2023-09-30 14:52:53',140,'admin0CxU',1678830281,'2023-09-30 14:41:00'),('2023-10-01 13:35:01',140,'abigail6CA',4292171035,'2023-10-01 13:28:23'),('2023-10-01 22:55:35',140,'abiaZv',351760433,'2023-10-01 22:54:04'),('2023-10-06 16:57:15',140,'addaD',203348976,'2023-10-06 16:41:43'),('2023-10-10 10:30:51',140,'abbie2FFMK',674228238,'2023-10-10 10:18:26'),('2023-10-20 23:48:29',140,'adelheid1ZjKc',4279387602,'2023-10-20 23:43:45'),('2023-10-27 19:26:05',140,'adora1gH',2641601559,'2023-10-27 19:21:23'),('2023-11-04 01:07:28',140,'abrahamnNCN',724652606,'2023-11-04 00:52:26'),('2023-11-06 04:21:54',140,'abagaelEq7RF',2388234289,'2023-11-06 04:17:28'),('2023-11-14 20:40:39',140,'adon6',2273652366,'2023-11-14 20:27:39'),('2023-11-26 14:54:43',140,'abagail6rSA',989403410,'2023-11-26 14:41:54'),('2023-12-07 11:02:51',140,'abrahamnNCN',1757503815,'2023-12-07 10:59:40'),('2023-09-11 00:56:51',141,'accountingu',475509290,'2023-09-11 00:49:45'),('2023-09-12 12:06:46',141,'adinaa7',3628554300,'2023-09-12 11:57:01'),('2023-09-14 16:09:43',141,'adalynMjC1r',1113163787,'2023-09-14 15:54:52'),('2023-09-15 22:32:51',141,'adelaidalgL',704883995,'2023-09-15 22:26:07'),('2023-09-24 22:12:30',141,'adeliL',1077081532,'2023-09-24 22:06:33'),('2023-09-25 06:48:20',141,'addisonb8l',890169397,'2023-09-25 06:32:40'),('2023-10-01 13:42:59',141,'abigail6CA',4292171035,'2023-10-01 13:28:23'),('2023-10-02 13:00:09',141,'achalbkG',2556376476,'2023-10-02 12:47:12'),('2023-10-04 07:33:31',141,'adalynMjC1r',3470483471,'2023-10-04 07:28:23'),('2023-10-04 20:07:10',141,'abree0ned',3087087366,'2023-10-04 19:55:01'),('2023-10-06 00:19:31',141,'adriabp5w',3517406060,'2023-10-06 00:18:49'),('2023-10-06 16:49:45',141,'addaD',203348976,'2023-10-06 16:41:43'),('2023-10-07 23:35:03',141,'adeyh',1389479482,'2023-10-07 23:21:04'),('2023-10-16 02:33:56',141,'abriannavY',3213979794,'2023-10-16 02:23:32'),('2023-11-04 01:04:19',141,'abrahamnNCN',724652606,'2023-11-04 00:52:26'),('2023-11-13 15:17:28',141,'abbyk',233624053,'2023-11-13 15:06:10'),('2023-09-11 05:20:04',142,'addieXxM7f',2047792685,'2023-09-11 05:03:02'),('2023-09-14 03:50:40',142,'adenVA8p',1722748373,'2023-09-14 03:49:10'),('2023-09-16 14:35:31',142,'adriaensc',3596172986,'2023-09-16 14:32:51'),('2023-09-17 12:35:53',142,'adeliajtXT3',693897457,'2023-09-17 12:32:04'),('2023-09-21 20:49:38',142,'adalynMjC1r',2543937039,'2023-09-21 20:37:11'),('2023-09-22 11:24:09',142,'addieXxM7f',1837400007,'2023-09-22 11:07:50'),('2023-09-23 06:00:14',142,'abahri9PS0',2343486684,'2023-09-23 05:59:09'),('2023-09-25 17:20:44',142,'aarenDDCY',2318257079,'2023-09-25 17:16:41'),('2023-09-27 05:25:10',142,'abbey6T',2748819108,'2023-09-27 05:22:05'),('2023-09-29 01:45:58',142,'adairNxJ4',378863865,'2023-09-29 01:34:54'),('2023-10-05 10:54:38',142,'adriaensc',996628859,'2023-10-05 10:51:07'),('2023-10-07 17:13:27',142,'adelinaXu',2844469171,'2023-10-07 16:58:11'),('2023-10-08 11:55:41',142,'abahri9PS0',3792559961,'2023-10-08 11:42:26'),('2023-10-08 22:49:53',142,'acesl',2239483699,'2023-10-08 22:35:33'),('2023-10-10 09:18:07',142,'adantH',3069347707,'2023-10-10 09:04:17'),('2023-10-11 06:12:59',142,'abree0ned',1803495310,'2023-10-11 06:03:59'),('2023-10-16 09:39:21',142,'adeleneeO2',962119042,'2023-10-16 09:35:44'),('2023-10-17 10:52:40',142,'abree0ned',880370474,'2023-10-17 10:51:02'),('2023-10-17 19:13:51',142,'achammaFtwp5',2808423530,'2023-10-17 19:08:35'),('2023-10-19 18:42:37',142,'accountingu',2460351651,'2023-10-19 18:34:02'),('2023-10-22 12:38:24',142,'aaliyah1PcW',2711062787,'2023-10-22 12:24:05'),('2023-10-30 00:22:25',142,'addia0H',2394858239,'2023-10-30 00:22:01'),('2023-10-31 06:49:37',142,'aarikap',1645624376,'2023-10-31 06:45:28'),('2023-11-21 22:44:40',142,'adantH',437051496,'2023-11-21 22:28:18'),('2023-09-11 13:18:46',143,'aartjann',993183191,'2023-09-11 13:07:31'),('2023-09-12 08:46:37',143,'action5h9z1',953530542,'2023-09-12 08:34:38'),('2023-09-12 10:27:26',143,'aarond0V',3872774521,'2023-09-12 10:14:46'),('2023-09-12 12:00:02',143,'adinaa7',3628554300,'2023-09-12 11:57:01'),('2023-09-13 04:47:20',143,'adalynMjC1r',2491933192,'2023-09-13 04:34:04'),('2023-09-18 23:45:32',143,'adnanBcmh',1284018007,'2023-09-18 23:29:02'),('2023-09-22 08:58:17',143,'adairNxJ4',2723196510,'2023-09-22 08:46:25'),('2023-09-22 11:20:00',143,'addieXxM7f',1837400007,'2023-09-22 11:07:50'),('2023-09-25 22:05:09',143,'addisonb8l',274318778,'2023-09-25 21:57:39'),('2023-10-04 14:38:57',143,'aarond0V',1224255154,'2023-10-04 14:35:42'),('2023-10-04 14:43:16',143,'aarond0V',1224255154,'2023-10-04 14:35:42'),('2023-10-08 10:32:31',143,'addaD',4231344124,'2023-10-08 10:26:54'),('2023-10-08 11:46:19',143,'abahri9PS0',3792559961,'2023-10-08 11:42:26'),('2023-10-09 05:08:04',143,'adeTe9W',249618254,'2023-10-09 05:04:35'),('2023-10-11 06:15:45',143,'abree0ned',1803495310,'2023-10-11 06:03:59'),('2023-11-06 19:39:35',143,'addyJ',823317030,'2023-11-06 19:37:15'),('2023-11-08 14:01:07',143,'adiey',3837118249,'2023-11-08 13:49:37'),('2023-11-19 16:16:10',143,'adrianbz',2714715052,'2023-11-19 16:09:32'),('2023-09-11 09:55:35',144,'addisonb8l',3396797330,'2023-09-11 09:49:26'),('2023-09-12 03:50:32',144,'addyJ',2196653732,'2023-09-12 03:39:46'),('2023-09-12 10:15:59',144,'aarond0V',3872774521,'2023-09-12 10:14:46'),('2023-09-13 05:51:01',144,'aaliyah1PcW',381358358,'2023-09-13 05:49:00'),('2023-09-14 00:50:38',144,'adrianbz',2310263043,'2023-09-14 00:45:11'),('2023-09-17 07:08:34',144,'adinaa7',2673195242,'2023-09-17 06:59:15'),('2023-09-17 23:51:32',144,'aaliyah1PcW',3534309795,'2023-09-17 23:50:08'),('2023-09-19 13:38:03',144,'aartjann',2939277956,'2023-09-19 13:26:09'),('2023-09-22 07:58:21',144,'adoreVd',3929763901,'2023-09-22 07:44:22'),('2023-09-24 07:29:34',144,'addonsOAKDs',2977136618,'2023-09-24 07:13:41'),('2023-10-03 19:05:47',144,'aarenDDCY',2617566685,'2023-10-03 18:51:46'),('2023-10-14 17:07:37',144,'abrahamnNCN',1631398165,'2023-10-14 16:56:18'),('2023-11-03 20:54:47',144,'abigaelrWm',500337494,'2023-11-03 20:47:34'),('2023-11-06 19:52:28',144,'addyJ',823317030,'2023-11-06 19:37:15'),('2023-11-14 20:44:15',144,'adon6',2273652366,'2023-11-14 20:27:39'),('2023-11-22 03:37:58',144,'adahg5',2180500285,'2023-11-22 03:25:06'),('2023-12-14 14:15:10',144,'adreaNd',2168844098,'2023-12-14 14:15:06'),('2023-09-11 02:25:31',145,'admin0CxU',4243141953,'2023-09-11 02:21:01'),('2023-09-16 11:57:49',145,'adelaidalgL',92755394,'2023-09-16 11:42:59'),('2023-09-19 13:34:33',145,'aartjann',2939277956,'2023-09-19 13:26:09'),('2023-09-24 07:20:03',145,'addonsOAKDs',2977136618,'2023-09-24 07:13:41'),('2023-09-25 18:53:00',145,'adelaideAbBJt',2669515068,'2023-09-25 18:39:04'),('2023-10-06 00:29:35',145,'adriabp5w',3517406060,'2023-10-06 00:18:49'),('2023-10-10 10:22:43',145,'abbie2FFMK',674228238,'2023-10-10 10:18:26'),('2023-10-14 05:42:32',145,'addia0H',2080399624,'2023-10-14 05:38:54'),('2023-10-29 11:42:41',145,'abiaZv',799313624,'2023-10-29 11:34:21'),('2023-10-31 15:31:55',145,'admin0CxU',856631943,'2023-10-31 15:16:24'),('2023-11-19 13:06:33',145,'adeleOt',1512875283,'2023-11-19 12:55:21'),('2023-11-22 03:38:19',145,'adahg5',2180500285,'2023-11-22 03:25:06'),('2023-09-11 12:34:32',146,'adornenz0',1237506877,'2023-09-11 12:28:27'),('2023-09-11 12:40:12',146,'adornenz0',1237506877,'2023-09-11 12:28:27'),('2023-09-14 00:58:30',146,'adrianbz',2310263043,'2023-09-14 00:45:11'),('2023-09-14 01:06:11',146,'adriaensc',3438563082,'2023-09-14 01:02:06'),('2023-09-18 00:43:50',146,'abigaelrWm',1307255976,'2023-09-18 00:32:59'),('2023-09-19 04:21:58',146,'adeliajtXT3',1350670568,'2023-09-19 04:21:36'),('2023-09-22 11:39:29',146,'abbye16',3125975076,'2023-09-22 11:32:42'),('2023-09-24 00:11:51',146,'adora1gH',3793214241,'2023-09-23 23:58:24'),('2023-09-24 07:26:24',146,'addonsOAKDs',2977136618,'2023-09-24 07:13:41'),('2023-09-24 22:16:18',146,'adeliL',1077081532,'2023-09-24 22:06:33'),('2023-09-30 01:48:17',146,'action5h9z1',3126577820,'2023-09-30 01:33:18'),('2023-10-07 23:26:16',146,'adeyh',1389479482,'2023-10-07 23:21:04'),('2023-10-10 09:11:55',146,'adantH',3069347707,'2023-10-10 09:04:17'),('2023-10-15 19:09:01',146,'accountingu',2945206615,'2023-10-15 19:02:59'),('2023-10-25 08:55:31',146,'abrahamnNCN',2432295471,'2023-10-25 08:46:41'),('2023-10-30 03:35:10',146,'addieXxM7f',3946450727,'2023-10-30 03:32:41'),('2023-11-06 04:21:37',146,'abagaelEq7RF',2388234289,'2023-11-06 04:17:28'),('2023-11-21 22:32:54',146,'adantH',437051496,'2023-11-21 22:28:18'),('2023-12-01 05:51:33',146,'aartjann',3927822652,'2023-12-01 05:45:22');

REPLACE INTO `Recensione` VALUES (1,'adreaND',0.350684),(2,'adreaND',4.23535),(2,'adrisJFr6',1.81506),(3,'abdulRNc',3.54536),(3,'abree0ned',3.29907),(4,'adaliaSsAS',3.13385),(5,'aartjann',2.24396),(5,'abriannavY',4.58988),(6,'abdullahotH',2.81125),(6,'abigaelrWm',1.71129),(6,'acaciamD',1.1366),(7,'aarenDDCY',3.73787),(7,'adelineuz',2.13044),(8,'abdulRNc',4.85116),(8,'abelViEn',0.852597),(8,'acaciamD',0.0286176),(9,'abbyk',4.52302),(9,'abriannavY',2.06824),(9,'adaracUs',3.26047),(9,'adelineuz',4.65399),(10,'adeyH',2.30115),(11,'adonisX',3.84051),(12,'aartjann',4.69631),(12,'adeyH',4.88483),(13,'acaciamD',1.39693),(13,'adeliajtXT3',0.905335),(13,'adiey',3.8656),(14,'abelViEn',3.35411),(15,'aartjann',1.64607),(15,'abdullahotH',2.87241),(16,'adeliajtXT3',0.634415),(17,'abigaelrWm',3.88319),(19,'adeyH',1.72008),(20,'abigaelrWm',4.50095),(20,'adeyH',3.13979),(21,'aarenDDCY',3.8781),(21,'abraLH',1.65419),(21,'adeliajtXT3',0.274602),(21,'adonisX',3.17147),(22,'aarenDDCY',0.691589),(22,'adelineuz',4.67659),(23,'abbyk',0.705245),(23,'adaliaSsAS',4.77522),(24,'abbyk',2.42604),(24,'acaciamD',4.92526),(25,'abdullahotH',0.663883),(25,'abraLH',2.48703),(25,'abree0ned',4.80973),(25,'adelineuz',0.246673),(25,'adonisX',3.53046),(26,'aarenDDCY',2.78887),(27,'abelViEn',1.11721),(27,'adelineuz',4.71831),(27,'adeyH',2.53262),(28,'adaracUs',4.04774),(29,'acaciamD',0.65774),(29,'adiey',0.663068),(30,'adonisX',3.79011),(31,'abree0ned',3.04382),(31,'adeliajtXT3',1.93692),(31,'adon6',1.00317),(32,'abdulRNc',1.81049),(32,'abriannavY',3.19561),(32,'acaciamD',1.52728),(32,'adon6',2.0177),(33,'aarenDDCY',2.36507),(33,'adon6',1.5952),(34,'abdulRNc',0.0285405),(34,'abriannavY',4.24573),(34,'adaracUs',2.79987),(35,'abelViEn',4.136),(35,'acaciamD',0.820376),(35,'adaracUs',1.62031),(35,'adreaND',2.93437),(36,'abdulRNc',3.51139),(36,'abree0ned',4.11261),(37,'adeyH',4.0736),(38,'adon6',0.744874),(39,'adeliajtXT3',0.972031),(39,'adelineuz',1.29307),(40,'abraLH',4.19507),(40,'adeliajtXT3',0.098616),(42,'adaliaSsAS',3.64633),(42,'adeliajtXT3',0.917373),(43,'abdullahotH',2.51298),(46,'adaracUs',1.22979),(46,'adrisJFr6',2.53453),(47,'adeyH',3.89352),(47,'adiey',2.223),(48,'abbyk',1.8211),(48,'abelViEn',3.35954),(48,'abree0ned',1.81377),(48,'adreaND',3.00996),(48,'adrisJFr6',4.02196),(49,'aartjann',1.30416),(49,'abriannavY',1.99846),(49,'adrisJFr6',1.43571),(50,'adon6',3.58004),(51,'adonisX',2.7879),(51,'adrisJFr6',4.35181),(52,'abbyk',0.433718),(52,'adaliaSsAS',2.86365),(53,'abigaelrWm',3.42103),(53,'adonisX',0.203073),(54,'abraLH',3.45562),(54,'adaracUs',3.97212),(55,'abdullahotH',2.41589),(55,'abdulRNc',0.6433),(56,'abdulRNc',3.48945),(56,'adreaND',4.91548),(56,'adrisJFr6',4.73603),(57,'aartjann',0.163362),(58,'abdullahotH',4.41355),(58,'adrisJFr6',0.891785),(61,'adaracUs',3.47844),(62,'abbyk',0.35607),(62,'adaracUs',1.90643),(63,'adon6',4.28048),(65,'abdullahotH',0.0249378),(65,'abdulRNc',1.87682),(65,'adiey',3.89855),(66,'adonisX',4.43488),(67,'abriannavY',3.26971),(67,'adaliaSsAS',2.63388),(67,'adreaND',1.32515),(68,'abdullahotH',4.44197),(68,'abigaelrWm',1.18838),(69,'adaliaSsAS',0.465508),(69,'adeyH',1.63665),(70,'abdullahotH',4.98795),(70,'adelineuz',3.48368),(71,'abbyk',0.127776),(71,'abdullahotH',3.52058),(71,'adaliaSsAS',2.54285),(71,'adeyH',1.81153),(71,'adon6',3.33475),(73,'abelViEn',4.01101),(73,'abraLH',2.77137),(73,'adaliaSsAS',4.44341),(74,'adonisX',4.74134),(75,'aarenDDCY',0.493267),(75,'aartjann',1.10589),(75,'abigaelrWm',4.66228),(75,'adrisJFr6',0.316835),(76,'aarenDDCY',2.17744),(76,'adreaND',1.01046),(77,'abree0ned',0.626689),(78,'abraLH',3.96607),(78,'adeyH',3.35967),(78,'adrisJFr6',1.40951),(79,'abdulRNc',2.2245),(80,'abree0ned',3.84781),(80,'adaracUs',1.23283),(80,'adiey',0.603745),(81,'abriannavY',2.5414),(81,'acaciamD',4.41389),(82,'aartjann',4.37941),(82,'abdulRNc',2.77081),(84,'aartjann',1.866),(84,'adon6',1.4339),(84,'adrisJFr6',1.34477),(85,'abraLH',3.97382),(85,'abriannavY',2.27643),(85,'adonisX',0.72555),(85,'adrisJFr6',0.424306),(86,'abelViEn',1.90661),(88,'abriannavY',4.62443),(88,'adaliaSsAS',1.58015),(88,'adiey',4.22455),(88,'adon6',0.860304),(88,'adreaND',0.215156),(89,'adeyH',3.60752),(89,'adiey',3.41649),(92,'abree0ned',1.97314),(92,'adeliajtXT3',3.87004),(93,'abbyk',0.706839),(93,'abigaelrWm',4.9539),(93,'adonisX',4.11156),(95,'aarenDDCY',0.461029),(95,'abelViEn',0.484451),(97,'abbyk',1.61707),(97,'acaciamD',2.57653),(97,'adelineuz',2.75982),(97,'adiey',2.56448),(98,'adeliajtXT3',3.61953),(99,'aarenDDCY',0.589485),(99,'abriannavY',2.10939),(99,'adaliaSsAS',0.99183),(99,'adelineuz',0.546893),(99,'adon6',1.80808),(99,'adreaND',3.87622);


REPLACE INTO `Server` (`MaxConnessioni`, `LunghezzaBanda`, `MTU`, `Posizione`) VALUES
(21506, 220255.12026286116, 1716, POINT(-44.064099346062505, -87.3213908080259)),
(12305, 112562.88544943884, 1587, POINT(-42.090864579456195, 88.21815482933022)),
(21442, 187644.5181978104, 2749, POINT(-65.78351819406883, 82.00620340689977)),
(8288, 215347.19030284457, 4370, POINT(-66.9317131448506, 70.30119161116733)),
(23440, 226672.3525656468, 719, POINT(-77.82471962349544, 8.505694405719055)),
(6337, 109586.86263692385, 1692, POINT(88.37899632936313, 11.449891247666955)),
(9978, 248609.68161163302, 2096, POINT(96.99916171789494, 55.415862125901356)),
(11500, 162310.01145827453, 1619, POINT(-145.45674254759777, 70.07950093651317)),
(9347, 200328.50660013614, 1134, POINT(69.69986276971474, 63.47684648728253)),
(21742, 131766.07937023562, 3709, POINT(-147.0501091968875, -60.86992392257275)),
(14815, 133817.9907333646, 3362, POINT(167.59278614760353, -62.833041749552095)),
(10223, 119329.74073377444, 2482, POINT(-79.26107771539495, -69.52947176421964)),
(24660, 138326.3287188026, 4174, POINT(-2.766342815011342, 10.185581888582917)),
(20160, 224210.73897095793, 1172, POINT(54.07758627935206, -11.419565012151068)),
(5565, 154560.35297107918, 996, POINT(-169.0059375825496, 32.027322878331475)),
(20563, 205900.13085753968, 868, POINT(-156.15407583586853, 89.83189774315377)),
(8992, 202386.12167629565, 1504, POINT(123.29460783192593, 44.065951292220376)),
(22323, 144913.04950031513, 816, POINT(-171.49563890039911, -13.925083739269382)),
(6144, 224993.79691841273, 2430, POINT(66.89569714181914, 79.41664703536807)),
(20873, 193639.4948225734, 611, POINT(118.95040947505294, -60.17496405204686));

REPLACE INTO `PoP` VALUES (6,1),(61,1),(85,1),(93,1),(100,1),(114,1),(193,1),(1,2),(4,2),(13,2),(24,2),(29,2),(31,2),(42,2),(45,2),(50,2),(59,2),(61,2),(63,2),(69,2),(79,2),(80,2),(83,2),(92,2),(94,2),(103,2),(105,2),(114,2),(116,2),(120,2),(129,2),(143,2),(159,2),(162,2),(170,2),(179,2),(181,2),(185,2),(186,2),(196,2),(197,2),(200,2),(209,2),(213,2),(3,3),(12,3),(18,3),(27,3),(35,3),(40,3),(45,3),(47,3),(49,3),(69,3),(72,3),(77,3),(79,3),(86,3),(98,3),(107,3),(109,3),(113,3),(116,3),(121,3),(147,3),(156,3),(163,3),(174,3),(180,3),(6,4),(8,4),(10,4),(12,4),(16,4),(20,4),(21,4),(23,4),(26,4),(31,4),(51,4),(55,4),(56,4),(57,4),(58,4),(59,4),(61,4),(66,4),(73,4),(75,4),(82,4),(85,4),(86,4),(90,4),(91,4),(100,4),(102,4),(103,4),(116,4),(119,4),(130,4),(134,4),(136,4),(145,4),(152,4),(159,4),(160,4),(161,4),(168,4),(171,4),(175,4),(178,4),(182,4),(183,4),(186,4),(190,4),(194,4),(197,4),(200,4),(205,4),(208,4),(8,5),(9,5),(18,5),(26,5),(27,5),(31,5),(45,5),(55,5),(60,5),(64,5),(65,5),(74,5),(80,5),(90,5),(95,5),(108,5),(116,5),(121,5),(128,5),(129,5),(143,5),(152,5),(181,5),(194,5),(195,5),(198,5),(200,5),(3,6),(12,6),(15,6),(21,6),(25,6),(28,6),(35,6),(36,6),(40,6),(55,6),(61,6),(67,6),(74,6),(78,6),(89,6),(95,6),(98,6),(106,6),(107,6),(109,6),(111,6),(112,6),(113,6),(114,6),(116,6),(117,6),(121,6),(125,6),(127,6),(136,6),(137,6),(139,6),(141,6),(150,6),(152,6),(156,6),(162,6),(166,6),(168,6),(175,6),(178,6),(180,6),(184,6),(185,6),(186,6),(197,6),(201,6),(208,6),(211,6),(10,7),(11,7),(28,7),(37,7),(42,7),(43,7),(49,7),(52,7),(53,7),(58,7),(60,7),(69,7),(80,7),(82,7),(95,7),(101,7),(103,7),(104,7),(106,7),(108,7),(110,7),(112,7),(116,7),(128,7),(129,7),(132,7),(141,7),(153,7),(158,7),(163,7),(166,7),(168,7),(172,7),(175,7),(182,7),(184,7),(191,7),(194,7),(196,7),(198,7),(1,8),(5,8),(6,8),(8,8),(16,8),(18,8),(33,8),(49,8),(52,8),(53,8),(54,8),(57,8),(58,8),(59,8),(60,8),(61,8),(63,8),(64,8),(68,8),(71,8),(74,8),(76,8),(77,8),(79,8),(80,8),(84,8),(86,8),(87,8),(89,8),(90,8),(93,8),(94,8),(99,8),(100,8),(101,8),(107,8),(112,8),(115,8),(120,8),(121,8),(125,8),(128,8),(135,8),(136,8),(139,8),(140,8),(145,8),(147,8),(150,8),(152,8),(154,8),(155,8),(165,8),(168,8),(171,8),(173,8),(174,8),(177,8),(180,8),(184,8),(187,8),(190,8),(191,8),(192,8),(199,8),(201,8),(202,8),(3,9),(9,9),(17,9),(30,9),(36,9),(43,9),(51,9),(57,9),(58,9),(60,9),(66,9),(68,9),(69,9),(78,9),(79,9),(83,9),(84,9),(86,9),(89,9),(90,9),(97,9),(124,9),(144,9),(145,9),(147,9),(153,9),(162,9),(167,9),(171,9),(172,9),(182,9),(195,9),(196,9),(200,9),(11,10),(16,10),(17,10),(18,10),(54,10),(69,10),(78,10),(83,10),(84,10),(86,10),(93,10),(105,10),(106,10),(108,10),(115,10),(124,10),(132,10),(142,10),(152,10),(155,10),(156,10),(159,10),(164,10),(169,10),(176,10),(178,10),(182,10),(190,10),(193,10),(196,10),(203,10),(209,10),(10,11),(25,11),(34,11),(44,11),(53,11),(62,11),(74,11),(96,11),(104,11),(114,11),(133,11),(135,11),(201,11),(208,11),(3,12),(18,12),(48,12),(51,12),(52,12),(53,12),(55,12),(60,12),(66,12),(71,12),(76,12),(78,12),(81,12),(83,12),(87,12),(90,12),(92,12),(94,12),(101,12),(104,12),(108,12),(114,12),(116,12),(122,12),(126,12),(136,12),(140,12),(147,12),(166,12),(175,12),(193,12),(197,12),(6,13),(9,13),(10,13),(11,13),(24,13),(33,13),(38,13),(42,13),(46,13),(48,13),(49,13),(50,13),(56,13),(57,13),(63,13),(69,13),(78,13),(98,13),(101,13),(104,13),(105,13),(107,13),(111,13),(115,13),(116,13),(124,13),(136,13),(139,13),(150,13),(152,13),(156,13),(163,13),(166,13),(170,13),(171,13),(176,13),(185,13),(186,13),(207,13),(7,14),(13,14),(17,14),(19,14),(23,14),(25,14),(33,14),(37,14),(41,14),(49,14),(55,14),(77,14),(80,14),(85,14),(90,14),(91,14),(102,14),(106,14),(109,14),(120,14),(123,14),(129,14),(130,14),(132,14),(133,14),(135,14),(138,14),(143,14),(146,14),(155,14),(163,14),(165,14),(166,14),(167,14),(170,14),(178,14),(186,14),(189,14),(195,14),(197,14),(203,14),(211,14),(3,15),(8,15),(11,15),(13,15),(14,15),(35,15),(42,15),(43,15),(47,15),(56,15),(68,15),(108,15),(111,15),(119,15),(137,15),(152,15),(155,15),(165,15),(166,15),(172,15),(198,15),(4,16),(14,16),(26,16),(28,16),(36,16),(41,16),(49,16),(51,16),(54,16),(56,16),(57,16),(87,16),(105,16),(106,16),(112,16),(116,16),(136,16),(139,16),(161,16),(162,16),(166,16),(169,16),(172,16),(173,16),(192,16),(196,16),(200,16),(2,17),(5,17),(9,17),(11,17),(20,17),(22,17),(23,17),(28,17),(33,17),(36,17),(54,17),(61,17),(70,17),(76,17),(77,17),(88,17),(89,17),(103,17),(105,17),(113,17),(114,17),(133,17),(136,17),(140,17),(155,17),(156,17),(159,17),(161,17),(164,17),(165,17),(171,17),(174,17),(181,17),(184,17),(185,17),(186,17),(213,17),(4,18),(16,18),(24,18),(43,18),(53,18),(64,18),(68,18),(95,18),(117,18),(119,18),(136,18),(144,18),(169,18),(200,18),(1,19),(4,19),(12,19),(14,19),(19,19),(22,19),(35,19),(50,19),(66,19),(73,19),(74,19),(95,19),(99,19),(114,19),(131,19),(132,19),(136,19),(139,19),(167,19),(175,19),(182,19),(185,19),(191,19),(207,19),(9,20),(14,20),(60,20),(74,20),(89,20),(90,20),(107,20),(132,20),(146,20),(171,20),(180,20),(186,20),(188,20),(191,20);

REPLACE INTO `Erogazione` (Timestamp, Edizione, Utente, IP, InizioConnessione, InizioErogazione, Server) VALUES ('2023-09-10 12:12:00',11,'adriabp5w',62364199,'2023-09-10 12:09:14','2023-09-10 12:12:00',6),('2023-09-10 12:13:34',112,'adriabp5w',62364199,'2023-09-10 12:09:14','2023-09-10 12:13:34',16),('2023-09-10 12:14:59',69,'adriabp5w',62364199,'2023-09-10 12:09:14','2023-09-10 12:14:59',13),('2023-09-10 12:15:32',9,'adriabp5w',62364199,'2023-09-10 12:09:14','2023-09-10 12:15:32',15),('2023-09-10 12:17:49',22,'adriabp5w',62364199,'2023-09-10 12:09:14','2023-09-10 12:17:49',9),('2023-09-10 12:17:53',99,'adriabp5w',62364199,'2023-09-10 12:09:14','2023-09-10 12:17:53',13),('2023-09-10 12:18:27',63,'adriabp5w',62364199,'2023-09-10 12:09:14','2023-09-10 12:18:27',12),('2023-09-10 12:20:33',70,'adriabp5w',62364199,'2023-09-10 12:09:14','2023-09-10 12:20:33',17),('2023-09-10 12:22:57',65,'adriabp5w',62364199,'2023-09-10 12:09:14','2023-09-10 12:22:57',19),('2023-09-10 12:23:02',7,'adriabp5w',62364199,'2023-09-10 12:09:14','2023-09-10 12:23:02',13);

REPLACE INTO IPRange (Inizio, Fine, Paese, DataInizio) VALUES
(16777216,16888322,'AD','2013-12-01 06:45:22'),
(16888323,16999429,'AE','2013-12-01 06:45:22'),
(16999430,17110537,'AF','2013-12-01 06:45:22'),
(17110538,17221644,'AG','2013-12-01 06:45:22'),
(17221645,17332751,'AI','2013-12-01 06:45:22'),
(17332752,17443859,'AL','2013-12-01 06:45:22'),
(17443860,17554966,'AM','2013-12-01 06:45:22'),
(17554967,17666074,'AO','2013-12-01 06:45:22'),
(17666075,17777181,'AQ','2013-12-01 06:45:22'),
(17777182,17888288,'AR','2013-12-01 06:45:22'),
(17888289,17999396,'AT','2013-12-01 06:45:22'),
(17999397,18110503,'AU','2013-12-01 06:45:22'),
(18110504,18221611,'AZ','2013-12-01 06:45:22'),
(18221612,18332718,'BA','2013-12-01 06:45:22'),
(18332719,18443825,'BB','2013-12-01 06:45:22'),
(18443826,18554933,'BD','2013-12-01 06:45:22'),
(18554934,18666040,'BE','2013-12-01 06:45:22'),
(18666041,18777148,'BF','2013-12-01 06:45:22'),
(18777149,18888255,'BG','2013-12-01 06:45:22'),
(18888256,18999362,'BO','2013-12-01 06:45:22'),
(18999363,19110470,'BR','2013-12-01 06:45:22'),
(19110471,19221577,'BS','2013-12-01 06:45:22'),
(19221578,19332684,'BT','2013-12-01 06:45:22'),
(19332685,19443792,'BV','2013-12-01 06:45:22'),
(19443793,19554899,'BW','2013-12-01 06:45:22'),
(19554900,19666007,'BY','2013-12-01 06:45:22'),
(19666008,19777114,'BZ','2013-12-01 06:45:22'),
(19777115,19888221,'CA','2013-12-01 06:45:22'),
(19888222,19999329,'CF','2013-12-01 06:45:22'),
(19999330,20110436,'CH','2013-12-01 06:45:22'),
(20110437,20221544,'CK','2013-12-01 06:45:22'),
(20221545,20332651,'CL','2013-12-01 06:45:22'),
(20332652,20443758,'CM','2013-12-01 06:45:22'),
(20443759,20554866,'CN','2013-12-01 06:45:22'),
(20554867,20665973,'CO','2013-12-01 06:45:22'),
(20665974,20777081,'CR','2013-12-01 06:45:22'),
(20777082,20888188,'CU','2013-12-01 06:45:22'),
(20888189,20999295,'CY','2013-12-01 06:45:22'),
(20999296,21110403,'CZ','2013-12-01 06:45:22'),
(21110404,21221510,'DZ','2013-12-01 06:45:22'),
(21221511,21332618,'EC','2013-12-01 06:45:22'),
(21332619,21443725,'EE','2013-12-01 06:45:22'),
(21443726,21554832,'EG','2013-12-01 06:45:22'),
(21554833,21665940,'ER','2013-12-01 06:45:22'),
(21665941,21777047,'ES','2013-12-01 06:45:22'),
(21777048,21888154,'ET','2013-12-01 06:45:22'),
(21888155,21999262,'FI','2013-12-01 06:45:22'),
(21999263,22110369,'FO','2013-12-01 06:45:22'),
(22110370,22221477,'FR','2013-12-01 06:45:22'),
(22221478,22332584,'GA','2013-12-01 06:45:22'),
(22332585,22443691,'GB','2013-12-01 06:45:22'),
(22443692,22554799,'GD','2013-12-01 06:45:22'),
(22554800,22665906,'GE','2013-12-01 06:45:22'),
(22665907,22777014,'GF','2013-12-01 06:45:22'),
(22777015,22888121,'GG','2013-12-01 06:45:22'),
(22888122,22999228,'GH','2013-12-01 06:45:22'),
(22999229,23110336,'GI','2013-12-01 06:45:22'),
(23110337,23221443,'GL','2013-12-01 06:45:22'),
(23221444,23332551,'GM','2013-12-01 06:45:22'),
(23332552,23443658,'GR','2013-12-01 06:45:22'),
(23443659,23554765,'GY','2013-12-01 06:45:22'),
(23554766,23665873,'GZ','2013-12-01 06:45:22'),
(23665874,23776980,'HK','2013-12-01 06:45:22'),
(23776981,23888088,'ID','2013-12-01 06:45:22'),
(23888089,23999195,'IE','2013-12-01 06:45:22'),
(23999196,24110302,'IL','2013-12-01 06:45:22'),
(24110303,24221410,'IQ','2013-12-01 06:45:22'),
(24221411,24332517,'IR','2013-12-01 06:45:22'),
(24332518,24443624,'IS','2013-12-01 06:45:22'),
(24443625,24554732,'KH','2013-12-01 06:45:22'),
(24554733,24665839,'KP','2013-12-01 06:45:22'),
(24665840,24776947,'KR','2013-12-01 06:45:22'),
(24776948,24888054,'KW','2013-12-01 06:45:22'),
(24888055,24999161,'KZ','2013-12-01 06:45:22'),
(24999162,25110269,'LA','2013-12-01 06:45:22'),
(25110270,25221376,'LB','2013-12-01 06:45:22'),
(25221377,25332484,'LI','2013-12-01 06:45:22'),
(25332485,25443591,'LK','2013-12-01 06:45:22'),
(25443592,25554698,'LR','2013-12-01 06:45:22'),
(25554699,25665806,'LS','2013-12-01 06:45:22'),
(25665807,25776913,'LT','2013-12-01 06:45:22'),
(25776914,25888021,'LU','2013-12-01 06:45:22'),
(25888022,25999128,'LV','2013-12-01 06:45:22'),
(25999129,26110235,'LY','2013-12-01 06:45:22'),
(26110236,26221343,'MA','2013-12-01 06:45:22'),
(26221344,26332450,'MC','2013-12-01 06:45:22'),
(26332451,26443557,'MD','2013-12-01 06:45:22'),
(26443558,26554665,'ME','2013-12-01 06:45:22'),
(26554666,26665772,'MG','2013-12-01 06:45:22'),
(26665773,26776880,'MH','2013-12-01 06:45:22'),
(26776881,26887987,'MK','2013-12-01 06:45:22'),
(26887988,26999094,'ML','2013-12-01 06:45:22'),
(26999095,27110202,'MM','2013-12-01 06:45:22'),
(27110203,27221309,'MN','2013-12-01 06:45:22'),
(27221310,27332417,'MY','2013-12-01 06:45:22'),
(27332418,27443524,'MZ','2013-12-01 06:45:22'),
(27443525,27554631,'NI','2013-12-01 06:45:22'),
(27554632,27665739,'NL','2013-12-01 06:45:22'),
(27665740,27776846,'NO','2013-12-01 06:45:22'),
(27776847,27887954,'NP','2013-12-01 06:45:22'),
(27887955,27999061,'NR','2013-12-01 06:45:22'),
(27999062,28110168,'NU','2013-12-01 06:45:22'),
(28110169,28221276,'NZ','2013-12-01 06:45:22'),
(28221277,28332383,'OM','2013-12-01 06:45:22'),
(28332384,28443491,'PA','2013-12-01 06:45:22'),
(28443492,28554598,'PE','2013-12-01 06:45:22'),
(28554599,28665705,'PF','2013-12-01 06:45:22'),
(28665706,28776813,'PG','2013-12-01 06:45:22'),
(28776814,28887920,'PH','2013-12-01 06:45:22'),
(28887921,28999027,'PK','2013-12-01 06:45:22'),
(28999028,29110135,'PL','2013-12-01 06:45:22'),
(29110136,29221242,'PY','2013-12-01 06:45:22'),
(29221243,29332350,'QA','2013-12-01 06:45:22'),
(29332351,29443457,'RE','2013-12-01 06:45:22'),
(29443458,29554564,'RO','2013-12-01 06:45:22'),
(29554565,29665672,'RS','2013-12-01 06:45:22'),
(29665673,29776779,'RU','2013-12-01 06:45:22'),
(29776780,29887887,'RW','2013-12-01 06:45:22'),
(29887888,29998994,'SA','2013-12-01 06:45:22'),
(29998995,30110101,'SB','2013-12-01 06:45:22'),
(30110102,30221209,'SC','2013-12-01 06:45:22'),
(30221210,30332316,'SD','2013-12-01 06:45:22'),
(30332317,30443424,'SE','2013-12-01 06:45:22'),
(30443425,30554531,'SG','2013-12-01 06:45:22'),
(30554532,30665638,'SH','2013-12-01 06:45:22'),
(30665639,30776746,'SI','2013-12-01 06:45:22'),
(30776747,30887853,'SK','2013-12-01 06:45:22'),
(30887854,30998961,'SL','2013-12-01 06:45:22'),
(30998962,31110068,'SN','2013-12-01 06:45:22'),
(31110069,31221175,'SO','2013-12-01 06:45:22'),
(31221176,31332283,'SR','2013-12-01 06:45:22'),
(31332284,31443390,'TR','2013-12-01 06:45:22'),
(31443391,31554497,'UA','2013-12-01 06:45:22'),
(31554498,31665605,'UG','2013-12-01 06:45:22'),
(31665606,31776712,'UY','2013-12-01 06:45:22'),
(31776713,31887820,'UZ','2013-12-01 06:45:22'),
(31887821,31998927,'VA','2013-12-01 06:45:22'),
(31998928,32110034,'VC','2013-12-01 06:45:22'),
(32110035,32221142,'VE','2013-12-01 06:45:22'),
(32221143,32332249,'VG','2013-12-01 06:45:22'),
(32332250,32443357,'VI','2013-12-01 06:45:22'),
(32443358,32554464,'VN','2013-12-01 06:45:22'),
(32554465,32665571,'VU','2013-12-01 06:45:22'),
(32665572,32776679,'WF','2013-12-01 06:45:22'),
(32776680,32887786,'WS','2013-12-01 06:45:22'),
(32887787,32998894,'XK','2013-12-01 06:45:22'),
(32998895,33110001,'YE','2013-12-01 06:45:22'),
(33110002,33221108,'YT','2013-12-01 06:45:22'),
(33221109,33332216,'ZA','2013-12-01 06:45:22'),
(33332217,33443323,'ZM','2013-12-01 06:45:22'),
(33443324,33554431,'ZW','2013-12-01 06:45:22'),
(33554432,1454025385,'US','2013-12-01 06:45:22'),
(1454025386,2874496340,'IT','2013-12-01 06:45:22'),
(2874496341,4294967295,'DE','2013-12-01 06:45:22');
